0.0000000000000000
0.0022477439920054
0.0000000000000000
0.0023799642268293
0.0000000000000000
0.0025121844616531
0.0000000000000000
0.0026444046964769
0.0000000000000000
0.0027766249313008
0.0000000000000000
0.0029088451661246
0.0000000000000000
0.0030410654009485
0.0000000000000000
0.0031732856357723
0.0000000000000000
0.0033055058705962
0.0000000000000000
0.0034377261054200
0.0000000000000000
0.0035699463402439
0.0000000000000000
0.0037021665750677
0.0000000000000000
0.0038343868098916
0.0000000000000000
0.0039666070447154
0.0000000000000000
0.0040988272795393
0.0000000000000000
0.0042310475143631
0.0000000000000000
0.0043632677491870
0.0000000000000000
0.0044954879840108
0.0000000000000000
0.0046277082188347
0.0000000000000000
0.0047599284536585
0.0000000000000000
0.0048921486884824
0.0000000000000000
0.0050243689233062
0.0000000000000000
0.0051565891581301
0.0000000000000000
0.0052888093929539
0.0000000000000000
0.0054210296277777
0.0000000000000000
0.0055532498626016
0.0000000000000000
0.0056854700974254
0.0000000000000000
0.0058176903322493
0.0000000000000000
0.0059499105670731
0.0000000000000000
0.0060821308018970
0.0000000000000000
0.0062143510367208
0.0000000000000000
0.0063465712715447
0.0000000000000000
0.0064787915063685
0.0000000000000000
0.0066110117411924
0.0000000000000000
0.0067432319760162
0.0000000000000000
0.0068754522108401
0.0000000000000000
0.0070076724456639
0.0000000000000000
0.0071398926804878
0.0000000000000000
0.0072721129153116
0.0000000000000000
0.0074043331501355
0.0000000000000000
0.0075365533849593
0.0000000000000000
0.0076687736197832
0.0000000000000000
0.0078009938546070
0.0000000000000000
0.0079332140894308
0.0000000000000000
0.0080654343242547
0.0000000000000000
0.0081976545590785
0.0000000000000000
0.0083298747939024
0.0000000000000000
0.0084620950287262
0.0000000000000000
0.0085943152635501
0.0000000000000000
0.0087265354983739
0.0043631016093209
0.0067425472914219
0.0046275320098858
0.0071391677203290
0.0048919624104507
0.0075357881492362
0.0051563928110156
0.0079324085781434
0.0054208232115805
0.0083290290070505
0.0056852536121454
0.0087256494359577
0.0059496840127103
0.0091222698648649
0.0062141144132752
0.0095188902937721
0.0064785448138401
0.0099155107226792
0.0067429752144050
0.0103121311515864
0.0070074056149699
0.0107087515804936
0.0072718360155348
0.0111053720094007
0.0075362664160997
0.0115019924383079
0.0078006968166646
0.0118986128672151
0.0080651272172295
0.0122952332961222
0.0083295576177944
0.0126918537250294
0.0085939880183593
0.0130884741539366
0.0088584184189242
0.0134850945828437
0.0091228488194891
0.0138817150117509
0.0093872792200540
0.0142783354406581
0.0096517096206189
0.0146749558695653
0.0099161400211838
0.0150715762984724
0.0101805704217487
0.0154681967273796
0.0104450008223136
0.0158648171562868
0.0107094312228785
0.0162614375851939
0.0109738616234434
0.0166580580141011
0.0112382920240083
0.0170546784430083
0.0115027224245732
0.0174512988719154
0.0117671528251381
0.0178479193008226
0.0120315832257030
0.0182445397297298
0.0122960136262679
0.0186411601586369
0.0125604440268328
0.0190377805875441
0.0128248744273977
0.0194344010164513
0.0130893048279626
0.0198310214453584
0.0133537352285275
0.0202276418742656
0.0136181656290924
0.0206242623031728
0.0138825960296573
0.0210208827320800
0.0141470264302222
0.0214175031609871
0.0144114568307871
0.0218141235898943
0.0146758872313520
0.0222107440188015
0.0149403176319169
0.0226073644477086
0.0152047480324818
0.0230039848766158
0.0154691784330467
0.0234006053055230
0.0157336088336117
0.0237972257344301
0.0159980392341766
0.0241938461633373
0.0162624696347415
0.0245904665922445
0.0165269000353064
0.0249870870211516
0.0167913304358713
0.0253837074500588
0.0170557608364362
0.0257803278789660
0.0173201912370011
0.0261769483078732
0.0087248741756252
0.0112352967456168
0.0092536544286934
0.0118961965541825
0.0097824346817616
0.0125570963627482
0.0103112149348298
0.0132179961713139
0.0108399951878980
0.0138788959798796
0.0113687754409662
0.0145397957884453
0.0118975556940344
0.0152006955970110
0.0124263359471026
0.0158615954055767
0.0129551162001708
0.0165224952141424
0.0134838964532390
0.0171833950227081
0.0140126767063072
0.0178442948312738
0.0145414569593754
0.0185051946398395
0.0150702372124436
0.0191660944484052
0.0155990174655118
0.0198269942569709
0.0161277977185800
0.0204878940655366
0.0166565779716482
0.0211487938741023
0.0171853582247164
0.0218096936826680
0.0177141384777846
0.0224705934912337
0.0182429187308528
0.0231314932997994
0.0187716989839210
0.0237923931083651
0.0193004792369892
0.0244532929169308
0.0198292594900574
0.0251141927254965
0.0203580397431256
0.0257750925340622
0.0208868199961938
0.0264359923426279
0.0214156002492620
0.0270968921511936
0.0219443805023302
0.0277577919597593
0.0224731607553984
0.0284186917683250
0.0230019410084666
0.0290795915768907
0.0235307212615347
0.0297404913854564
0.0240595015146029
0.0304013911940221
0.0245882817676711
0.0310622910025878
0.0251170620207393
0.0317231908111535
0.0256458422738075
0.0323840906197192
0.0261746225268757
0.0330449904282848
0.0267034027799439
0.0337058902368505
0.0272321830330121
0.0343667900454162
0.0277609632860803
0.0350276898539819
0.0282897435391485
0.0356885896625476
0.0288185237922167
0.0363494894711133
0.0293473040452849
0.0370103892796790
0.0298760842983531
0.0376712890882447
0.0304048645514213
0.0383321888968104
0.0309336448044895
0.0389930887053761
0.0314624250575577
0.0396539885139418
0.0319912053106259
0.0403148883225075
0.0325199855636941
0.0409757881310732
0.0330487658167623
0.0416366879396389
0.0335775460698305
0.0422975877482046
0.0341063263228987
0.0429584875567703
0.0346351065759669
0.0436193873653360
0.0130839890607360
0.0157246238195843
0.0138769580947200
0.0166496016913246
0.0146699271287040
0.0175745795630649
0.0154628961626880
0.0184995574348051
0.0162558651966719
0.0194245353065454
0.0170488342306559
0.0203495131782856
0.0178418032646399
0.0212744910500259
0.0186347722986239
0.0221994689217661
0.0194277413326079
0.0231244467935064
0.0202207103665919
0.0240494246652466
0.0210136794005759
0.0249744025369869
0.0218066484345599
0.0258993804087272
0.0225996174685439
0.0268243582804674
0.0233925865025279
0.0277493361522077
0.0241855555365119
0.0286743140239479
0.0249785245704959
0.0295992918956882
0.0257714936044799
0.0305242697674284
0.0265644626384639
0.0314492476391687
0.0273574316724479
0.0323742255109089
0.0281504007064319
0.0332992033826492
0.0289433697404159
0.0342241812543895
0.0297363387743999
0.0351491591261297
0.0305293078083839
0.0360741369978700
0.0313222768423679
0.0369991148696102
0.0321152458763519
0.0379240927413505
0.0329082149103359
0.0388490706130907
0.0337011839443199
0.0397740484848310
0.0344941529783039
0.0406990263565713
0.0352871220122879
0.0416240042283115
0.0360800910462719
0.0425489821000518
0.0368730600802559
0.0434739599717920
0.0376660291142399
0.0443989378435323
0.0384589981482239
0.0453239157152725
0.0392519671822079
0.0462488935870128
0.0400449362161919
0.0471738714587530
0.0408379052501759
0.0480988493304933
0.0416308742841599
0.0490238272022336
0.0424238433181439
0.0499488050739738
0.0432168123521279
0.0508737829457141
0.0440097813861119
0.0517987608174543
0.0448027504200959
0.0527237386891946
0.0455957194540799
0.0536487165609348
0.0463886884880639
0.0545736944326751
0.0471816575220479
0.0554986723044153
0.0479746265560319
0.0564236501761556
0.0487675955900159
0.0573486280478959
0.0495605646239998
0.0582736059196361
0.0503535336579838
0.0591985837913764
0.0511465026919678
0.0601235616631166
0.0519394717259518
0.0610485395348569
0.0174391184360313
0.0202091610208085
0.0184960347048817
0.0213979351985032
0.0195529509737321
0.0225867093761978
0.0206098672425825
0.0237754835538924
0.0216667835114329
0.0249642577315870
0.0227236997802832
0.0261530319092817
0.0237806160491336
0.0273418060869763
0.0248375323179840
0.0285305802646709
0.0258944485868344
0.0297193544423655
0.0269513648556848
0.0309081286200601
0.0280082811245352
0.0320969027977547
0.0290651973933855
0.0332856769754494
0.0301221136622359
0.0344744511531440
0.0311790299310863
0.0356632253308386
0.0322359461999367
0.0368519995085332
0.0332928624687871
0.0380407736862279
0.0343497787376375
0.0392295478639225
0.0354066950064878
0.0404183220416171
0.0364636112753382
0.0416070962193117
0.0375205275441886
0.0427958703970063
0.0385774438130390
0.0439846445747009
0.0396343600818894
0.0451734187523956
0.0406912763507398
0.0463621929300902
0.0417481926195901
0.0475509671077848
0.0428051088884405
0.0487397412854794
0.0438620251572909
0.0499285154631741
0.0449189414261413
0.0511172896408687
0.0459758576949917
0.0523060638185633
0.0470327739638421
0.0534948379962579
0.0480896902326924
0.0546836121739525
0.0491466065015428
0.0558723863516472
0.0502035227703932
0.0570611605293418
0.0512604390392436
0.0582499347070364
0.0523173553080940
0.0594387088847310
0.0533742715769444
0.0606274830624256
0.0544311878457947
0.0618162572401203
0.0554881041146451
0.0630050314178149
0.0565450203834955
0.0641938055955095
0.0576019366523459
0.0653825797732041
0.0586588529211963
0.0665713539508987
0.0597157691900467
0.0677601281285934
0.0607726854588970
0.0689489023062880
0.0618296017277474
0.0701376764839826
0.0628865179965978
0.0713264506616772
0.0639434342654482
0.0725152248393719
0.0650003505342986
0.0737039990170665
0.0660572668031490
0.0748927731947611
0.0671141830719993
0.0760815473724557
0.0681710993408497
0.0772703215501503
0.0692280156097001
0.0784590957278449
0.0217889356869145
0.0246875423158153
0.0231094772436972
0.0261397506873338
0.0244300188004799
0.0275919590588524
0.0257505603572626
0.0290441674303709
0.0270711019140453
0.0304963758018894
0.0283916434708280
0.0319485841734080
0.0297121850276107
0.0334007925449265
0.0310327265843934
0.0348530009164451
0.0323532681411761
0.0363052092879636
0.0336738096979588
0.0377574176594822
0.0349943512547415
0.0392096260310007
0.0363148928115242
0.0406618344025193
0.0376354343683069
0.0421140427740378
0.0389559759250896
0.0435662511455564
0.0402765174818723
0.0450184595170749
0.0415970590386550
0.0464706678885934
0.0429176005954377
0.0479228762601120
0.0442381421522204
0.0493750846316305
0.0455586837090031
0.0508272930031491
0.0468792252657858
0.0522795013746676
0.0481997668225685
0.0537317097461862
0.0495203083793512
0.0551839181177047
0.0508408499361339
0.0566361264892233
0.0521613914929166
0.0580883348607418
0.0534819330496993
0.0595405432322604
0.0548024746064820
0.0609927516037789
0.0561230161632647
0.0624449599752974
0.0574435577200474
0.0638971683468160
0.0587640992768301
0.0653493767183345
0.0600846408336128
0.0668015850898531
0.0614051823903955
0.0682537934613716
0.0627257239471782
0.0697060018328902
0.0640462655039609
0.0711582102044087
0.0653668070607436
0.0726104185759273
0.0666873486175263
0.0740626269474458
0.0680078901743090
0.0755148353189643
0.0693284317310917
0.0769670436904829
0.0706489732878744
0.0784192520620014
0.0719695148446571
0.0798714604335200
0.0732900564014398
0.0813236688050385
0.0746105979582225
0.0827758771765571
0.0759311395150052
0.0842280855480756
0.0772516810717879
0.0856802939195942
0.0785722226285706
0.0871325022911127
0.0798927641853533
0.0885847106626313
0.0812133057421360
0.0900369190341498
0.0825338472989187
0.0914891274056683
0.0838543888557014
0.0929413357771869
0.0851749304124841
0.0943935441487054
0.0864954719692668
0.0958457525202240
0.0261321158169134
0.0291584035462790
0.0277158804118778
0.0308736037548836
0.0292996450068423
0.0325888039634883
0.0308834096018067
0.0343040041720930
0.0324671741967712
0.0360192043806976
0.0340509387917356
0.0377344045893022
0.0356347033867001
0.0394496047979069
0.0372184679816645
0.0411648050065115
0.0388022325766289
0.0428800052151162
0.0403859971715934
0.0445952054237208
0.0419697617665578
0.0463104056323255
0.0435535263615223
0.0480256058409301
0.0451372909564867
0.0497408060495348
0.0467210555514512
0.0514560062581394
0.0483048201464156
0.0531712064667441
0.0498885847413801
0.0548864066753487
0.0514723493363445
0.0566016068839534
0.0530561139313090
0.0583168070925580
0.0546398785262734
0.0600320073011627
0.0562236431212378
0.0617472075097673
0.0578074077162023
0.0634624077183719
0.0593911723111667
0.0651776079269766
0.0609749369061312
0.0668928081355813
0.0625587015010956
0.0686080083441859
0.0641424660960601
0.0703232085527905
0.0657262306910245
0.0720384087613952
0.0673099952859890
0.0737536089699998
0.0688937598809534
0.0754688091786045
0.0704775244759179
0.0771840093872091
0.0720612890708823
0.0788992095958138
0.0736450536658468
0.0806144098044184
0.0752288182608112
0.0823296100130231
0.0768125828557757
0.0840448102216277
0.0783963474507401
0.0857600104302324
0.0799801120457045
0.0874752106388370
0.0815638766406690
0.0891904108474417
0.0831476412356334
0.0909056110560463
0.0847314058305979
0.0926208112646510
0.0863151704255623
0.0943360114732556
0.0878989350205268
0.0960512116818602
0.0894826996154912
0.0977664118904649
0.0910664642104557
0.0994816120990695
0.0926502288054201
0.1011968123076742
0.0942339934003846
0.1029120125162788
0.0958177579953490
0.1046272127248835
0.0974015225903135
0.1063424129334881
0.0989852871852779
0.1080576131420928
0.1005690517802424
0.1097728133506974
0.1021528163752068
0.1114880135593021
0.1037365809701712
0.1132032137679067
0.0304673358512869
0.0336203828445587
0.0323138410543952
0.0355980524236504
0.0341603462575035
0.0375757220027421
0.0360068514606118
0.0395533915818338
0.0378533566637200
0.0415310611609255
0.0396998618668283
0.0435087307400172
0.0415463670699366
0.0454864003191089
0.0433928722730449
0.0474640698982006
0.0452393774761532
0.0494417394772923
0.0470858826792615
0.0514194090563840
0.0489323878823698
0.0533970786354757
0.0507788930854781
0.0553747482145673
0.0526253982885864
0.0573524177936590
0.0544719034916947
0.0593300873727507
0.0563184086948030
0.0613077569518424
0.0581649138979113
0.0632854265309341
0.0600114191010196
0.0652630961100258
0.0618579243041279
0.0672407656891175
0.0637044295072362
0.0692184352682092
0.0655509347103445
0.0711961048473009
0.0673974399134528
0.0731737744263926
0.0692439451165611
0.0751514440054842
0.0710904503196694
0.0771291135845760
0.0729369555227777
0.0791067831636676
0.0747834607258860
0.0810844527427593
0.0766299659289943
0.0830621223218510
0.0784764711321025
0.0850397919009427
0.0803229763352108
0.0870174614800344
0.0821694815383191
0.0889951310591261
0.0840159867414274
0.0909728006382178
0.0858624919445357
0.0929504702173095
0.0877089971476440
0.0949281397964012
0.0895555023507523
0.0969058093754929
0.0914020075538606
0.0988834789545845
0.0932485127569689
0.1008611485336762
0.0950950179600772
0.1028388181127679
0.0969415231631855
0.1048164876918596
0.0987880283662938
0.1067941572709513
0.1006345335694021
0.1087718268500430
0.1024810387725104
0.1107494964291347
0.1043275439756187
0.1127271660082264
0.1061740491787270
0.1147048355873181
0.1080205543818353
0.1166825051664098
0.1098670595849436
0.1186601747455014
0.1117135647880519
0.1206378443245932
0.1135600699911602
0.1226155139036848
0.1154065751942684
0.1245931834827765
0.1172530803973767
0.1265708530618682
0.1190995856004850
0.1285485226409599
0.1209460908035933
0.1305261922200516
0.0347932752400164
0.0380721210485361
0.0369019585878961
0.0403116575808029
0.0390106419357759
0.0425511941130697
0.0411193252836557
0.0447907306453366
0.0432280086315355
0.0470302671776034
0.0453366919794153
0.0492698037098702
0.0474453753272950
0.0515093402421370
0.0495540586751748
0.0537488767744039
0.0516627420230546
0.0559884133066707
0.0537714253709344
0.0582279498389375
0.0558801087188142
0.0604674863712043
0.0579887920666939
0.0627070229034712
0.0600974754145737
0.0649465594357380
0.0622061587624535
0.0671860959680048
0.0643148421103333
0.0694256325002717
0.0664235254582130
0.0716651690325385
0.0685322088060928
0.0739047055648053
0.0706408921539726
0.0761442420970721
0.0727495755018524
0.0783837786293390
0.0748582588497322
0.0806233151616058
0.0769669421976119
0.0828628516938726
0.0790756255454917
0.0851023882261394
0.0811843088933715
0.0873419247584063
0.0832929922412513
0.0895814612906731
0.0854016755891311
0.0918209978229399
0.0875103589370108
0.0940605343552068
0.0896190422848906
0.0963000708874736
0.0917277256327704
0.0985396074197404
0.0938364089806502
0.1007791439520073
0.0959450923285300
0.1030186804842741
0.0980537756764097
0.1052582170165409
0.1001624590242895
0.1074977535488077
0.1022711423721693
0.1097372900810746
0.1043798257200491
0.1119768266133414
0.1064885090679289
0.1142163631456082
0.1085971924158086
0.1164558996778750
0.1107058757636884
0.1186954362101419
0.1128145591115682
0.1209349727424087
0.1149232424594480
0.1231745092746755
0.1170319258073278
0.1254140458069423
0.1191406091552075
0.1276535823392092
0.1212492925030873
0.1298931188714760
0.1233579758509671
0.1321326554037428
0.1254666591988469
0.1343721919360097
0.1275753425467267
0.1366117284682765
0.1296840258946065
0.1388512650005433
0.1317927092424862
0.1410908015328101
0.1339013925903660
0.1433303380650770
0.1360100759382458
0.1455698745973438
0.1381187592861255
0.1478094111296106
0.0391086162600577
0.0425122621156291
0.0414788354273339
0.0450129834165484
0.0438490545946102
0.0475137047174678
0.0462192737618864
0.0500144260183872
0.0485894929291626
0.0525151473193065
0.0509597120964388
0.0550158686202259
0.0533299312637151
0.0575165899211453
0.0557001504309913
0.0600173112220646
0.0580703695982675
0.0625180325229840
0.0604405887655437
0.0650187538239033
0.0628108079328200
0.0675194751248227
0.0651810271000962
0.0700201964257420
0.0675512462673724
0.0725209177266614
0.0699214654346486
0.0750216390275808
0.0722916846019249
0.0775223603285001
0.0746619037692011
0.0800230816294195
0.0770321229364773
0.0825238029303388
0.0794023421037535
0.0850245242312582
0.0817725612710298
0.0875252455321775
0.0841427804383060
0.0900259668330969
0.0865129996055822
0.0925266881340163
0.0888832187728584
0.0950274094349356
0.0912534379401347
0.0975281307358550
0.0936236571074109
0.1000288520367743
0.0959938762746871
0.1025295733376937
0.0983640954419634
0.1050302946386130
0.1007343146092396
0.1075310159395324
0.1031045337765158
0.1100317372404518
0.1054747529437920
0.1125324585413711
0.1078449721110683
0.1150331798422905
0.1102151912783445
0.1175339011432099
0.1125854104456207
0.1200346224441292
0.1149556296128969
0.1225353437450486
0.1173258487801732
0.1250360650459679
0.1196960679474494
0.1275367863468873
0.1220662871147256
0.1300375076478066
0.1244365062820018
0.1325382289487260
0.1268067254492781
0.1350389502496454
0.1291769446165543
0.1375396715505647
0.1315471637838305
0.1400403928514841
0.1339173829511067
0.1425411141524034
0.1362876021183830
0.1450418354533228
0.1386578212856592
0.1475425567542421
0.1410280404529354
0.1500432780551615
0.1433982596202116
0.1525439993560809
0.1457684787874879
0.1550447206570002
0.1481386979547641
0.1575454419579196
0.1505089171220403
0.1600461632588389
0.1528791362893165
0.1625468845597583
0.1552493554565928
0.1650476058606777
0.0434120444167326
0.0469394535358562
0.0460430774116861
0.0497005978614948
0.0486741104066396
0.0524617421871334
0.0513051434015931
0.0552228865127720
0.0539361763965465
0.0579840308384106
0.0565672093915000
0.0607451751640492
0.0591982423864535
0.0635063194896878
0.0618292753814070
0.0662674638153264
0.0644603083763605
0.0690286081409650
0.0670913413713140
0.0717897524666035
0.0697223743662675
0.0745508967922421
0.0723534073612210
0.0773120411178807
0.0749844403561745
0.0800731854435193
0.0776154733511280
0.0828343297691579
0.0802465063460815
0.0855954740947966
0.0828775393410349
0.0883566184204351
0.0855085723359884
0.0911177627460737
0.0881396053309419
0.0938789070717123
0.0907706383258954
0.0966400513973509
0.0934016713208489
0.0994011957229895
0.0960327043158024
0.1021623400486281
0.0986637373107559
0.1049234843742667
0.1012947703057094
0.1076846286999053
0.1039258033006629
0.1104457730255439
0.1065568362956163
0.1132069173511825
0.1091878692905698
0.1159680616768211
0.1118189022855233
0.1187292060024597
0.1144499352804768
0.1214903503280983
0.1170809682754303
0.1242514946537369
0.1197120012703838
0.1270126389793755
0.1223430342653373
0.1297737833050141
0.1249740672602908
0.1325349276306527
0.1276051002552443
0.1352960719562913
0.1302361332501978
0.1380572162819299
0.1328671662451512
0.1408183606075685
0.1354981992401047
0.1435795049332071
0.1381292322350582
0.1463406492588457
0.1407602652300117
0.1491017935844843
0.1433912982249652
0.1518629379101229
0.1460223312199187
0.1546240822357615
0.1486533642148722
0.1573852265614001
0.1512843972098257
0.1601463708870387
0.1539154302047792
0.1629075152126773
0.1565464631997326
0.1656686595383159
0.1591774961946862
0.1684298038639545
0.1618085291896396
0.1711909481895931
0.1644395621845931
0.1739520925152317
0.1670705951795466
0.1767132368408703
0.1697016281745001
0.1794743811665089
0.1723326611694536
0.1822355254921475
0.0477022488441362
0.0513523467438235
0.0505932942286293
0.0543730730228720
0.0534843396131224
0.0573937993019204
0.0563753849976155
0.0604145255809688
0.0592664303821086
0.0634352518600173
0.0621574757666017
0.0664559781390657
0.0650485211510948
0.0694767044181142
0.0679395665355879
0.0724974306971626
0.0708306119200810
0.0755181569762111
0.0737216573045741
0.0785388832552595
0.0766127026890672
0.0815596095343079
0.0795037480735603
0.0845803358133564
0.0823947934580534
0.0876010620924048
0.0852858388425465
0.0906217883714533
0.0881768842270396
0.0936425146505017
0.0910679296115327
0.0966632409295502
0.0939589749960258
0.0996839672085986
0.0968500203805190
0.1027046934876470
0.0997410657650121
0.1057254197666955
0.1026321111495052
0.1087461460457439
0.1055231565339983
0.1117668723247923
0.1084142019184914
0.1147875986038408
0.1113052473029845
0.1178083248828893
0.1141962926874776
0.1208290511619377
0.1170873380719707
0.1238497774409861
0.1199783834564638
0.1268705037200346
0.1228694288409569
0.1298912299990830
0.1257604742254500
0.1329119562781315
0.1286515196099431
0.1359326825571799
0.1315425649944362
0.1389534088362284
0.1344336103789293
0.1419741351152768
0.1373246557634224
0.1449948613943252
0.1402157011479155
0.1480155876733737
0.1431067465324086
0.1510363139524221
0.1459977919169017
0.1540570402314705
0.1488888373013948
0.1570777665105190
0.1517798826858879
0.1600984927895674
0.1546709280703810
0.1631192190686159
0.1575619734548741
0.1661399453476643
0.1604530188393672
0.1691606716267128
0.1633440642238603
0.1721813979057612
0.1662351096083534
0.1752021241848097
0.1691261549928465
0.1782228504638581
0.1720172003773396
0.1812435767429065
0.1749082457618328
0.1842643030219550
0.1777992911463258
0.1872850293010034
0.1806903365308190
0.1903057555800519
0.1835813819153121
0.1933264818591003
0.1864724272998051
0.1963472081381487
0.1893634726842983
0.1993679344171972
0.0519779227044398
0.0557495975295113
0.0551280998380422
0.0590289856194826
0.0582782769716447
0.0623083737094539
0.0614284541052471
0.0655877617994251
0.0645786312388495
0.0688671498893964
0.0677288083724519
0.0721465379793676
0.0708789855060543
0.0754259260693389
0.0740291626396567
0.0787053141593101
0.0771793397732592
0.0819847022492814
0.0803295169068616
0.0852640903392527
0.0834796940404640
0.0885434784292239
0.0866298711740664
0.0918228665191952
0.0897800483076688
0.0951022546091664
0.0929302254412712
0.0983816426991377
0.0960804025748736
0.1016610307891089
0.0992305797084761
0.1049404188790802
0.1023807568420785
0.1082198069690515
0.1055309339756809
0.1114991950590227
0.1086811111092833
0.1147785831489940
0.1118312882428857
0.1180579712389652
0.1149814653764881
0.1213373593289365
0.1181316425100905
0.1246167474189077
0.1212818196436930
0.1278961355088790
0.1244319967772954
0.1311755235988502
0.1275821739108978
0.1344549116888215
0.1307323510445002
0.1377342997787928
0.1338825281781026
0.1410136878687640
0.1370327053117050
0.1442930759587353
0.1401828824453074
0.1475724640487065
0.1433330595789098
0.1508518521386778
0.1464832367125123
0.1541312402286490
0.1496334138461147
0.1574106283186203
0.1527835909797171
0.1606900164085915
0.1559337681133195
0.1639694044985628
0.1590839452469219
0.1672487925885341
0.1622341223805243
0.1705281806785053
0.1653842995141268
0.1738075687684766
0.1685344766477292
0.1770869568584478
0.1716846537813316
0.1803663449484191
0.1748348309149340
0.1836457330383904
0.1779850080485364
0.1869251211283616
0.1811351851821388
0.1902045092183328
0.1842853623157412
0.1934838973083041
0.1874355394493437
0.1967632853982754
0.1905857165829461
0.2000426734882466
0.1937358937165485
0.2033220615782179
0.1968860708501509
0.2066014496681891
0.2000362479837533
0.2098808377581604
0.2031864251173557
0.2131602258481317
0.2063366022509581
0.2164396139381029
0.0562377635859663
0.0601298664477332
0.0596461128942066
0.0636669174152469
0.0630544622024470
0.0672039683827607
0.0664628115106874
0.0707410193502744
0.0698711608189278
0.0742780703177881
0.0732795101271681
0.0778151212853018
0.0766878594354085
0.0813521722528155
0.0800962087436489
0.0848892232203292
0.0835045580518893
0.0884262741878430
0.0869129073601297
0.0919633251553567
0.0903212566683700
0.0955003761228704
0.0937296059766104
0.0990374270903841
0.0971379552848508
0.1025744780578978
0.1005463045930912
0.1061115290254116
0.1039546539013316
0.1096485799929253
0.1073630032095719
0.1131856309604390
0.1107713525178123
0.1167226819279527
0.1141797018260527
0.1202597328954664
0.1175880511342931
0.1237967838629801
0.1209964004425334
0.1273338348304938
0.1244047497507738
0.1308708857980076
0.1278130990590142
0.1344079367655213
0.1312214483672546
0.1379449877330350
0.1346297976754950
0.1414820387005487
0.1380381469837353
0.1450190896680625
0.1414464962919757
0.1485561406355762
0.1448548456002161
0.1520931916030899
0.1482631949084565
0.1556302425706036
0.1516715442166969
0.1591672935381173
0.1550798935249373
0.1627043445056311
0.1584882428331776
0.1662413954731448
0.1618965921414180
0.1697784464406585
0.1653049414496584
0.1733154974081722
0.1687132907578988
0.1768525483756859
0.1721216400661391
0.1803895993431996
0.1755299893743795
0.1839266503107133
0.1789383386826199
0.1874637012782271
0.1823466879908603
0.1910007522457408
0.1857550372991006
0.1945378032132545
0.1891633866073410
0.1980748541807682
0.1925717359155814
0.2016119051482820
0.1959800852238218
0.2051489561157957
0.1993884345320621
0.2086860070833094
0.2027967838403025
0.2122230580508231
0.2062051331485429
0.2157601090183368
0.2096134824567833
0.2192971599858506
0.2130218317650237
0.2228342109533643
0.2164301810732641
0.2263712619208780
0.2198385303815044
0.2299083128883917
0.2232468796897448
0.2334453638559054
0.0604804738999169
0.0644918192261440
0.0641459571665786
0.0682854556512113
0.0678114404332402
0.0720790920762786
0.0714769236999018
0.0758727285013459
0.0751424069665635
0.0796663649264132
0.0788078902332251
0.0834600013514805
0.0824733734998867
0.0872536377765478
0.0861388567665484
0.0910472742016151
0.0898043400332100
0.0948409106266824
0.0934698232998716
0.0986345470517496
0.0971353065665333
0.1024281834768169
0.1008007898331949
0.1062218199018843
0.1044662730998565
0.1100154563269515
0.1081317563665181
0.1138090927520189
0.1117972396331798
0.1176027291770861
0.1154627228998414
0.1213963656021534
0.1191282061665030
0.1251900020272207
0.1227936894331647
0.1289836384522880
0.1264591726998263
0.1327772748773553
0.1301246559664880
0.1365709113024226
0.1337901392331496
0.1403645477274899
0.1374556224998112
0.1441581841525572
0.1411211057664729
0.1479518205776245
0.1447865890331345
0.1517454570026918
0.1484520722997961
0.1555390934277591
0.1521175555664577
0.1593327298528264
0.1557830388331194
0.1631263662778937
0.1594485220997810
0.1669200027029610
0.1631140053664427
0.1707136391280283
0.1667794886331043
0.1745072755530956
0.1704449718997659
0.1783009119781629
0.1741104551664275
0.1820945484032301
0.1777759384330892
0.1858881848282974
0.1814414216997508
0.1896818212533647
0.1851069049664124
0.1934754576784320
0.1887723882330740
0.1972690941034993
0.1924378714997357
0.2010627305285666
0.1961033547663973
0.2048563669536339
0.1997688380330590
0.2086500033787012
0.2034343212997206
0.2124436398037685
0.2070998045663822
0.2162372762288358
0.2107652878330439
0.2200309126539031
0.2144307710997055
0.2238245490789704
0.2180962543663671
0.2276181855040377
0.2217617376330288
0.2314118219291050
0.2254272208996904
0.2352054583541723
0.2290927041663520
0.2389990947792396
0.2327581874330137
0.2427927312043069
0.2364236706996753
0.2465863676293741
0.2400891539663369
0.2503800040544414
0.0647047612756302
0.0688341271716722
0.0686262619590017
0.0728831934758882
0.0725477626423732
0.0769322597801042
0.0764692633257448
0.0809813260843203
0.0803907640091163
0.0850303923885363
0.0843122646924878
0.0890794586927523
0.0882337653758593
0.0931285249969683
0.0921552660592309
0.0971775913011843
0.0960767667426024
0.1012266576054003
0.0999982674259739
0.1052757239096163
0.1039197681093454
0.1093247902138323
0.1078412687927170
0.1133738565180484
0.1117627694760885
0.1174229228222644
0.1156842701594600
0.1214719891264804
0.1196057708428316
0.1255210554306964
0.1235272715262031
0.1295701217349124
0.1274487722095746
0.1336191880391284
0.1313702728929461
0.1376682543433444
0.1352917735763177
0.1417173206475604
0.1392132742596892
0.1457663869517765
0.1431347749430607
0.1498154532559925
0.1470562756264322
0.1538645195602085
0.1509777763098038
0.1579135858644245
0.1548992769931753
0.1619626521686405
0.1588207776765468
0.1660117184728565
0.1627422783599183
0.1700607847770725
0.1666637790432899
0.1741098510812886
0.1705852797266614
0.1781589173855046
0.1745067804100330
0.1822079836897206
0.1784282810934045
0.1862570499939366
0.1823497817767760
0.1903061162981526
0.1862712824601475
0.1943551826023686
0.1901927831435190
0.1984042489065846
0.1941142838268906
0.2024533152108006
0.1980357845102621
0.2065023815150167
0.2019572851936336
0.2105514478192327
0.2058787858770051
0.2146005141234487
0.2098002865603767
0.2186495804276647
0.2137217872437482
0.2226986467318807
0.2176432879271197
0.2267477130360967
0.2215647886104913
0.2307967793403127
0.2254862892938628
0.2348458456445287
0.2294077899772343
0.2388949119487448
0.2333292906606058
0.2429439782529608
0.2372507913439774
0.2469930445571768
0.2411722920273489
0.2510421108613928
0.2450937927107204
0.2550911771656088
0.2490152933940919
0.2591402434698248
0.2529367940774634
0.2631893097740408
0.2568582947608350
0.2672383760782568
0.0689093389542498
0.0731554675752528
0.0730856625272346
0.0774587303737971
0.0772619861002194
0.0817619931723414
0.0814383096732043
0.0860652559708857
0.0856146332461891
0.0903685187694299
0.0897909568191740
0.0946717815679742
0.0939672803921588
0.0989750443665185
0.0981436039651436
0.1032783071650628
0.1023199275381285
0.1075815699636071
0.1064962511111133
0.1118848327621513
0.1106725746840981
0.1161880955606956
0.1148488982570830
0.1204913583592399
0.1190252218300678
0.1247946211577842
0.1232015454030527
0.1290978839563285
0.1273778689760375
0.1334011467548728
0.1315541925490223
0.1377044095534170
0.1357305161220072
0.1420076723519613
0.1399068396949920
0.1463109351505056
0.1440831632679768
0.1506141979490499
0.1482594868409617
0.1549174607475942
0.1524358104139465
0.1592207235461384
0.1566121339869313
0.1635239863446827
0.1607884575599162
0.1678272491432270
0.1649647811329010
0.1721305119417713
0.1691411047058859
0.1764337747403156
0.1733174282788707
0.1807370375388599
0.1774937518518555
0.1850403003374042
0.1816700754248404
0.1893435631359484
0.1858463989978252
0.1936468259344927
0.1900227225708100
0.1979500887330370
0.1941990461437949
0.2022533515315813
0.1983753697167797
0.2065566143301256
0.2025516932897646
0.2108598771286699
0.2067280168627494
0.2151631399272141
0.2109043404357342
0.2194664027257584
0.2150806640087190
0.2237696655243027
0.2192569875817039
0.2280729283228470
0.2234333111546887
0.2323761911213913
0.2276096347276736
0.2366794539199356
0.2317859583006584
0.2409827167184798
0.2359622818736432
0.2452859795170241
0.2401386054466281
0.2495892423155684
0.2443149290196129
0.2538925051141127
0.2484912525925977
0.2581957679126569
0.2526675761655826
0.2624990307112012
0.2568438997385674
0.2668022935097455
0.2610202233115522
0.2711055563082898
0.2651965468845371
0.2754088191068341
0.2693728704575219
0.2797120819053784
0.2735491940305068
0.2840153447039226
0.0730929261806842
0.0774545241147370
0.0775228004946650
0.0820106725920745
0.0819526748086459
0.0865668210694120
0.0863825491226268
0.0911229695467494
0.0908124234366076
0.0956791180240869
0.0952422977505885
0.1002352665014244
0.0996721720645694
0.1047914149787619
0.1041020463785502
0.1093475634560993
0.1085319206925311
0.1139037119334368
0.1129617950065119
0.1184598604107743
0.1173916693204928
0.1230160088881117
0.1218215436344737
0.1275721573654492
0.1262514179484545
0.1321283058427867
0.1306812922624354
0.1366844543201242
0.1351111665764163
0.1412406027974616
0.1395410408903971
0.1457967512747991
0.1439709152043780
0.1503528997521366
0.1484007895183588
0.1549090482294740
0.1528306638323397
0.1594651967068115
0.1572605381463205
0.1640213451841490
0.1616904124603014
0.1685774936614865
0.1661202867742822
0.1731336421388239
0.1705501610882631
0.1776897906161614
0.1749800354022440
0.1822459390934989
0.1794099097162248
0.1868020875708364
0.1838397840302057
0.1913582360481738
0.1882696583441865
0.1959143845255113
0.1926995326581674
0.2004705330028488
0.1971294069721483
0.2050266814801863
0.2015592812861292
0.2095828299575238
0.2059891556001100
0.2141389784348612
0.2104190299140909
0.2186951269121987
0.2148489042280717
0.2232512753895362
0.2192787785420526
0.2278074238668736
0.2237086528560334
0.2323635723442111
0.2281385271700143
0.2369197208215486
0.2325684014839952
0.2414758692988861
0.2369982757979760
0.2460320177762235
0.2414281501119569
0.2505881662535610
0.2458580244259377
0.2551443147308984
0.2502878987399186
0.2597004632082359
0.2547177730538995
0.2642566116855734
0.2591476473678803
0.2688127601629108
0.2635775216818612
0.2733689086402483
0.2680073959958421
0.2779250571175859
0.2724372703098229
0.2824812055949233
0.2768671446238038
0.2870373540722608
0.2812970189377846
0.2915935025495983
0.2857268932517655
0.2961496510269357
0.2901567675657463
0.3007057995042732
0.0772542485937368
0.0817299872558571
0.0819363242660845
0.0865376335650251
0.0866183999384322
0.0913452798741932
0.0913004756107799
0.0961529261833613
0.0959825512831276
0.1009605724925293
0.1006646269554753
0.1057682188016974
0.1053467026278230
0.1105758651108655
0.1100287783001707
0.1153835114200335
0.1147108539725184
0.1201911577292016
0.1193929296448660
0.1249988040383696
0.1240750053172137
0.1298064503475377
0.1287570809895614
0.1346140966567058
0.1334391566619091
0.1394217429658738
0.1381212323342568
0.1442293892750419
0.1428033080066045
0.1490370355842099
0.1474853836789522
0.1538446818933780
0.1521674593512999
0.1586523282025461
0.1568495350236475
0.1634599745117141
0.1615316106959952
0.1682676208208822
0.1662136863683429
0.1730752671300503
0.1708957620406906
0.1778829134392183
0.1755778377130383
0.1826905597483864
0.1802599133853860
0.1874982060575545
0.1849419890577337
0.1923058523667225
0.1896240647300814
0.1971134986758906
0.1943061404024291
0.2019211449850586
0.1989882160747767
0.2067287912942267
0.2036702917471244
0.2115364376033948
0.2083523674194721
0.2163440839125629
0.2130344430918198
0.2211517302217309
0.2177165187641675
0.2259593765308990
0.2223985944365152
0.2307670228400670
0.2270806701088629
0.2355746691492351
0.2317627457812105
0.2403823154584031
0.2364448214535582
0.2451899617675712
0.2411268971259059
0.2499976080767393
0.2458089727982536
0.2548052543859073
0.2504910484706013
0.2596129006950754
0.2551731241429490
0.2644205470042434
0.2598551998152967
0.2692281933134115
0.2645372754876444
0.2740358396225796
0.2692193511599921
0.2788434859317476
0.2739014268323398
0.2836511322409157
0.2785835025046874
0.2884587785500838
0.2832655781770351
0.2932664248592519
0.2879476538493828
0.2980740711684199
0.2926297295217305
0.3028817174775880
0.2973118051940782
0.3076893637867560
0.3019938808664259
0.3124970100959241
0.3066759565387736
0.3173046564050921
0.0813920386142892
0.0859805546511228
0.0863248894393976
0.0910382343364830
0.0912577402645060
0.0960959140218432
0.0961905910896145
0.1011535937072033
0.1011234419147229
0.1062112733925635
0.1060562927398313
0.1112689530779237
0.1109891435649398
0.1163266327632838
0.1159219943900482
0.1213843124486440
0.1208548452151567
0.1264419921340041
0.1257876960402651
0.1314996718193643
0.1307205468653735
0.1365573515047245
0.1356533976904820
0.1416150311900846
0.1405862485155904
0.1466727108754448
0.1455190993406988
0.1517303905608050
0.1504519501658073
0.1567880702461651
0.1553848009909157
0.1618457499315253
0.1603176518160241
0.1669034296168855
0.1652505026411326
0.1719611093022456
0.1701833534662410
0.1770187889876058
0.1751162042913494
0.1820764686729660
0.1800490551164579
0.1871341483583261
0.1849819059415663
0.1921918280436863
0.1899147567666747
0.1972495077290465
0.1948476075917832
0.2023071874144066
0.1997804584168916
0.2073648670997668
0.2047133092420000
0.2124225467851270
0.2096461600671085
0.2174802264704872
0.2145790108922170
0.2225379061558473
0.2195118617173254
0.2275955858412075
0.2244447125424338
0.2326532655265676
0.2293775633675422
0.2377109452119278
0.2343104141926507
0.2427686248972880
0.2392432650177591
0.2478263045826481
0.2441761158428675
0.2528839842680083
0.2491089666679760
0.2579416639533685
0.2540418174930844
0.2629993436387286
0.2589746683181928
0.2680570233240888
0.2639075191433013
0.2731147030094490
0.2688403699684097
0.2781723826948092
0.2737732207935181
0.2832300623801693
0.2787060716186266
0.2882877420655295
0.2836389224437350
0.2933454217508896
0.2885717732688434
0.2984031014362498
0.2935046240939518
0.3034607811216100
0.2984374749190603
0.3085184608069702
0.3033703257441688
0.3135761404923303
0.3083031765692772
0.3186338201776905
0.3132360273943856
0.3236914998630506
0.3181688782194941
0.3287491795484108
0.3231017290446025
0.3338068592337710
0.0855050358314172
0.0902049315365295
0.0906871592151394
0.0955111039798548
0.0958692825988617
0.1008172764231800
0.1010514059825839
0.1061234488665053
0.1062335293663062
0.1114296213098305
0.1114156527500284
0.1167357937531558
0.1165977761337507
0.1220419661964811
0.1217798995174730
0.1273481386398063
0.1269620229011952
0.1326543110831316
0.1321441462849174
0.1379604835264569
0.1373262696686397
0.1432666559697821
0.1425083930523620
0.1485728284131074
0.1476905164360842
0.1538790008564327
0.1528726398198065
0.1591851732997579
0.1580547632035287
0.1644913457430832
0.1632368865872510
0.1697975181864085
0.1684190099709732
0.1751036906297337
0.1736011333546955
0.1804098630730590
0.1787832567384177
0.1857160355163842
0.1839653801221400
0.1910222079597095
0.1891475035058622
0.1963283804030347
0.1943296268895845
0.2016345528463600
0.1995117502733068
0.2069407252896853
0.2046938736570290
0.2122468977330106
0.2098759970407513
0.2175530701763358
0.2150581204244735
0.2228592426196611
0.2202402438081958
0.2281654150629864
0.2254223671919180
0.2334715875063116
0.2306044905756403
0.2387777599496369
0.2357866139593625
0.2440839323929622
0.2409687373430848
0.2493901048362874
0.2461508607268070
0.2546962772796127
0.2513329841105293
0.2600024497229380
0.2565151074942515
0.2653086221662632
0.2616972308779738
0.2706147946095885
0.2668793542616960
0.2759209670529137
0.2720614776454183
0.2812271394962390
0.2772436010291406
0.2865333119395643
0.2824257244128628
0.2918394843828895
0.2876078477965850
0.2971456568262148
0.2927899711803073
0.3024518292695401
0.2979720945640296
0.3077580017128653
0.3031542179477518
0.3130641741561906
0.3083363413314741
0.3183703465995159
0.3135184647151963
0.3236765190428411
0.3187005880989186
0.3289826914861664
0.3238827114826409
0.3342888639294916
0.3290648348663631
0.3395950363728169
0.3342469582500853
0.3449012088161422
0.3394290816338076
0.3502073812594674
0.0895919873863251
0.0944018311259554
0.0950218048036781
0.0999548800157174
0.1004516222210311
0.1055079289054795
0.1058814396383842
0.1110609777952416
0.1113112570557372
0.1166140266850037
0.1167410744730902
0.1221670755747658
0.1221708918904433
0.1277201244645279
0.1276007093077963
0.1332731733542899
0.1330305267251493
0.1388262222440520
0.1384603441425024
0.1443792711338141
0.1438901615598554
0.1499323200235761
0.1493199789772084
0.1554853689133383
0.1547497963945615
0.1610384178031003
0.1601796138119145
0.1665914666928624
0.1656094312292676
0.1721445155826245
0.1710392486466206
0.1776975644723866
0.1764690660639736
0.1832506133621487
0.1818988834813267
0.1888036622519107
0.1873287008986797
0.1943567111416728
0.1927585183160327
0.1999097600314349
0.1981883357333857
0.2054628089211969
0.2036181531507388
0.2110158578109590
0.2090479705680918
0.2165689067007212
0.2144777879854449
0.2221219555904832
0.2199076054027979
0.2276750044802453
0.2253374228201509
0.2332280533700074
0.2307672402375039
0.2387811022597695
0.2361970576548570
0.2443341511495316
0.2416268750722101
0.2498872000392936
0.2470566924895631
0.2554402489290557
0.2524865099069161
0.2609932978188178
0.2579163273242692
0.2665463467085799
0.2633461447416222
0.2720993955983420
0.2687759621589752
0.2776524444881040
0.2742057795763282
0.2832054933778661
0.2796355969936812
0.2887585422676281
0.2850654144110343
0.2943115911573903
0.2904952318283874
0.2998646400471524
0.2959250492457404
0.3054176889369145
0.3013548666630934
0.3109707378266765
0.3067846840804465
0.3165237867164386
0.3122145014977995
0.3220768356062007
0.3176443189151525
0.3276298844959628
0.3230741363325055
0.3331829333857248
0.3285039537498586
0.3387359822754869
0.3339337711672116
0.3442890311652490
0.3393635885845647
0.3498420800550111
0.3447934060019177
0.3553951289447732
0.3502232234192707
0.3609481778345352
0.3556530408366237
0.3665012267242973
0.0936516483539780
0.0985699750031292
0.0993275058299767
0.1043682088268427
0.1050033633059753
0.1101664426505562
0.1106792207819740
0.1159646764742696
0.1163550782579727
0.1217629102979831
0.1220309357339713
0.1275611441216966
0.1277067932099700
0.1333593779454101
0.1333826506859687
0.1391576117691236
0.1390585081619674
0.1449558455928370
0.1447343656379660
0.1507540794165505
0.1504102231139647
0.1565523132402640
0.1560860805899633
0.1623505470639775
0.1617619380659620
0.1681487808876910
0.1674377955419607
0.1739470147114045
0.1731136530179594
0.1797452485351179
0.1787895104939580
0.1855434823588314
0.1844653679699567
0.1913417161825449
0.1901412254459553
0.1971399500062584
0.1958170829219540
0.2029381838299718
0.2014929403979527
0.2087364176536853
0.2071687978739513
0.2145346514773988
0.2128446553499500
0.2203328853011123
0.2185205128259487
0.2261311191248258
0.2241963703019474
0.2319293529485393
0.2298722277779460
0.2377275867722528
0.2355480852539447
0.2435258205959662
0.2412239427299433
0.2493240544196798
0.2468998002059420
0.2551222882433932
0.2525756576819407
0.2609205220671067
0.2582515151579394
0.2667187558908202
0.2639273726339380
0.2725169897145336
0.2696032301099367
0.2783152235382471
0.2752790875859353
0.2841134573619606
0.2809549450619340
0.2899116911856741
0.2866308025379327
0.2957099250093875
0.2923066600139314
0.3015081588331010
0.2979825174899300
0.3073063926568145
0.3036583749659287
0.3131046264805280
0.3093342324419274
0.3189028603042415
0.3150100899179260
0.3247010941279549
0.3206859473939247
0.3304993279516685
0.3263618048699233
0.3362975617753819
0.3320376623459220
0.3420957955990954
0.3377135198219207
0.3478940294228089
0.3433893772979194
0.3536922632465224
0.3490652347739180
0.3594904970702359
0.3547410922499167
0.3652887308939494
0.3604169497259154
0.3710869647176628
0.3660928072019140
0.3768851985413763
0.3717686646779127
0.3826834323650898
0.0976827821223184
0.1027080935110483
0.1036029507357923
0.1087497460705217
0.1095231193492661
0.1147913986299951
0.1154432879627400
0.1208330511894685
0.1213634565762138
0.1268747037489420
0.1272836251896877
0.1329163563084154
0.1332037938031615
0.1389580088678888
0.1391239624166354
0.1449996614273623
0.1450441310301092
0.1510413139868357
0.1509642996435830
0.1570829665463091
0.1568844682570569
0.1631246191057825
0.1628046368705307
0.1691662716652560
0.1687248054840046
0.1752079242247294
0.1746449740974784
0.1812495767842028
0.1805651427109523
0.1872912293436763
0.1864853113244261
0.1933328819031497
0.1924054799379000
0.1993745344626231
0.1983256485513738
0.2054161870220965
0.2042458171648476
0.2114578395815699
0.2101659857783215
0.2174994921410434
0.2160861543917953
0.2235411447005168
0.2220063230052692
0.2295827972599902
0.2279264916187430
0.2356244498194637
0.2338466602322169
0.2416661023789371
0.2397668288456907
0.2477077549384105
0.2456869974591646
0.2537494074978839
0.2516071660726384
0.2597910600573574
0.2575273346861123
0.2658327126168308
0.2634475032995861
0.2718743651763043
0.2693676719130600
0.2779160177357777
0.2752878405265338
0.2839576702952511
0.2812080091400077
0.2899993228547245
0.2871281777534815
0.2960409754141979
0.2930483463669553
0.3020826279736714
0.2989685149804291
0.3081242805331448
0.3048886835939030
0.3141659330926182
0.3108088522073769
0.3202075856520917
0.3167290208208507
0.3262492382115651
0.3226491894343246
0.3322908907710385
0.3285693580477984
0.3383325433305119
0.3344895266612722
0.3443741958899854
0.3404096952747461
0.3504158484494588
0.3463298638882199
0.3564575010089322
0.3522500325016938
0.3624991535684056
0.3581702011151677
0.3685408061278791
0.3640903697286415
0.3745824586873525
0.3700105383421153
0.3806241112468259
0.3759307069555892
0.3866657638062994
0.3818508755690630
0.3927074163657728
0.3877710441825368
0.3987490689252462
0.1016841607689501
0.1068149261387282
0.1078468371791894
0.1130981570880652
0.1140095135894288
0.1193813880374022
0.1201721899996682
0.1256646189867391
0.1263348664099077
0.1319478499360761
0.1324975428201470
0.1382310808854131
0.1386602192303864
0.1445143118347500
0.1448228956406258
0.1507975427840869
0.1509855720508652
0.1570807737334239
0.1571482484611046
0.1633640046827609
0.1633109248713440
0.1696472356320978
0.1694736012815834
0.1759304665814348
0.1756362776918228
0.1822136975307717
0.1817989541020622
0.1884969284801087
0.1879616305123016
0.1947801594294456
0.1941243069225410
0.2010633903787826
0.2002869833327804
0.2073466213281195
0.2064496597430198
0.2136298522774565
0.2126123361532592
0.2199130832267935
0.2187750125634986
0.2261963141761304
0.2249376889737380
0.2324795451254673
0.2311003653839774
0.2387627760748043
0.2372630417942168
0.2450460070241413
0.2434257182044562
0.2513292379734782
0.2495883946146956
0.2576124689228152
0.2557510710249350
0.2638956998721521
0.2619137474351744
0.2701789308214891
0.2680764238454138
0.2764621617708261
0.2742391002556532
0.2827453927201630
0.2804017766658926
0.2890286236695000
0.2865644530761320
0.2953118546188369
0.2927271294863714
0.3015950855681739
0.2988898058966107
0.3078783165175109
0.3050524823068502
0.3141615474668478
0.3112151587170895
0.3204447784161847
0.3173778351273289
0.3267280093655217
0.3235405115375684
0.3330112403148587
0.3297031879478078
0.3392944712641957
0.3358658643580472
0.3455777022135326
0.3420285407682865
0.3518609331628695
0.3481912171785260
0.3581441641122065
0.3543538935887653
0.3644273950615434
0.3605165699990047
0.3707106260108804
0.3666792464092441
0.3769938569602173
0.3728419228194835
0.3832770879095543
0.3790045992297230
0.3895603188588913
0.3851672756399623
0.3958435498082282
0.3913299520502017
0.4021267807575652
0.3974926284604411
0.4084100117069021
0.4036553048706805
0.4146932426562391
0.1056545654351749
0.1108892219051669
0.1120578724312461
0.1174121173113532
0.1184611794273173
0.1239350127175395
0.1248644864233885
0.1304579081237258
0.1312677934194597
0.1369808035299121
0.1376711004155309
0.1435036989360984
0.1440744074116021
0.1500265943422847
0.1504777144076733
0.1565494897484710
0.1568810214037445
0.1630723851546572
0.1632843283998157
0.1695952805608435
0.1696876353958869
0.1761181759670298
0.1760909423919581
0.1826410713732161
0.1824942493880293
0.1891639667794024
0.1888975563841005
0.1956868621855887
0.1953008633801717
0.2022097575917750
0.2017041703762429
0.2087326529979613
0.2081074773723141
0.2152555484041476
0.2145107843683853
0.2217784438103338
0.2209140913644565
0.2283013392165201
0.2273173983605277
0.2348242346227064
0.2337207053565989
0.2413471300288927
0.2401240123526701
0.2478700254350790
0.2465273193487414
0.2543929208412653
0.2529306263448126
0.2609158162474516
0.2593339333408837
0.2674387116536379
0.2657372403369549
0.2739616070598242
0.2721405473330262
0.2804845024660105
0.2785438543290974
0.2870073978721968
0.2849471613251686
0.2935302932783831
0.2913504683212398
0.3000531886845694
0.2977537753173110
0.3065760840907557
0.3041570823133822
0.3130989794969419
0.3105603893094534
0.3196218749031282
0.3169636963055246
0.3261447703093145
0.3233670033015958
0.3326676657155008
0.3297703102976670
0.3391905611216871
0.3361736172937382
0.3457134565278734
0.3425769242898094
0.3522363519340597
0.3489802312858806
0.3587592473402459
0.3553835382819518
0.3652821427464322
0.3617868452780230
0.3718050381526185
0.3681901522740942
0.3783279335588048
0.3745934592701654
0.3848508289649911
0.3809967662662366
0.3913737243711774
0.3874000732623079
0.3978966197773637
0.3938033802583791
0.4044195151835500
0.4002066872544502
0.4109424105897363
0.4066099942505215
0.4174653059959226
0.4130133012465926
0.4239882014021089
0.4194166082426639
0.4305110968082951
0.1095927866972694
0.1149297397404053
0.1162347737698311
0.1216903126663115
0.1228767608423929
0.1284508855922177
0.1295187479149547
0.1352114585181239
0.1361607349875165
0.1419720314440301
0.1428027220600782
0.1487326043699363
0.1494447091326400
0.1554931772958425
0.1560866962052018
0.1622537502217487
0.1627286832777636
0.1690143231476549
0.1693706703503254
0.1757748960735610
0.1760126574228871
0.1825354689994672
0.1826546444954489
0.1892960419253734
0.1892966315680107
0.1960566148512796
0.1959386186405725
0.2028171877771859
0.2025806057131343
0.2095777607030920
0.2092225927856960
0.2163383336289982
0.2158645798582578
0.2230989065549044
0.2225065669308196
0.2298594794808106
0.2291485540033814
0.2366200524067168
0.2357905410759431
0.2433806253326230
0.2424325281485049
0.2501411982585292
0.2490745152210667
0.2569017711844354
0.2557165022936285
0.2636623441103416
0.2623584893661903
0.2704229170362478
0.2690004764387520
0.2771834899621540
0.2756424635113138
0.2839440628880602
0.2822844505838756
0.2907046358139664
0.2889264376564374
0.2974652087398726
0.2955684247289992
0.3042257816657788
0.3022104118015609
0.3109863545916849
0.3088523988741227
0.3177469275175911
0.3154943859466845
0.3245075004434974
0.3221363730192463
0.3312680733694035
0.3287783600918081
0.3380286462953097
0.3354203471643698
0.3447892192212159
0.3420623342369316
0.3515497921471221
0.3487043213094934
0.3583103650730283
0.3553463083820552
0.3650709379989345
0.3619882954546170
0.3718315109248407
0.3686302825271787
0.3785920838507469
0.3752722695997405
0.3853526567766531
0.3819142566723023
0.3921132297025593
0.3885562437448641
0.3988738026284654
0.3951982308174258
0.4056343755543717
0.4018402178899876
0.4123949484802779
0.4084822049625494
0.4191555214061841
0.4151241920351112
0.4259160943320903
0.4217661791076729
0.4326766672579965
0.4284081661802348
0.4394372401839026
0.4350501532527965
0.4461978131098088
0.1134976249348867
0.1189352488635693
0.1203762688703344
0.1259314399731911
0.1272549128057820
0.1329276310828128
0.1341335567412297
0.1399238221924345
0.1410122006766774
0.1469200133020562
0.1478908446121251
0.1539162044116780
0.1547694885475728
0.1609123955212997
0.1616481324830204
0.1679085866309214
0.1685267764184681
0.1749047777405431
0.1754054203539158
0.1819009688501649
0.1822840642893634
0.1888971599597866
0.1891627082248112
0.1958933510694083
0.1960413521602588
0.2028895421790300
0.2029199960957065
0.2098857332886518
0.2097986400311542
0.2168819243982735
0.2166772839666019
0.2238781155078952
0.2235559279020495
0.2308743066175170
0.2304345718374972
0.2378704977271387
0.2373132157729449
0.2448666888367604
0.2441918597083926
0.2518628799463821
0.2510705036438402
0.2588590710560038
0.2579491475792879
0.2658552621656255
0.2648277915147356
0.2728514532752473
0.2717064354501833
0.2798476443848690
0.2785850793856310
0.2868438354944908
0.2854637233210786
0.2938400266041125
0.2923423672565263
0.3008362177137343
0.2992210111919740
0.3078324088233560
0.3060996551274217
0.3148285999329777
0.3129782990628694
0.3218247910425994
0.3198569429983171
0.3288209821522211
0.3267355869337647
0.3358171732618428
0.3336142308692124
0.3428133643714646
0.3404928748046601
0.3498095554810863
0.3473715187401077
0.3568057465907080
0.3542501626755554
0.3638019377003298
0.3611288066110031
0.3707981288099515
0.3680074505464508
0.3777943199195732
0.3748860944818985
0.3847905110291949
0.3817647384173462
0.3917867021388167
0.3886433823527938
0.3987828932484384
0.3955220262882415
0.4057790843580601
0.4024006702236891
0.4127752754676818
0.4092793141591368
0.4197714665773035
0.4161579580945846
0.4267676576869253
0.4230366020300322
0.4337638487965471
0.4299152459654799
0.4407600399061687
0.4367938899009275
0.4477562310157905
0.4436725338363752
0.4547524221254122
0.4505511777718229
0.4617486132350339
0.1173678906964727
0.1229045291577779
0.1244810961932286
0.1301342073435296
0.1315943016899845
0.1373638855292812
0.1387075071867405
0.1445935637150328
0.1458207126834964
0.1518232419007845
0.1529339181802523
0.1590529200865362
0.1600471236770082
0.1662825982722878
0.1671603291737642
0.1735122764580394
0.1742735346705201
0.1807419546437911
0.1813867401672760
0.1879716328295427
0.1884999456640319
0.1952013110152943
0.1956131511607878
0.2024309892010460
0.2027263566575438
0.2096606673867976
0.2098395621542997
0.2168903455725493
0.2169527676510556
0.2241200237583009
0.2240659731478115
0.2313497019440526
0.2311791786445674
0.2385793801298042
0.2382923841413234
0.2458090583155558
0.2454055896380793
0.2530387365013075
0.2525187951348352
0.2602684146870591
0.2596320006315911
0.2674980928728107
0.2667452061283470
0.2747277710585624
0.2738584116251030
0.2819574492443141
0.2809716171218589
0.2891871274300657
0.2880848226186148
0.2964168056158173
0.2951980281153707
0.3036464838015690
0.3023112336121266
0.3108761619873207
0.3094244391088826
0.3181058401730723
0.3165376446056385
0.3253355183588240
0.3236508501023945
0.3325651965445756
0.3307640555991503
0.3397948747303272
0.3378772610959063
0.3470245529160789
0.3449904665926622
0.3542542311018305
0.3521036720894181
0.3614839092875821
0.3592168775861740
0.3687135874733338
0.3663300830829299
0.3759432656590854
0.3734432885796858
0.3831729438448371
0.3805564940764418
0.3904026220305887
0.3876696995731977
0.3976323002163403
0.3947829050699537
0.4048619784020920
0.4018961105667095
0.4120916565878436
0.4090093160634655
0.4193213347735953
0.4161225215602214
0.4265510129593469
0.4232357270569773
0.4337806911450985
0.4303489325537333
0.4410103693308502
0.4374621380504892
0.4482400475166018
0.4445753435472451
0.4554697257023535
0.4516885490440010
0.4626994038881052
0.4588017545407569
0.4699290820738568
0.4659149600375129
0.4771587602596084
0.1212024050615843
0.1268363715418021
0.1285480053683469
0.1342973345736728
0.1358936056751096
0.1417582976055436
0.1432392059818723
0.1492192606374143
0.1505848062886350
0.1566802236692850
0.1579304065953977
0.1641411867011557
0.1652760069021604
0.1716021497330265
0.1726216072089231
0.1790631127648971
0.1799672075156857
0.1865240757967679
0.1873128078224484
0.1939850388286386
0.1946584081292111
0.2014460018605093
0.2020040084359738
0.2089069648923800
0.2093496087427364
0.2163679279242507
0.2166952090494991
0.2238288909561215
0.2240408093562618
0.2312898539879922
0.2313864096630245
0.2387508170198629
0.2387320099697872
0.2462117800517336
0.2460776102765499
0.2536727430836043
0.2534232105833125
0.2611337061154750
0.2607688108900752
0.2685946691473457
0.2681144111968379
0.2760556321792164
0.2754600115036006
0.2835165952110871
0.2828056118103633
0.2909775582429579
0.2901512121171260
0.2984385212748286
0.2974968124238886
0.3058994843066993
0.3048424127306513
0.3133604473385700
0.3121880130374140
0.3208214103704408
0.3195336133441767
0.3282823734023115
0.3268792136509394
0.3357433364341822
0.3342248139577021
0.3432042994660529
0.3415704142644648
0.3506652624979236
0.3489160145712275
0.3581262255297943
0.3562616148779901
0.3655871885616650
0.3636072151847528
0.3730481515935357
0.3709528154915155
0.3805091146254064
0.3782984157982782
0.3879700776572771
0.3856440161050408
0.3954310406891479
0.3929896164118036
0.4028920037210186
0.4003352167185663
0.4103529667528893
0.4076808170253289
0.4178139297847600
0.4150264173320916
0.4252748928166307
0.4223720176388542
0.4327358558485014
0.4297176179456169
0.4401968188803722
0.4370632182523796
0.4476577819122429
0.4444088185591423
0.4551187449441136
0.4517544188659050
0.4625797079759844
0.4591000191726677
0.4700406710078550
0.4664456194794304
0.4775016340397257
0.4737912197861930
0.4849625970715964
0.4811368200929557
0.4924235601034672
0.1250000000000000
0.1307295783383632
0.1325757575757575
0.1384195535347375
0.1401515151515151
0.1461095287311118
0.1477272727272727
0.1537995039274861
0.1553030303030303
0.1614894791238604
0.1628787878787878
0.1691794543202347
0.1704545454545454
0.1768694295166090
0.1780303030303030
0.1845594047129833
0.1856060606060606
0.1922493799093576
0.1931818181818181
0.1999393551057319
0.2007575757575757
0.2076293303021062
0.2083333333333333
0.2153193054984805
0.2159090909090909
0.2230092806948548
0.2234848484848485
0.2306992558912292
0.2310606060606060
0.2383892310876035
0.2386363636363636
0.2460792062839778
0.2462121212121212
0.2537691814803520
0.2537878787878787
0.2614591566767264
0.2613636363636363
0.2691491318731006
0.2689393939393939
0.2768391070694750
0.2765151515151514
0.2845290822658492
0.2840909090909090
0.2922190574622235
0.2916666666666666
0.2999090326585979
0.2992424242424242
0.3075990078549722
0.3068181818181818
0.3152889830513465
0.3143939393939393
0.3229789582477208
0.3219696969696969
0.3306689334440951
0.3295454545454545
0.3383589086404694
0.3371212121212121
0.3460488838368437
0.3446969696969697
0.3537388590332180
0.3522727272727272
0.3614288342295923
0.3598484848484848
0.3691188094259666
0.3674242424242424
0.3768087846223409
0.3749999999999999
0.3844987598187152
0.3825757575757575
0.3921887350150895
0.3901515151515151
0.3998787102114638
0.3977272727272727
0.4075686854078382
0.4053030303030303
0.4152586606042125
0.4128787878787878
0.4229486358005868
0.4204545454545454
0.4306386109969610
0.4280303030303030
0.4383285861933354
0.4356060606060606
0.4460185613897096
0.4431818181818181
0.4537085365860840
0.4507575757575757
0.4613985117824583
0.4583333333333333
0.4690884869788326
0.4659090909090909
0.4767784621752069
0.4734848484848485
0.4844684373715812
0.4810606060606060
0.4921584125679555
0.4886363636363636
0.4998483877643298
0.4962121212121212
0.5075383629607041
0.1287595187275135
0.1345829636389565
0.1365631259231204
0.1424996085588951
0.1443667331187273
0.1504162534788338
0.1521703403143342
0.1583328983987724
0.1599739475099411
0.1662495433187110
0.1677775547055479
0.1741661882386496
0.1755811619011548
0.1820828331585882
0.1833847690967617
0.1899994780785269
0.1911883762923686
0.1979161229984654
0.1989919834879755
0.2058327679184041
0.2067955906835823
0.2137494128383427
0.2145991978791892
0.2216660577582813
0.2224028050747961
0.2295827026782199
0.2302064122704030
0.2374993475981586
0.2380100194660099
0.2454159925180972
0.2458136266616168
0.2533326374380358
0.2536172338572236
0.2612492823579744
0.2614208410528305
0.2691659272779130
0.2692244482484374
0.2770825721978516
0.2770280554440442
0.2849992171177902
0.2848316626396512
0.2929158620377288
0.2926352698352580
0.3008325069576674
0.3004388770308650
0.3087491518776061
0.3082424842264718
0.3166657967975448
0.3160460914220787
0.3245824417174833
0.3238496986176856
0.3324990866374219
0.3316533058132924
0.3404157315573606
0.3394569130088994
0.3483323764772993
0.3472605202045063
0.3562490213972379
0.3550641274001131
0.3641656663171765
0.3628677345957200
0.3720823112371150
0.3706713417913269
0.3799989561570537
0.3784749489869337
0.3879156010769923
0.3862785561825406
0.3958322459969309
0.3940821633781475
0.4037488909168695
0.4018857705737544
0.4116655358368081
0.4096893777693613
0.4195821807567468
0.4174929849649682
0.4274988256766854
0.4252965921605750
0.4354154705966240
0.4331001993561819
0.4433321155165627
0.4409038065517888
0.4512487604365013
0.4487074137473956
0.4591654053564398
0.4565110209430026
0.4670820502763784
0.4643146281386094
0.4749986951963171
0.4721182353342164
0.4829153401162558
0.4799218425298232
0.4908319850361944
0.4877254497254301
0.4987486299561329
0.4955290569210370
0.5066652748760716
0.5033326641166438
0.5145819197960102
0.5111362713122507
0.5224985647159488
0.1324798160583012
0.1383953536650910
0.1405088958194104
0.1465362568218611
0.1485379755805195
0.1546771599786311
0.1565670553416287
0.1628180631354012
0.1645961351027379
0.1709589662921712
0.1726252148638470
0.1790998694489413
0.1806542946249562
0.1872407726057114
0.1886833743860654
0.1953816757624814
0.1967124541471746
0.2035225789192515
0.2047415339082837
0.2116634820760215
0.2127706136693929
0.2198043852327916
0.2207996934305020
0.2279452883895617
0.2288287731916112
0.2360861915463317
0.2368578529527204
0.2442270947031018
0.2448869327138296
0.2523679978598719
0.2529160124749387
0.2605089010166419
0.2609450922360479
0.2686498041734119
0.2689741719971570
0.2767907073301820
0.2770032517582662
0.2849316104869520
0.2850323315193753
0.2930725136437221
0.2930614112804845
0.3012134168004921
0.3010904910415937
0.3093543199572622
0.3091195708027029
0.3174952231140323
0.3171486505638120
0.3256361262708024
0.3251777303249212
0.3337770294275724
0.3332068100860304
0.3419179325843424
0.3412358898471395
0.3500588357411126
0.3492649696082487
0.3581997388978826
0.3572940493693579
0.3663406420546527
0.3653231291304671
0.3744815452114227
0.3733522088915762
0.3826224483681928
0.3813812886526853
0.3907633515249628
0.3894103684137945
0.3989042546817329
0.3974394481749037
0.4070451578385029
0.4054685279360128
0.4151860609952730
0.4134976076971220
0.4233269641520430
0.4215266874582311
0.4314678673088131
0.4295557672193404
0.4396087704655832
0.4375848469804495
0.4477496736223532
0.4456139267415587
0.4558905767791233
0.4536430065026679
0.4640314799358934
0.4616720862637770
0.4721723830926634
0.4697011660248862
0.4803132862494335
0.4777302457859953
0.4884541894062035
0.4857593255471045
0.4965950925629736
0.4937884053082137
0.5047359957197437
0.5018174850693229
0.5128768988765138
0.5098465648304320
0.5210178020332837
0.5178756445915411
0.5291587051900538
0.5259047243526503
0.5372996083468239
0.1361597587537568
0.1421655871258332
0.1444118653448935
0.1505282687214704
0.1526639719360303
0.1588909503171076
0.1609160785271671
0.1672536319127449
0.1691681851183039
0.1756163135083821
0.1774202917094406
0.1839789951040194
0.1856723983005774
0.1923416766996566
0.1939245048917142
0.2007043582952939
0.2021766114828510
0.2090670398909311
0.2104287180739877
0.2174297214865684
0.2186808246651245
0.2257924030822056
0.2269329312562613
0.2341550846778429
0.2351850378473981
0.2425177662734801
0.2434371444385348
0.2508804478691173
0.2516892510296716
0.2592431294647546
0.2599413576208084
0.2676058110603918
0.2681934642119452
0.2759684926560291
0.2764455708030819
0.2843311742516663
0.2846976773942187
0.2926938558473036
0.2929497839853555
0.3010565374429408
0.3012018905764922
0.3094192190385780
0.3094539971676290
0.3177819006342152
0.3177061037587658
0.3261445822298525
0.3259582103499026
0.3345072638254898
0.3342103169410394
0.3428699454211270
0.3424624235321761
0.3512326270167643
0.3507145301233129
0.3595953086124016
0.3589666367144497
0.3679579902080388
0.3672187433055865
0.3763206718036761
0.3754708498967232
0.3846833533993133
0.3837229564878600
0.3930460349949505
0.3919750630789968
0.4014087165905877
0.4002271696701336
0.4097713981862250
0.4084792762612703
0.4181340797818622
0.4167313828524071
0.4264967613774995
0.4249834894435439
0.4348594429731367
0.4332355960346806
0.4432221245687740
0.4414877026258174
0.4515848061644113
0.4497398092169542
0.4599474877600485
0.4579919158080910
0.4683101693556857
0.4662440223992277
0.4766728509513229
0.4744961289903645
0.4850355325469602
0.4827482355815013
0.4933982141425974
0.4910003421726380
0.5017608957382347
0.4992524487637749
0.5101235773338719
0.5075045553549117
0.5184862589295092
0.5157566619460484
0.5268489405251464
0.5240087685371851
0.5352116221207837
0.5322608751283220
0.5435743037164209
0.5405129817194587
0.5519369853120581
0.1397982258676867
0.1458925155715478
0.1482708456172435
0.1544744282522271
0.1567434653668003
0.1630563409329064
0.1652160851163570
0.1716382536135857
0.1736887048659138
0.1802201662942650
0.1821613246154706
0.1888020789749443
0.1906339443650274
0.1973839916556236
0.1991065641145841
0.2059659043363029
0.2075791838641409
0.2145478170169821
0.2160518036136977
0.2231297296976614
0.2245244233632544
0.2317116423783407
0.2329970431128112
0.2402935550590200
0.2414696628623680
0.2488754677396993
0.2499422826119247
0.2574573804203786
0.2584149023614816
0.2660392931010578
0.2668875221110383
0.2746212057817372
0.2753601418605951
0.2832031184624164
0.2838327616101518
0.2917850311430957
0.2923053813597086
0.3003669438237750
0.3007780011092653
0.3089488565044543
0.3092506208588221
0.3175307691851335
0.3177232406083789
0.3261126818658128
0.3261958603579357
0.3346945945464921
0.3346684801074925
0.3432765072271714
0.3431410998570493
0.3518584199078507
0.3516137196066060
0.3604403325885300
0.3600863393561627
0.3690222452692093
0.3685589591057196
0.3776041579498886
0.3770315788552764
0.3861860706305679
0.3855041986048331
0.3947679833112471
0.3939768183543899
0.4033498959919264
0.4024494381039467
0.4119318086726057
0.4109220578535034
0.4205137213532850
0.4193946776030602
0.4290956340339643
0.4278672973526169
0.4376775467146435
0.4363399171021737
0.4462594593953228
0.4448125368517304
0.4548413720760022
0.4532851566012873
0.4634232847566814
0.4617577763508441
0.4720051974373607
0.4702303961004008
0.4805871101180400
0.4787030158499576
0.4891690227987193
0.4871756355995144
0.4977509354793985
0.4956482553490711
0.5063328481600778
0.5041208750986279
0.5149147608407570
0.5125934948481847
0.5234966735214365
0.5210661145977414
0.5320785862021157
0.5295387343472983
0.5406604988827950
0.5380113540968550
0.5492424115634743
0.5464839738464118
0.5578243242441535
0.5549565935959685
0.5664062369248328
0.1433941090877615
0.1495750037437269
0.1520846611536864
0.1583735333757108
0.1607752132196114
0.1671720630076948
0.1694657652855363
0.1759705926396787
0.1781563173514613
0.1847691222716626
0.1868468694173862
0.1935676519036466
0.1955374214833112
0.2023661815356305
0.2042279735492361
0.2111647111676145
0.2129185256151610
0.2199632407995984
0.2216090776810860
0.2287617704315823
0.2302996297470109
0.2375603000635663
0.2389901818129359
0.2463588296955502
0.2476807338788608
0.2551573593275341
0.2563712859447858
0.2639558889595181
0.2650618380107107
0.2727544185915020
0.2737523900766356
0.2815529482234860
0.2824429421425605
0.2903514778554699
0.2911334942084855
0.2991500074874538
0.2998240462744104
0.3079485371194378
0.3085145983403353
0.3167470667514217
0.3172051504062603
0.3255455963834056
0.3258957024721852
0.3343441260153895
0.3345862545381102
0.3431426556473735
0.3432768066040351
0.3519411852793575
0.3519673586699601
0.3607397149113414
0.3606579107358850
0.3695382445433253
0.3693484628018099
0.3783367741753093
0.3780390148677349
0.3871353038072932
0.3867295669336599
0.3959338334392771
0.3954201189995848
0.4047323630712611
0.4041106710655097
0.4135308927032450
0.4128012231314347
0.4223294223352289
0.4214917751973596
0.4311279519672129
0.4301823272632845
0.4399264815991968
0.4388728793292095
0.4487250112311807
0.4475634313951344
0.4575235408631647
0.4562539834610593
0.4663220704951486
0.4649445355269843
0.4751206001271326
0.4736350875929093
0.4839191297591165
0.4823256396588342
0.4927176593911004
0.4910161917247591
0.5015161890230844
0.4997067437906841
0.5103147186550683
0.5083972958566090
0.5191132482870522
0.5170878479225339
0.5279117779190361
0.5257783999884589
0.5367103075510201
0.5344689520543838
0.5455088371830040
0.5431595041203088
0.5543073668149879
0.5518500561862337
0.5631058964469720
0.5605406082521587
0.5719044260789559
0.5692311603180836
0.5807029557109398
0.1469463130731183
0.1532119299208000
0.1558521502290648
0.1622243963867294
0.1647579873850114
0.1712368628526588
0.1736638245409580
0.1802493293185883
0.1825696616969045
0.1892617957845177
0.1914754988528511
0.1982742622504471
0.2003813360087977
0.2072867287163765
0.2092871731647442
0.2162991951823059
0.2181930103206908
0.2253116616482353
0.2270988474766373
0.2343241281141647
0.2360046846325839
0.2433365945800941
0.2449105217885305
0.2523490610460236
0.2538163589444770
0.2613615275119530
0.2627221961004236
0.2703739939778824
0.2716280332563702
0.2793864604438118
0.2805338704123168
0.2883989269097412
0.2894397075682633
0.2974113933756706
0.2983455447242098
0.3064238598416000
0.3072513818801564
0.3154363263075294
0.3161572190361029
0.3244487927734588
0.3250630561920495
0.3334612592393882
0.3339688933479961
0.3424737257053176
0.3428747305039427
0.3514861921712471
0.3517805676598892
0.3604986586371765
0.3606864048158358
0.3695111251031059
0.3695922419717824
0.3785235915690354
0.3784980791277289
0.3875360580349648
0.3874039162836755
0.3965485245008942
0.3963097534396221
0.4055609909668236
0.4052155905955686
0.4145734574327530
0.4141214277515152
0.4235859238986824
0.4230272649074617
0.4325983903646118
0.4319331020634083
0.4416108568305412
0.4408389392193549
0.4506233232964706
0.4497447763753014
0.4596357897624000
0.4586506135312480
0.4686482562283295
0.4675564506871945
0.4776607226942589
0.4764622878431412
0.4866731891601883
0.4853681249990877
0.4956856556261177
0.4942739621550343
0.5046981220920471
0.5031797993109808
0.5137105885579766
0.5120856364669274
0.5227230550239059
0.5209914736228739
0.5317355214898354
0.5298973107788205
0.5407479879557647
0.5388031479347671
0.5497604544216942
0.5477089850907136
0.5587729208876236
0.5566148222466601
0.5677853873535530
0.5655206594026068
0.5767978538194825
0.5744264965585533
0.5858103202854118
0.5833323337144999
0.5948227867513413
0.1504537557880121
0.1568021862598220
0.1595721652297098
0.1660258442751056
0.1686905746714074
0.1752495022903893
0.1778089841131052
0.1844731603056729
0.1869273935548029
0.1936968183209566
0.1960458029965006
0.2029204763362402
0.2051642124381983
0.2121441343515239
0.2142826218798960
0.2213677923668075
0.2234010313215937
0.2305914503820912
0.2325194407632914
0.2398151083973748
0.2416378502049891
0.2490387664126584
0.2507562596466868
0.2582624244279421
0.2598746690883845
0.2674860824432257
0.2689930785300822
0.2767097404585094
0.2781114879717799
0.2859333984737931
0.2872298974134776
0.2951570564890767
0.2963483068551753
0.3043807145043603
0.3054667162968730
0.3136043725196440
0.3145851257385707
0.3228280305349276
0.3237035351802683
0.3320516885502112
0.3328219446219661
0.3412753465654949
0.3419403540636637
0.3504990045807785
0.3510587635053615
0.3597226625960622
0.3601771729470592
0.3689463206113459
0.3692955823887569
0.3781699786266295
0.3784139918304546
0.3873936366419131
0.3875324012721523
0.3966172946571969
0.3966508107138501
0.4058409526724805
0.4057692201555477
0.4150646106877641
0.4148876295972455
0.4242882687030478
0.4240060390389431
0.4335119267183314
0.4331244484806408
0.4427355847336150
0.4422428579223385
0.4519592427488986
0.4513612673640362
0.4611829007641823
0.4604796768057339
0.4704065587794660
0.4695980862474316
0.4796302167947496
0.4787164956891293
0.4888538748100333
0.4878349051308271
0.4980775328253169
0.4969533145725247
0.5073011908406005
0.5060717240142224
0.5165248488558842
0.5151901334559201
0.5257485068711678
0.5243085428976179
0.5349721648864515
0.5334269523393155
0.5441958229017351
0.5425453617810132
0.5534194809170188
0.5516637712227109
0.5626431389323024
0.5607821806644087
0.5718667969475861
0.5699005901061064
0.5810904549628697
0.5790189995478040
0.5903141129781534
0.5881374089895017
0.5995377709934370
0.5972558184311995
0.6087614290087207
0.1539153688314146
0.1603446791339323
0.1632435730030155
0.1697767190829871
0.1725717771746163
0.1792087590320420
0.1818999813462172
0.1886407989810968
0.1912281855178181
0.1980728389301517
0.2005563896894190
0.2075048788792065
0.2098845938610199
0.2169369188282614
0.2192127980326208
0.2263689587773162
0.2285410022042216
0.2358009987263710
0.2378692063758225
0.2452330386754259
0.2471974105474234
0.2546650786244807
0.2565256147190243
0.2640971185735356
0.2658538188906251
0.2735291585225904
0.2751820230622261
0.2829611984716452
0.2845102272338270
0.2923932384207001
0.2938384314054278
0.3018252783697549
0.3031666355770287
0.3112573183188098
0.3124948397486296
0.3206893582678646
0.3218230439202305
0.3301213982169194
0.3311512480918313
0.3395534381659743
0.3404794522634322
0.3489854781150291
0.3498076564350331
0.3584175180640840
0.3591358606066340
0.3678495580131388
0.3684640647782349
0.3772815979621937
0.3777922689498358
0.3867136379112485
0.3871204731214367
0.3961456778603033
0.3964486772930375
0.4055777178093583
0.4057768814646385
0.4150097577584130
0.4151050856362393
0.4244417977074679
0.4244332898078402
0.4338738376565227
0.4337614939794411
0.4433058776055775
0.4430896981510420
0.4527379175546324
0.4524179023226428
0.4621699575036872
0.4617461064942437
0.4716019974527421
0.4710743106658446
0.4810340374017969
0.4804025148374454
0.4904660773508517
0.4897307190090464
0.4998981172999066
0.4990589231806473
0.5093301572489615
0.5083871273522481
0.5187621971980163
0.5177153315238491
0.5281942371470711
0.5270435356954499
0.5376262770961260
0.5363717398670508
0.5470583170451808
0.5456999440386516
0.5564903569942357
0.5550281482102525
0.5659223969432905
0.5643563523818534
0.5753544368923453
0.5736845565534544
0.5847864768414002
0.5830127607250553
0.5942185167904550
0.5923409648966561
0.6036505567395098
0.6016691690682570
0.6130825966885647
0.6109973732398578
0.6225146366376195
0.1573300977624593
0.1638383294654847
0.1668652552026084
0.1734758782575720
0.1764004126427574
0.1831134270496593
0.1859355700829065
0.1927509758417467
0.1954707275230556
0.2023885246338340
0.2050058849632046
0.2120260734259213
0.2145410424033537
0.2216636222180087
0.2240761998435027
0.2313011710100960
0.2336113572836518
0.2409387198021833
0.2431465147238008
0.2505762685942706
0.2526816721639498
0.2602138173863580
0.2622168296040989
0.2698513661784453
0.2717519870442480
0.2794889149705326
0.2812871444843970
0.2891264637626200
0.2908223019245461
0.2987640125547073
0.3003574593646952
0.3084015613467946
0.3098926168048442
0.3180391101388820
0.3194277742449932
0.3276766589309693
0.3289629316851422
0.3373142077230566
0.3384980891252913
0.3469517565151439
0.3480332465654403
0.3565893053072313
0.3575684040055894
0.3662268540993186
0.3671035614457385
0.3758644028914060
0.3766387188858876
0.3855019516834933
0.3861738763260366
0.3951395004755807
0.3957090337661856
0.4047770492676679
0.4052441912063346
0.4144145980597553
0.4147793486464838
0.4240521468518427
0.4243145060866328
0.4336896956439300
0.4338496635267819
0.4433272444360173
0.4433848209669309
0.4529647932281047
0.4529199784070800
0.4626023420201920
0.4624551358472290
0.4722398908122793
0.4719902932873781
0.4818774396043666
0.4815254507275271
0.4915149883964540
0.4910606081676761
0.5011525371885412
0.5005957656078251
0.5107900859806287
0.5101309230479742
0.5204276347727160
0.5196660804881233
0.5300651835648034
0.5292012379282723
0.5397027323568906
0.5387363953684214
0.5493402811489779
0.5482715528085704
0.5589778299410653
0.5578067102487195
0.5686153787331526
0.5673418676888685
0.5782529275252399
0.5768770251290176
0.5878904763173274
0.5864121825691667
0.5975280251094146
0.5959473400093157
0.6071655739015019
0.6054824974494648
0.6168031226935893
0.6150176548896138
0.6264406714856766
0.6245528123297629
0.6360782202777640
0.1606969024216348
0.1672820730547443
0.1704361086290066
0.1771221949991410
0.1801753148363784
0.1869623169435377
0.1899145210437503
0.1968024388879344
0.1996537272511220
0.2066425608323312
0.2093929334584938
0.2164826827767279
0.2191321396658657
0.2263228047211246
0.2288713458732375
0.2361629266655213
0.2386105520806093
0.2460030486099181
0.2483497582879811
0.2558431705543148
0.2580889644953528
0.2656832924987115
0.2678281707027247
0.2755234144431082
0.2775673769100965
0.2853635363875049
0.2873065831174683
0.2952036583319017
0.2970457893248401
0.3050437802762984
0.3067849955322119
0.3148839022206951
0.3165242017395837
0.3247240241650918
0.3262634079469555
0.3345641461094885
0.3360026141543273
0.3444042680538852
0.3457418203616991
0.3542443899982819
0.3554810265690709
0.3640845119426787
0.3652202327764427
0.3739246338870754
0.3749594389838146
0.3837647558314722
0.3846986451911864
0.3936048777758689
0.3944378513985582
0.4034449997202656
0.4041770576059300
0.4132851216646623
0.4139162638133018
0.4231252436090591
0.4236554700206737
0.4329653655534558
0.4333946762280455
0.4428054874978525
0.4431338824354172
0.4526456094422492
0.4528730886427890
0.4624857313866459
0.4626122948501609
0.4723258533310427
0.4723515010575327
0.4821659752754394
0.4820907072649044
0.4920060972198361
0.4918299134722762
0.5018462191642328
0.5015691196796480
0.5116863411086295
0.5113083258870198
0.5215264630530263
0.5210475320943917
0.5313665849974231
0.5307867383017635
0.5412067069418197
0.5405259445091353
0.5510468288862165
0.5502651507165071
0.5608869508306131
0.5600043569238788
0.5707270727750099
0.5697435631312507
0.5805671947194065
0.5794827693386225
0.5904073166638033
0.5892219755459943
0.6002474386082001
0.5989611817533662
0.6100875605525968
0.6087003879607380
0.6199276824969935
0.6184395941681098
0.6297678044413902
0.6281788003754816
0.6396079263857869
0.6379180065828534
0.6494480483301837
0.1640147572476268
0.1706748609040536
0.1739550455656648
0.1807145586042920
0.1838953338837028
0.1907542563045305
0.1938356222017408
0.2007939540047689
0.2037759105197788
0.2108336517050074
0.2137161988378168
0.2208733494052459
0.2236564871558548
0.2309130471054843
0.2335967754738928
0.2409527448057227
0.2435370637919307
0.2509924425059612
0.2534773521099687
0.2610321402061996
0.2634176404280067
0.2710718379064381
0.2733579287460447
0.2811115356066765
0.2832982170640827
0.2911512333069149
0.2932385053821207
0.3011909310071534
0.3031787937001587
0.3112306287073919
0.3131190820181967
0.3212703264076303
0.3230593703362347
0.3313100241078688
0.3329996586542726
0.3413497218081072
0.3429399469723106
0.3513894195083456
0.3528802352903486
0.3614291172085841
0.3628205236083866
0.3714688149088225
0.3727608119264246
0.3815085126090609
0.3827011002444626
0.3915482103092994
0.3926413885625006
0.4015879080095379
0.4025816768805386
0.4116276057097763
0.4125219651985765
0.4216673034100148
0.4224622535166145
0.4317070011102533
0.4324025418346526
0.4417466988104917
0.4423428301526905
0.4517863965107302
0.4522831184707286
0.4618260942109686
0.4622234067887665
0.4718657919112070
0.4721636951068045
0.4819054896114455
0.4821039834248425
0.4919451873116839
0.4920442717428805
0.5019848850119224
0.5019845600609184
0.5120245827121608
0.5119248483789565
0.5220642804123993
0.5218651366969944
0.5321039781126378
0.5318054250150325
0.5421436758128761
0.5417457133330704
0.5521833735131146
0.5516860016511084
0.5622230712133530
0.5616262899691464
0.5722627689135915
0.5715665782871844
0.5823024666138299
0.5815068666052223
0.5923421643140684
0.5914471549232603
0.6023818620143068
0.6013874432412983
0.6124215597145453
0.6113277315593364
0.6224612574147838
0.6212680198773743
0.6325009551150221
0.6312083081954123
0.6425406528152606
0.6411485965134504
0.6525803505154990
0.6510888848314883
0.6626200482157375
0.1672826515897146
0.1740156595373670
0.1774209941103033
0.1842518748042710
0.1875593366308921
0.1944880900711749
0.1976976791514808
0.2047243053380789
0.2078360216720696
0.2149605206049828
0.2179743641926584
0.2251967358718868
0.2281127067132472
0.2354329511387907
0.2382510492338359
0.2456691664056946
0.2483893917544246
0.2559053816725986
0.2585277342750134
0.2661415969395025
0.2686660767956022
0.2763778122064064
0.2788044193161909
0.2866140274733104
0.2889427618367797
0.2968502427402143
0.2990811043573685
0.3070864580071183
0.3092194468779572
0.3173226732740222
0.3193577893985460
0.3275588885409262
0.3294961319191347
0.3377951038078301
0.3396344744397235
0.3480313190747341
0.3497728169603123
0.3582675343416380
0.3599111594809010
0.3685037496085419
0.3700495020014897
0.3787399648754459
0.3801878445220785
0.3889761801423498
0.3903261870426673
0.3992123954092538
0.4004645295632561
0.4094486106761577
0.4106028720838448
0.4196848259430617
0.4207412146044336
0.4299210412099656
0.4308795571250223
0.4401572564768696
0.4410178996456112
0.4503934717437735
0.4511562421661999
0.4606296870106775
0.4612945846867887
0.4708659022775814
0.4714329272073774
0.4811021175444853
0.4815712697279662
0.4913383328113893
0.4917096122485549
0.5015745480782933
0.5018479547691437
0.5118107633451972
0.5119862972897324
0.5220469786121010
0.5221246398103212
0.5322831938790050
0.5322629823309100
0.5425194091459090
0.5424013248514987
0.5527556244128130
0.5525396673720875
0.5629918396797169
0.5626780098926762
0.5732280549466209
0.5728163524132650
0.5834642702135248
0.5829546949338538
0.5937004854804286
0.5930930374544425
0.6039367007473326
0.6032313799750313
0.6141729160142365
0.6133697224956201
0.6244091312811406
0.6235080650162088
0.6346453465480445
0.6336464075367976
0.6448815618149485
0.6437847500573863
0.6551177770818524
0.6539230925779751
0.6653539923487564
0.6640614350985639
0.6755902076156602
0.1704995900156246
0.1773034513150578
0.1808328985014200
0.1877330660982965
0.1911662069872155
0.1981626808815353
0.2014995154730109
0.2085922956647739
0.2118328239588063
0.2190219104480126
0.2221661324446018
0.2294515252312514
0.2324994409303972
0.2398811400144900
0.2428327494161927
0.2503107547977287
0.2531660579019881
0.2607403695809674
0.2634993663877835
0.2711699843642061
0.2738326748735789
0.2815995991474448
0.2841659833593744
0.2920292139306835
0.2944992918451698
0.3024588287139222
0.3048326003309652
0.3128884434971609
0.3151659088167607
0.3233180582803996
0.3254992173025561
0.3337476730636383
0.3358325257883515
0.3441772878468770
0.3461658342741469
0.3546069026301157
0.3564991427599424
0.3650365174133544
0.3668324512457378
0.3754661321965931
0.3771657597315332
0.3858957469798318
0.3874990682173287
0.3963253617630704
0.3978323767031242
0.4067549765463092
0.4081656851889195
0.4171845913295479
0.4184989936747150
0.4276142061127866
0.4288323021605104
0.4380438208960253
0.4391656106463058
0.4484734356792641
0.4494989191321013
0.4589030504625027
0.4598322276178968
0.4693326652457414
0.4701655361036922
0.4797622800289801
0.4804988445894876
0.4901918948122188
0.4908321530752830
0.5006215095954575
0.5011654615610784
0.5110511243786962
0.5114987700468738
0.5214807391619348
0.5218320785326693
0.5319103539451735
0.5321653870184647
0.5423399687284123
0.5424986955042601
0.5527695835116510
0.5528320039900556
0.5631991982948897
0.5631653124758510
0.5736288130781284
0.5734986209616465
0.5840584278613671
0.5838319294474419
0.5944880426446058
0.5941652379332373
0.6049176574278444
0.6044985464190328
0.6153472722110831
0.6148318549048282
0.6257768869943218
0.6251651633906237
0.6362065017775606
0.6354984718764191
0.6466361165607992
0.6458317803622144
0.6570657313440380
0.6561650888480099
0.6674953461272767
0.6664983973338053
0.6779249609105154
0.6768317058196007
0.6883545756937540
0.1736645926147493
0.1805372347439010
0.1841897194398856
0.1911570720817775
0.1947148462650219
0.2017769094196541
0.2052399730901583
0.2123967467575306
0.2157650999152946
0.2230165840954071
0.2262902267404309
0.2336364214332837
0.2368153535655673
0.2442562587711602
0.2473404803907036
0.2548760961090367
0.2578656072158399
0.2654959334469132
0.2683907340409762
0.2761157707847897
0.2789158608661125
0.2867356081226662
0.2894409876912489
0.2973554454605428
0.2999661145163852
0.3079752827984193
0.3104912413415215
0.3185951201362959
0.3210163681666579
0.3292149574741724
0.3315414949917941
0.3398347948120489
0.3420666218169305
0.3504546321499254
0.3525917486420668
0.3610744694878020
0.3631168754672031
0.3716943068256785
0.3736420022923394
0.3823141441635550
0.3841671291174757
0.3929339815014316
0.3946922559426120
0.4035538188393080
0.4052173827677484
0.4141736561771847
0.4157425095928847
0.4247934935150612
0.4262676364180211
0.4354133308529377
0.4367927632431574
0.4460331681908142
0.4473178900682937
0.4566530055286908
0.4578430168934300
0.4672728428665673
0.4683681437185664
0.4778926802044438
0.4788932705437027
0.4885125175423203
0.4894183973688390
0.4991323548801969
0.4999435241939753
0.5097521922180734
0.5104686510191117
0.5203720295559500
0.5209937778442479
0.5309918668938264
0.5315189046693842
0.5416117042317029
0.5420440314945205
0.5522315415695794
0.5525691583196569
0.5628513789074561
0.5630942851447933
0.5734712162453326
0.5736194119699296
0.5840910535832091
0.5841445387950659
0.5947108909210856
0.5946696656202022
0.6053307282589622
0.6051947924453385
0.6159505655968387
0.6157199192704749
0.6265704029347152
0.6262450460956112
0.6371902402725917
0.6367701729207476
0.6478100776104683
0.6472952997458838
0.6584299149483448
0.6578204265710201
0.6690497522862213
0.6683455533961564
0.6796695896240978
0.6788706802212928
0.6902894269619744
0.6893958070464291
0.7009092642998509
0.1767766952966369
0.1837160247821377
0.1874904344055239
0.1945228497693222
0.1982041735144110
0.2053296747565068
0.2089179126232981
0.2161364997436914
0.2196316517321852
0.2269433247308759
0.2303453908410723
0.2377501497180605
0.2410591299499594
0.2485569747052451
0.2517728690588464
0.2593637996924297
0.2624866081677335
0.2701706246796142
0.2732003472766206
0.2809774496667988
0.2839140863855077
0.2917842746539833
0.2946278254943948
0.3025910996411679
0.3053415646032819
0.3133979246283525
0.3160553037121689
0.3242047496155371
0.3267690428210561
0.3350115746027217
0.3374827819299431
0.3458183995899062
0.3481965210388302
0.3566252245770908
0.3589102601477173
0.3674320495642753
0.3696239992566043
0.3782388745514599
0.3803377383654914
0.3890456995386445
0.3910514774743785
0.3998525245258290
0.4017652165832656
0.4106593495130136
0.4124789556921527
0.4214661745001982
0.4231926948010398
0.4322729994873828
0.4339064339099268
0.4430798244745673
0.4446201730188140
0.4538866494617519
0.4553339121277010
0.4646934744489365
0.4660476512365881
0.4755002994361211
0.4767613903454752
0.4863071244233056
0.4874751294543623
0.4971139494104902
0.4981888685632494
0.5079207743976748
0.5089026076721365
0.5187275993848594
0.5196163467810235
0.5295344243720439
0.5303300858899106
0.5403412493592284
0.5410438249987977
0.5511480743464130
0.5517575641076847
0.5619548993335975
0.5624713032165718
0.5727617243207822
0.5731850423254590
0.5835685493079668
0.5838987814343460
0.5943753742951513
0.5946125205432331
0.6051821992823359
0.6053262596521202
0.6159890242695204
0.6160399987610072
0.6267958492567051
0.6267537378698943
0.6376026742438896
0.6374674769787814
0.6484094992310742
0.6481812160876685
0.6592163242182588
0.6588949551965556
0.6700231492054434
0.6696086943054427
0.6808299741926279
0.6803224334143297
0.6916367991798125
0.6910361725232168
0.7024436241669970
0.7017499116321039
0.7132504491541816
0.1798349500846628
0.1868388531395286
0.1907340379685817
0.1978293739124421
0.2016331258525006
0.2088198946853556
0.2125322137364196
0.2198104154582690
0.2234313016203386
0.2308009362311824
0.2343303895042576
0.2417914570040959
0.2452294773881765
0.2527819777770093
0.2561285652720955
0.2637724985499228
0.2670276531560144
0.2747630193228362
0.2779267410399334
0.2857535400957497
0.2888258289238523
0.2967440608686631
0.2997249168077713
0.3077345816415766
0.3106240046916903
0.3187251024144900
0.3215230925756092
0.3297156231874035
0.3324221804595281
0.3407061439603170
0.3433212683434471
0.3516966647332304
0.3542203562273661
0.3626871855061438
0.3651194441112850
0.3736777062790573
0.3760185319952040
0.3846682270519707
0.3869176198791229
0.3956587478248841
0.3978167077630418
0.4066492685977976
0.4087157956469608
0.4176397893707110
0.4196148835308798
0.4286303101436245
0.4305139714147987
0.4396208309165380
0.4414130592987177
0.4506113516894514
0.4523121471826367
0.4616018724623648
0.4632112350665556
0.4725923932352784
0.4741103229504746
0.4835829140081918
0.4850094108343936
0.4945734347811053
0.4959084987183126
0.5055639555540187
0.5068075866022315
0.5165544763269321
0.5177066744861504
0.5275449970998456
0.5286057623700694
0.5385355178727590
0.5395048502539883
0.5495260386456724
0.5504039381379072
0.5605165594185859
0.5613030260218262
0.5715070801914993
0.5722021139057452
0.5824976009644128
0.5831012017896642
0.5934881217373262
0.5940002896735831
0.6044786425102397
0.6048993775575021
0.6154691632831532
0.6157984654414210
0.6264596840560666
0.6266975533253399
0.6374502048289801
0.6375966412092589
0.6484407256018935
0.6484957290931779
0.6594312463748069
0.6593948169770969
0.6704217671477204
0.6702939048610158
0.6814122879206339
0.6811929927449347
0.6924028086935473
0.6920920806288537
0.7033933294664607
0.7029911685127727
0.7143838502393742
0.7138902563966916
0.7253743710122876
0.1828384254047926
0.1899047685723047
0.1939195420959922
0.2010756373118520
0.2050006587871917
0.2122465060513994
0.2160817754783913
0.2234173747909467
0.2271628921695908
0.2345882435304940
0.2382440088607904
0.2457591122700414
0.2493251255519900
0.2569299810095887
0.2604062422431895
0.2681008497491361
0.2714873589343890
0.2792717184886834
0.2825684756255886
0.2904425872282307
0.2936495923167881
0.3016134559677780
0.3047307090079877
0.3127843247073254
0.3158118256991873
0.3239551934468727
0.3268929423903868
0.3351260621864200
0.3379740590815864
0.3462969309259674
0.3490551757727859
0.3574677996655147
0.3601362924639855
0.3686386684050620
0.3712174091551850
0.3798095371446094
0.3822985258463845
0.3909804058841567
0.3933796425375841
0.4021512746237040
0.4044607592287836
0.4133221433632513
0.4155418759199832
0.4244930121027987
0.4266229926111828
0.4356638808423461
0.4377041093023823
0.4468347495818934
0.4487852259935819
0.4580056183214407
0.4598663426847814
0.4691764870609880
0.4709474593759810
0.4803473558005354
0.4820285760671806
0.4915182245400828
0.4931096927583801
0.5026890932796301
0.5041908094495797
0.5138599620191774
0.5152719261407792
0.5250308307587247
0.5263530428319788
0.5362016994982721
0.5374341595231783
0.5473725682378194
0.5485152762143779
0.5585434369773667
0.5595963929055774
0.5697143057169141
0.5706775095967769
0.5808851744564614
0.5817586262879765
0.5920560431960088
0.5928397429791761
0.6032269119355561
0.6039208596703757
0.6143977806751034
0.6150019763615752
0.6255686494146507
0.6260830930527748
0.6367395181541980
0.6371642097439743
0.6479103868937454
0.6482453264351739
0.6590812556332928
0.6593264431263733
0.6702521243728401
0.6704075598175729
0.6814229931123874
0.6814886765087725
0.6925938618519348
0.6925697931999720
0.7037647305914821
0.7036509098911716
0.7149355993310295
0.7147320265823711
0.7261064680705768
0.7258131432735707
0.7372773368101241
0.1857862063693486
0.1929128371729248
0.1970459764523394
0.2042606511242733
0.2083057465353302
0.2156084650756219
0.2195655166183210
0.2269562790269704
0.2308252867013119
0.2383040929783189
0.2420850567843027
0.2496519069296674
0.2533448268672935
0.2609997208810159
0.2646045969502843
0.2723475348323645
0.2758643670332752
0.2836953487837129
0.2871241371162659
0.2950431627350615
0.2983839071992568
0.3063909766864100
0.3096436772822476
0.3177387906377585
0.3209034473652384
0.3290866045891070
0.3321632174482292
0.3404344185404556
0.3434229875312201
0.3517822324918041
0.3546827576142109
0.3631300464431526
0.3659425276972017
0.3744778603945011
0.3772022977801925
0.3858256743458496
0.3884620678631833
0.3971734882971981
0.3997218379461742
0.4085213022485466
0.4109816080291649
0.4198691161998951
0.4222413781121558
0.4312169301512436
0.4335011481951467
0.4425647441025922
0.4447609182781375
0.4539125580539407
0.4560206883611283
0.4652603720052892
0.4672804584441191
0.4766081859566377
0.4785402285271099
0.4879559999079863
0.4897999986101008
0.4993038138593349
0.5010597686930917
0.5106516278106834
0.5123195387760824
0.5219994417620318
0.5235793088590732
0.5333472557133804
0.5348390789420641
0.5446950696647289
0.5460988490250549
0.5560428836160773
0.5573586191080457
0.5673906975674259
0.5686183891910365
0.5787385115187744
0.5798781592740273
0.5900863254701230
0.5911379293570181
0.6014341394214715
0.6023976994400090
0.6127819533728200
0.6136574695229998
0.6241297673241685
0.6249172396059907
0.6354775812755170
0.6361770096889815
0.6468253952268656
0.6474367797719722
0.6581732091782141
0.6586965498549631
0.6695210231295625
0.6699563199379539
0.6808688370809111
0.6812160900209447
0.6922166510322596
0.6924758601039356
0.7035644649836081
0.7037356301869264
0.7149122789349567
0.7149954002699173
0.7262600928863052
0.7262551703529080
0.7376079068376536
0.7375149404358988
0.7489557207890022
0.1886773950556930
0.1958621426545534
0.2001123886954320
0.2073834451636448
0.2115473823351709
0.2189047476727362
0.2229823759749099
0.2304260501818276
0.2344173696146489
0.2419473526909189
0.2458523632543878
0.2534686552000103
0.2572873568941269
0.2649899577091017
0.2687223505338658
0.2765112602181931
0.2801573441736048
0.2880325627272844
0.2915923378133437
0.2995538652363758
0.3030273314530827
0.3110751677454672
0.3144623250928217
0.3225964702545586
0.3258973187325607
0.3341177727636500
0.3373323123722996
0.3456390752727413
0.3487673060120386
0.3571603777818327
0.3602022996517776
0.3686816802909241
0.3716372932915165
0.3802029828000155
0.3830722869312555
0.3917242853091069
0.3945072805709944
0.4032455878181982
0.4059422742107334
0.4147668903272896
0.4173772678504724
0.4262881928363809
0.4288122614902113
0.4378094953454723
0.4402472551299504
0.4493307978545638
0.4516822487696893
0.4608521003636551
0.4631172424094283
0.4723734028727465
0.4745522360491672
0.4838947053818379
0.4859872296889062
0.4954160078909293
0.4974222233286453
0.5069373104000207
0.5088572169683843
0.5184586129091120
0.5202922106081231
0.5299799154182034
0.5317272042478621
0.5415012179272948
0.5431621978876011
0.5530225204363861
0.5545971915273401
0.5645438229454776
0.5660321851670790
0.5760651254545689
0.5774671788068180
0.5875864279636602
0.5889021724465570
0.5991077304727516
0.6003371660862958
0.6106290329818431
0.6117721597260349
0.6221503354909345
0.6232071533657739
0.6336716380000258
0.6346421470055128
0.6451929405091171
0.6460771406452518
0.6567142430182086
0.6575121342849908
0.6682355455272999
0.6689471279247298
0.6797568480363912
0.6803821215644686
0.6912781505454827
0.6918171152042077
0.7027994530545741
0.7032521088439467
0.7143207555636655
0.7146871024836856
0.7258420580727568
0.7261220961234246
0.7373633605818481
0.7375570897631636
0.7488846630909396
0.7489920834029026
0.7604059656000309
0.1915111107797445
0.1987517866301703
0.2031178447663957
0.2104430681966509
0.2147245787530468
0.2221343497631315
0.2263313127396981
0.2338256313296121
0.2379380467263492
0.2455169128960927
0.2495447807130004
0.2572081944625734
0.2611515146996516
0.2688994760290540
0.2727582486863028
0.2805907575955345
0.2843649826729540
0.2922820391620152
0.2959717166596051
0.3039733207284958
0.3075784506462563
0.3156646022949763
0.3191851846329075
0.3273558838614570
0.3307919186195587
0.3390471654279376
0.3423986526062099
0.3507384469944182
0.3540053865928611
0.3624297285608988
0.3656121205795123
0.3741210101273794
0.3772188545661634
0.3858122916938600
0.3888255885528146
0.3975035732603406
0.4004323225394658
0.4091948548268212
0.4120390565261169
0.4208861363933018
0.4236457905127681
0.4325774179597824
0.4352525244994193
0.4442686995262630
0.4468592584860706
0.4559599810927437
0.4584659924727217
0.4676512626592242
0.4700727264593729
0.4793425442257048
0.4816794604460241
0.4910338257921855
0.4932861944326752
0.5027251073586662
0.5048929284193264
0.5144163889251467
0.5164996624059777
0.5261076704916273
0.5281063963926288
0.5377989520581079
0.5397131303792800
0.5494902336245885
0.5513198643659312
0.5611815151910691
0.5629265983525823
0.5728727967575497
0.5745333323392335
0.5845640783240303
0.5861400663258847
0.5962553598905109
0.5977468003125359
0.6079466414569915
0.6093535342991870
0.6196379230234722
0.6209602682858383
0.6313292045899528
0.6325670022724894
0.6430204861564334
0.6441737362591407
0.6547117677229140
0.6557804702457918
0.6664030492893945
0.6673872042324430
0.6780943308558751
0.6789939382190942
0.6897856124223557
0.6906006722057453
0.7014768939888364
0.7022074061923965
0.7131681755553170
0.7138141401790478
0.7248594571217977
0.7254208741656989
0.7365507386882783
0.7370276081523501
0.7482420202547588
0.7486343421390013
0.7599333018212394
0.7602410761256524
0.7716245833877200
0.1942864903642427
0.2015808888862278
0.2060614291741968
0.2134385882324765
0.2178363679841509
0.2252962875787252
0.2296113067941050
0.2371539869249739
0.2413862456040591
0.2490116862712226
0.2531611844140133
0.2608693856174714
0.2649361232239674
0.2727270849637200
0.2767110620339215
0.2845847843099687
0.2884860008438755
0.2964424836562174
0.3002609396538297
0.3083001830024661
0.3120358784637838
0.3201578823487148
0.3238108172737379
0.3320155816949635
0.3355857560836920
0.3438732810412122
0.3473606948936461
0.3557309803874609
0.3591356337036002
0.3675886797337096
0.3709105725135543
0.3794463790799583
0.3826855113235084
0.3913040784262070
0.3944604501334625
0.4031617777724557
0.4062353889434166
0.4150194771187043
0.4180103277533707
0.4268771764649530
0.4297852665633248
0.4387348758112017
0.4415602053732789
0.4505925751574504
0.4533351441832331
0.4624502745036991
0.4651100829931871
0.4743079738499478
0.4768850218031412
0.4861656731961965
0.4886599606130954
0.4980233725424452
0.5004348994230494
0.5098810718886940
0.5122098382330036
0.5217387712349427
0.5239847770429578
0.5335964705811913
0.5357597158529118
0.5454541699274400
0.5475346546628659
0.5573118692736887
0.5593095934728199
0.5691695686199374
0.5710845322827741
0.5810272679661861
0.5828594710927282
0.5928849673124348
0.5946344099026822
0.6047426666586835
0.6064093487126364
0.6166003660049322
0.6181842875225905
0.6284580653511809
0.6299592263325446
0.6403157646974296
0.6417341651424987
0.6521734640436783
0.6535091039524529
0.6640311633899270
0.6652840427624069
0.6758888627361757
0.6770589815723610
0.6877465620824244
0.6888339203823151
0.6996042614286730
0.7006088591922692
0.7114619607749217
0.7123837980022234
0.7233196601211704
0.7241587368121775
0.7351773594674191
0.7359336756221315
0.7470350588136678
0.7477086144320857
0.7588927581599165
0.7594835532420398
0.7707504575061652
0.7712584920519938
0.7826081568524139
0.1970026884016805
0.2043485876507727
0.2089422452745096
0.2163690928067005
0.2208818021473387
0.2283895979626283
0.2328213590201679
0.2404101031185561
0.2447609158929970
0.2524306082744839
0.2567004727658261
0.2644511134304118
0.2686400296386552
0.2764716185863396
0.2805795865114843
0.2884921237422673
0.2925191433843135
0.3005126288981951
0.3044587002571426
0.3125331340541229
0.3163982571299717
0.3245536392100507
0.3283378140028009
0.3365741443659785
0.3402773708756300
0.3485946495219064
0.3522169277484591
0.3606151546778342
0.3641564846212882
0.3726356598337620
0.3760960414941174
0.3846561649896898
0.3880355983669465
0.3966766701456176
0.3999751552397756
0.4086971753015454
0.4119147121126047
0.4207176804574732
0.4238542689854338
0.4327381856134010
0.4357938258582629
0.4447586907693288
0.4477333827310920
0.4567791959252566
0.4596729396039212
0.4687997010811845
0.4716124964767503
0.4808202062371122
0.4835520533495794
0.4928407113930400
0.4954916102224086
0.5048612165489679
0.5074311670952376
0.5168817217048957
0.5193707239680668
0.5289022268608236
0.5313102808408959
0.5409227320167513
0.5432498377137250
0.5529432371726791
0.5551893945865541
0.5649637423286069
0.5671289514593832
0.5769842474845347
0.5790685083322124
0.5890047526404625
0.5910080652050416
0.6010252577963903
0.6029476220778707
0.6130457629523181
0.6148871789506998
0.6250662681082458
0.6268267358235289
0.6370867732641737
0.6387662926963581
0.6491072784201015
0.6507058495691872
0.6611277835760293
0.6626454064420163
0.6731482887319571
0.6745849633148454
0.6851687938878849
0.6865245201876745
0.6971892990438128
0.6984640770605036
0.7092098041997406
0.7104036339333327
0.7212303093556683
0.7223431908061619
0.7332508145115962
0.7342827476789910
0.7452713196675240
0.7462223045518201
0.7572918248234518
0.7581618614246493
0.7693123299793796
0.7701014182974784
0.7813328351353074
0.7820409751703075
0.7933533402912352
0.1996588775118232
0.2070540398559499
0.2117594155428428
0.2192336892592411
0.2238599535738624
0.2314133386625323
0.2359604916048820
0.2435929880658234
0.2480610296359016
0.2557726374691146
0.2601615676669211
0.2679522868724058
0.2722621056979407
0.2801319362756969
0.2843626437289604
0.2923115856789881
0.2964631817599799
0.3044912350822793
0.3085637197909995
0.3166708844855705
0.3206642578220191
0.3288505338888616
0.3327647958530387
0.3410301832921528
0.3448653338840583
0.3532098326954440
0.3569658719150778
0.3653894820987352
0.3690664099460975
0.3775691315020263
0.3811669479771170
0.3897487809053175
0.3932674860081366
0.4019284303086086
0.4053680240391562
0.4141080797118998
0.4174685620701758
0.4262877291151910
0.4295691001011954
0.4384673785184821
0.4416696381322149
0.4506470279217733
0.4537701761632345
0.4628266773250644
0.4658707141942542
0.4750063267283557
0.4779712522252738
0.4871859761316468
0.4900717902562933
0.4993656255349380
0.5021723282873130
0.5115452749382292
0.5142728663183325
0.5237249243415204
0.5263734043493522
0.5359045737448116
0.5384739423803717
0.5480842231481028
0.5505744804113913
0.5602638725513939
0.5626750184424109
0.5724435219546851
0.5747755564734305
0.5846231713579763
0.5868760945044500
0.5968028207612673
0.5989766325354696
0.6089824701645585
0.6110771705664892
0.6211621195678497
0.6231777085975088
0.6333417689711409
0.6352782466285284
0.6455214183744321
0.6473787846595480
0.6577010677777233
0.6594793226905676
0.6698807171810144
0.6715798607215872
0.6820603665843056
0.6836803987526068
0.6942400159875968
0.6957809367836263
0.7064196653908880
0.7078814748146459
0.7185993147941790
0.7199820128456654
0.7307789641974702
0.7320825508766852
0.7429586136007614
0.7441830889077047
0.7551382630040526
0.7562836269387243
0.7673179124073438
0.7683841649697439
0.7794975618106350
0.7804847030007634
0.7916772112139261
0.7925852410317831
0.8038568606172173
0.2022542485937369
0.2096964213948095
0.2145120818418421
0.2220315050062689
0.2267699150899474
0.2343665886177283
0.2390277483380527
0.2467016722291877
0.2512855815861579
0.2590367558406470
0.2635434148342632
0.2713718394521065
0.2758012480823685
0.2837069230635658
0.2880590813304738
0.2960420066750252
0.3003169145785790
0.3083770902864846
0.3125747478266842
0.3207121738979439
0.3248325810747895
0.3330472575094033
0.3370904143228948
0.3453823411208627
0.3493482475710000
0.3577174247323221
0.3616060808191053
0.3700525083437815
0.3738639140672106
0.3823875919552409
0.3861217473153158
0.3947226755667003
0.3983795805634211
0.4070577591781596
0.4106374138115264
0.4193928427896190
0.4228952470596316
0.4317279264010784
0.4351530803077369
0.4440630100125377
0.4474109135558421
0.4563980936239971
0.4596687468039474
0.4687331772354565
0.4719265800520527
0.4810682608469160
0.4841844133001580
0.4934033444583753
0.4964422465482632
0.5057384280698347
0.5087000797963684
0.5180735116812940
0.5209579130444737
0.5304085952927535
0.5332157462925791
0.5427436789042129
0.5454735795406843
0.5550787625156722
0.5577314127887896
0.5674138461271316
0.5699892460368948
0.5797489297385910
0.5822470792850001
0.5920840133500503
0.5945049125331053
0.6044190969615097
0.6067627457812106
0.6167541805729692
0.6190205790293158
0.6290892641844285
0.6312784122774211
0.6414243477958879
0.6435362455255264
0.6537594314073473
0.6557940787736317
0.6660945150188067
0.6680519120217370
0.6784295986302661
0.6803097452698422
0.6907646822417254
0.6925675785179475
0.7030997658531848
0.7048254117660527
0.7154348494646442
0.7170832450141580
0.7277699330761035
0.7293410782622632
0.7401050166875629
0.7415989115103686
0.7524401002990224
0.7538567447584739
0.7647751839104817
0.7661145780065791
0.7771102675219411
0.7783724112546844
0.7894453511334005
0.7906302445027896
0.8017804347448598
0.8028880777508949
0.8141155183563192
0.2047880110722479
0.2122749273723374
0.2171994056826872
0.2247616878060043
0.2296108002931265
0.2372484482396712
0.2420221949035658
0.2497352086733381
0.2544335895140050
0.2622219691070050
0.2668449841244443
0.2747087295406719
0.2792563787348836
0.2871954899743388
0.2916677733453228
0.2996822504080057
0.3040791679557621
0.3121690108416726
0.3164905625662014
0.3246557712753395
0.3289019571766406
0.3371425317090064
0.3413133517870799
0.3496292921426734
0.3537247463975192
0.3621160525763402
0.3661361410079584
0.3746028130100072
0.3785475356183978
0.3870895734436741
0.3909589302288370
0.3995763338773410
0.4033703248392763
0.4120630943110078
0.4157817194497155
0.4245498547446747
0.4281931140601548
0.4370366151783416
0.4406045086705940
0.4495233756120085
0.4530159032810333
0.4620101360456754
0.4654272978914726
0.4744968964793423
0.4778386925019119
0.4869836569130093
0.4902500871123512
0.4994704173466762
0.5026614817227905
0.5119571777803431
0.5150728763332297
0.5244439382140100
0.5274842709436689
0.5369306986476770
0.5398956655541083
0.5494174590813439
0.5523070601645476
0.5619042195150108
0.5647184547749868
0.5743909799486776
0.5771298493854261
0.5868777403823445
0.5895412439958654
0.5993645008160114
0.6019526386063045
0.6118512612496784
0.6143640332167438
0.6243380216833452
0.6267754278271831
0.6368247821170121
0.6391868224376224
0.6493115425506790
0.6515982170480616
0.6617983029843459
0.6640096116585009
0.6742850634180129
0.6764210062689402
0.6867718238516798
0.6888324008793795
0.6992585842853467
0.7012437954898187
0.7117453447190135
0.7136551901002580
0.7242321051526804
0.7260665847106973
0.7367188655863474
0.7384779793211366
0.7492056260200143
0.7508893739315758
0.7616923864536812
0.7633007685420151
0.7741791468873481
0.7757121631524544
0.7866659073210150
0.7881235577628937
0.7991526677546820
0.8005349523733329
0.8116394281883488
0.8129463469837722
0.8241261886220157
0.2072593931387604
0.2147887723506342
0.2198205684805035
0.2274234060183186
0.2323817438222465
0.2400580396860030
0.2449429191639896
0.2526926733536873
0.2575040945057326
0.2653273070213717
0.2700652698474757
0.2779619406890561
0.2826264451892188
0.2905965743567405
0.2951876205309619
0.3032312080244248
0.3077487958727049
0.3158658416921092
0.3203099712144479
0.3285004753597935
0.3328711465561910
0.3411351090274779
0.3454323218979340
0.3537697426951623
0.3579934972396771
0.3664043763628466
0.3705546725814202
0.3790390100305310
0.3831158479231633
0.3916736436982154
0.3956770232649063
0.4043082773658997
0.4082381986066493
0.4169429110335841
0.4207993739483924
0.4295775447012685
0.4333605492901355
0.4422121783689528
0.4459217246318785
0.4548468120366372
0.4584828999736215
0.4674814457043215
0.4710440753153646
0.4801160793720059
0.4836052506571077
0.4927507130396903
0.4961664259988507
0.5053853467073747
0.5087276013405938
0.5180199803750590
0.5212887766823369
0.5306546140427434
0.5338499520240799
0.5432892477104279
0.5464111273658230
0.5559238813781122
0.5589723027075660
0.5685585150457966
0.5715334780493091
0.5811931487134809
0.5840946533910522
0.5938277823811653
0.5966558287327952
0.6064624160488497
0.6092170040745383
0.6190970497165340
0.6217781794162813
0.6317316833842184
0.6343393547580244
0.6443663170519027
0.6469005300997674
0.6570009507195871
0.6594617054415104
0.6696355843872714
0.6720228807832536
0.6822702180549558
0.6845840561249966
0.6949048517226402
0.6971452314667397
0.7075394853903245
0.7097064068084827
0.7201741190580089
0.7222675821502258
0.7328087527256932
0.7348287574919689
0.7454433863933776
0.7473899328337118
0.7580780200610620
0.7599511081754550
0.7707126537287464
0.7725122835171980
0.7833472873964308
0.7850734588589411
0.7959819210641151
0.7976346342006841
0.8086165547317995
0.8101958095424272
0.8212511883994839
0.8227569848841703
0.8338858220671682
0.2096676419863560
0.2172371905881675
0.2223747718037109
0.2300158488580597
0.2350819016210658
0.2427945071279520
0.2477890314384208
0.2555731653978441
0.2604961612557756
0.2683518236677364
0.2732032910731306
0.2811304819376286
0.2859104208904855
0.2939091402075208
0.2986175507078404
0.3066877984774130
0.3113246805251953
0.3194664567473052
0.3240318103425502
0.3322451150171974
0.3367389401599051
0.3450237732870896
0.3494460699772600
0.3578024315569818
0.3621531997946149
0.3705810898268740
0.3748603296119699
0.3833597480967663
0.3875674594293248
0.3961384063666585
0.4002745892466797
0.4089170646365506
0.4129817190640346
0.4216957229064429
0.4256888488813895
0.4344743811763351
0.4383959786987444
0.4472530394462272
0.4511031085160992
0.4600316977161195
0.4638102383334542
0.4728103559860116
0.4765173681508091
0.4855890142559038
0.4892244979681641
0.4983676725257961
0.5019316277855189
0.5111463307956883
0.5146387576028738
0.5239249890655805
0.5273458874202288
0.5367036473354727
0.5400530172375837
0.5494823056053650
0.5527601470549387
0.5622609638752573
0.5654672768722936
0.5750396221451494
0.5781744066896485
0.5878182804150416
0.5908815365070034
0.6005969386849338
0.6035886663243583
0.6133755969548260
0.6162957961417131
0.6261542552247182
0.6290029259590680
0.6389329134946103
0.6417100557764229
0.6517115717645026
0.6544171855937778
0.6644902300343948
0.6671243154111327
0.6772688883042871
0.6798314452284877
0.6900475465741792
0.6925385750458426
0.7028262048440714
0.7052457048631975
0.7156048631139637
0.7179528346805524
0.7283835213838559
0.7306599644979073
0.7411621796537481
0.7433670943152623
0.7539408379236403
0.7560742241326172
0.7667194961935324
0.7687813539499722
0.7794981544634247
0.7814884837673270
0.7922768127333170
0.7941956135846819
0.8050554710032092
0.8069027434020368
0.8178341292731013
0.8196098732193917
0.8306127875429935
0.8323170030367466
0.8433914458128857
0.2120120240391065
0.2196194362730237
0.2248612376172341
0.2325382266420251
0.2377104511953618
0.2454570170110266
0.2505596647734895
0.2583758073800280
0.2634088783516171
0.2712945977490293
0.2762580919297448
0.2842133881180308
0.2891073055078725
0.2971321784870322
0.3019565190860002
0.3100509688560335
0.3148057326641278
0.3229697592250349
0.3276549462422555
0.3358885495940363
0.3405041598203831
0.3488073399630377
0.3533533733985108
0.3617261303320391
0.3662025869766385
0.3746449207010405
0.3790518005547661
0.3875637110700419
0.3919010141328939
0.4004825014390433
0.4047502277110215
0.4134012918080447
0.4175994412891492
0.4263200821770461
0.4304486548672768
0.4392388725460475
0.4432978684454045
0.4521576629150489
0.4561470820235321
0.4650764532840502
0.4689962956016598
0.4779952436530516
0.4818455091797874
0.4909140340220530
0.4946947227579152
0.5038328243910545
0.5075439363360428
0.5167516147600559
0.5203931499141705
0.5296704051290573
0.5332423634922981
0.5425891954980586
0.5460915770704258
0.5555079858670602
0.5589407906485535
0.5684267762360615
0.5717900042266812
0.5813455666050629
0.5846392178048089
0.5942643569740643
0.5974884313829365
0.6071831473430657
0.6103376449610641
0.6201019377120670
0.6231868585391919
0.6330207280810685
0.6360360721173195
0.6459395184500698
0.6488852856954471
0.6588583088190713
0.6617344992735747
0.6717770991880726
0.6745837128517024
0.6846958895570741
0.6874329264298302
0.6976146799260755
0.7002821400079579
0.7105334702950769
0.7131313535860855
0.7234522606640782
0.7259805671642131
0.7363710510330796
0.7388297807423408
0.7492898414020810
0.7516789943204685
0.7622086317710823
0.7645282078985961
0.7751274221400838
0.7773774214767238
0.7880462125090852
0.7902266350548515
0.8009650028780866
0.8030758486329792
0.8138837932470880
0.8159250622111068
0.8268025836160894
0.8287742757892345
0.8397213739850908
0.8416234893673621
0.8526401643540922
0.2142918251755281
0.2219347837500900
0.2272792085194995
0.2349897710295070
0.2402665918634709
0.2480447583089241
0.2532539752074423
0.2610997455883411
0.2662413585514137
0.2741547328677582
0.2792287418953850
0.2872097201471753
0.2922161252393565
0.3002647074265923
0.3052035085833279
0.3133196947060093
0.3181908919272993
0.3263746819854264
0.3311782752712706
0.3394296692648435
0.3441656586152421
0.3524846565442605
0.3571530419592135
0.3655396438236776
0.3701404253031849
0.3785946311030946
0.3831278086471563
0.3916496183825117
0.3961151919911277
0.4047046056619288
0.4091025753350991
0.4177595929413458
0.4220899586790705
0.4308145802207629
0.4350773420230419
0.4438695675001799
0.4480647253670133
0.4569245547795969
0.4610521087109846
0.4699795420590140
0.4740394920549560
0.4830345293384311
0.4870268753989274
0.4960895166178481
0.5000142587428988
0.5091445038972652
0.5130016420868703
0.5221994911766823
0.5259890254308417
0.5352544784560993
0.5389764087748130
0.5483094657355163
0.5519637921187844
0.5613644530149335
0.5649511754627560
0.5744194402943505
0.5779385588067273
0.5874744275737676
0.5909259421506987
0.6005294148531847
0.6039133254946701
0.6135844021326017
0.6169007088386415
0.6266393894120187
0.6298880921826129
0.6396943766914358
0.6428754755265842
0.6527493639708528
0.6558628588705556
0.6658043512502698
0.6688502422145270
0.6788593385296869
0.6818376255584984
0.6919143258091041
0.6948250089024699
0.7049693130885211
0.7078123922464413
0.7180243003679381
0.7207997755904126
0.7310792876473552
0.7337871589343841
0.7441342749267722
0.7467745422783555
0.7571892622061892
0.7597619256223268
0.7702442494856063
0.7727493089662982
0.7832992367650233
0.7857366923102697
0.7963542240444405
0.7987240756542411
0.8094092113238576
0.8117114589982125
0.8224641986032746
0.8246988423421838
0.8355191858826916
0.8376862256861553
0.8485741731621087
0.8506736090301267
0.8616291604415257
0.2165063509461096
0.2241825277420953
0.2296279479731466
0.2373697352563362
0.2427495450001835
0.2505569427705772
0.2558711420272205
0.2637441502848181
0.2689927390542575
0.2769313577990590
0.2821143360812944
0.2901185653132999
0.2952359331083313
0.3033057728275408
0.3083575301353683
0.3164929803417817
0.3214791271624052
0.3296801878560225
0.3346007241894422
0.3428673953702635
0.3477223212164791
0.3560546028845044
0.3608439182435161
0.3692418103987453
0.3739655152705531
0.3824290179129862
0.3870871122975900
0.3956162254272271
0.4002087093246269
0.4088034329414680
0.4133303063516639
0.4219906404557089
0.4264519033787008
0.4351778479699498
0.4395735004057378
0.4483650554841907
0.4526950974327747
0.4615522629984316
0.4658166944598117
0.4747394705126725
0.4789382914868486
0.4879266780269134
0.4920598885138855
0.5011138855411542
0.5051814855409226
0.5143010930553953
0.5183030825679595
0.5274883005696361
0.5314246795949964
0.5406755080838770
0.5445462766220334
0.5538627155981179
0.5576678736490703
0.5670499231123589
0.5707894706761073
0.5802371306265998
0.5839110677031443
0.5934243381408407
0.5970326647301812
0.6066115456550816
0.6101542617572181
0.6197987531693224
0.6232758587842551
0.6329859606835634
0.6363974558112920
0.6461731681978042
0.6495190528383290
0.6593603757120451
0.6626406498653659
0.6725475832262860
0.6757622468924028
0.6857347907405269
0.6888838439194398
0.6989219982547679
0.7020054409464768
0.7121092057690088
0.7151270379735137
0.7252964132832497
0.7282486350005507
0.7384836207974905
0.7413702320275876
0.7516708283117315
0.7544918290546245
0.7648580358259723
0.7676134260816615
0.7780452433402133
0.7807350231086984
0.7912324508544542
0.7938566201357354
0.8044196583686951
0.8069782171627724
0.8176068658829361
0.8200998141898094
0.8307940733971769
0.8332214112168462
0.8439812809114178
0.8463430082438832
0.8571684884256587
0.8594646052709202
0.8703556959398996
0.2186549267848489
0.2263619835644456
0.2319067405293852
0.2396773943623541
0.2451585542739215
0.2529928051602627
0.2584103680184578
0.2663082159581713
0.2716621817629941
0.2796236267560799
0.2849139955075304
0.2929390375539885
0.2981658092520668
0.3062544483518970
0.3114176229966030
0.3195698591498056
0.3246694367411394
0.3328852699477141
0.3379212504856756
0.3462006807456227
0.3511730642302119
0.3595160915435312
0.3644248779747483
0.3728315023414398
0.3776766917192845
0.3861469131393484
0.3909285054638208
0.3994623239372570
0.4041803192083572
0.4127777347351655
0.4174321329528934
0.4260931455330741
0.4306839466974297
0.4394085563309826
0.4439357604419660
0.4527239671288912
0.4571875741865023
0.4660393779267997
0.4704393879310386
0.4793547887247083
0.4836912016755749
0.4926701995226169
0.4969430154201112
0.5059856103205254
0.5101948291646475
0.5193010211184340
0.5234466429091839
0.5326164319163426
0.5366984566537201
0.5459318427142511
0.5499502703982564
0.5592472535121598
0.5632020841427927
0.5725626643100684
0.5764538978873290
0.5858780751079770
0.5897057116318654
0.5991934859058855
0.6029575253764017
0.6125088967037940
0.6162093391209379
0.6258243075017026
0.6294611528654742
0.6391397182996111
0.6427129666100105
0.6524551290975197
0.6559647803545468
0.6657705398954282
0.6692165940990831
0.6790859506933368
0.6824684078436194
0.6924013614912453
0.6957202215881557
0.7057167722891540
0.7089720353326920
0.7190321830870625
0.7222238490772284
0.7323475938849711
0.7354756628217646
0.7456630046828796
0.7487274765663009
0.7589784154807881
0.7619792903108372
0.7722938262786968
0.7752311040553735
0.7856092370766053
0.7884829177999098
0.7989246478745139
0.8017347315444462
0.8122400586724225
0.8149865452889824
0.8255554694703311
0.8282383590335187
0.8388708802682396
0.8414901727780550
0.8521862910661482
0.8547419865225913
0.8655017018640567
0.8679938002671276
0.8788171126619653
0.2207368982147317
0.2284724873337843
0.2341148920459276
0.2419120454122422
0.2474928858771234
0.2553516034907002
0.2608708797083193
0.2687911615691581
0.2742488735395152
0.2822307196476160
0.2876268673707110
0.2956702777260739
0.3010048612019069
0.3091098358045318
0.3143828550331028
0.3225493938829897
0.3277608488642986
0.3359889519614476
0.3411388426954945
0.3494285100399054
0.3545168365266903
0.3628680681183634
0.3678948303578862
0.3763076261968213
0.3812728241890820
0.3897471842752792
0.3946508180202779
0.4031867423537371
0.4080288118514738
0.4166263004321950
0.4214068056826696
0.4300658585106529
0.4347847995138655
0.4435054165891108
0.4481627933450614
0.4569449746675687
0.4615407871762572
0.4703845327460266
0.4749187810074531
0.4838240908244845
0.4882967748386489
0.4972636489029424
0.5016747686698447
0.5107032069814003
0.5150527625010407
0.5241427650598582
0.5284307563322366
0.5375823231383161
0.5418087501634324
0.5510218812167740
0.5551867439946283
0.5644614392952320
0.5685647378258241
0.5779009973736899
0.5819427316570200
0.5913405554521478
0.5953207254882159
0.6047801135306057
0.6086987193194118
0.6182196716090635
0.6220767131506076
0.6316592296875215
0.6354547069818035
0.6450987877659794
0.6488327008129993
0.6585383458444373
0.6622106946441951
0.6719779039228951
0.6755886884753910
0.6854174620013530
0.6889666823065869
0.6988570200798109
0.7023446761377827
0.7122965781582690
0.7157226699689787
0.7257361362367268
0.7291006638001745
0.7391756943151847
0.7424786576313703
0.7526152523936426
0.7558566514625662
0.7660548104721004
0.7692346452937621
0.7794943685505584
0.7826126391249579
0.7929339266290163
0.7959906329561538
0.8063734847074742
0.8093686267873497
0.8198130427859321
0.8227466206185455
0.8332526008643900
0.8361246144497414
0.8466921589428479
0.8495026082809373
0.8601317170213059
0.8628806021121331
0.8735712750997637
0.8762585959433290
0.8870108331782216
0.2227516310470919
0.2305133961702185
0.2362517298984309
0.2440730077096432
0.2497518287497697
0.2576326192490678
0.2632519276011087
0.2711922307884924
0.2767520264524476
0.2847518423279171
0.2902521253037865
0.2983114538673417
0.3037522241551254
0.3118710654067663
0.3172523230064643
0.3254306769461909
0.3307524218578032
0.3389902884856155
0.3442525207091421
0.3525499000250401
0.3577526195604810
0.3661095115644648
0.3712527184118199
0.3796691231038894
0.3847528172631588
0.3932287346433140
0.3982529161144977
0.4067883461827387
0.4117530149658367
0.4203479577221633
0.4252531138171756
0.4339075692615879
0.4387532126685145
0.4474671808010125
0.4522533115198533
0.4610267923404371
0.4657534103711922
0.4745864038798617
0.4792535092225311
0.4881460154192863
0.4927536080738700
0.5017056269587109
0.5062537069252089
0.5152652384981355
0.5197538057765480
0.5288248500375603
0.5332539046278868
0.5423844615769848
0.5467540034792256
0.5559440731164095
0.5602541023305646
0.5695036846558341
0.5737542011819035
0.5830632961952588
0.5872543000332425
0.5966229077346834
0.6007543988845814
0.6101825192741080
0.6142544977359202
0.6237421308135326
0.6277545965872592
0.6373017423529572
0.6412546954385980
0.6508613538923819
0.6547547942899370
0.6644209654318064
0.6682548931412758
0.6779805769712310
0.6817549919926147
0.6915401885106557
0.6952550908439536
0.7050998000500802
0.7087551896952925
0.7186594115895050
0.7222552885466316
0.7322190231289296
0.7357553873979704
0.7457786346683541
0.7492554862493093
0.7593382462077788
0.7627555851006482
0.7728978577472034
0.7762556839519871
0.7864574692866281
0.7897557828033260
0.8000170808260526
0.8032558816546649
0.8135766923654772
0.8167559805060038
0.8271363039049020
0.8302560793573428
0.8406959154443265
0.8437561782086817
0.8542555269837512
0.8572562770600205
0.8678151385231758
0.8707563759113595
0.8813747500626004
0.8842564747626983
0.8949343616020250
0.2246985115747918
0.2324840883931459
0.2383166031853852
0.2461596230045074
0.2519346947959786
0.2598351576158690
0.2655527864065721
0.2735106922272305
0.2791708780171655
0.2871862268385920
0.2927889696277590
0.3008617614499535
0.3064070612383524
0.3145372960613150
0.3200251528489458
0.3282128306726765
0.3336432444595393
0.3418883652840381
0.3472613360701327
0.3555638998953996
0.3608794276807261
0.3692394345067611
0.3744975192913196
0.3829149691181227
0.3881156109019130
0.3965905037294842
0.4017337025125065
0.4102660383408457
0.4153517941231000
0.4239415729522072
0.4289698857336934
0.4376171075635688
0.4425879773442868
0.4512926421749303
0.4562060689548803
0.4649681767862918
0.4698241605654737
0.4786437113976533
0.4834422521760671
0.4923192460090148
0.4970603437866605
0.5059947806203763
0.5106784353972540
0.5196703152317378
0.5242965270078475
0.5333458498430994
0.5379146186184409
0.5470213844544609
0.5515327102290343
0.5606969190658224
0.5651508018396277
0.5743724536771839
0.5787688934502212
0.5880479882885455
0.5923869850608147
0.6017235228999070
0.6060050766714081
0.6153990575112686
0.6196231682820016
0.6290745921226301
0.6332412598925949
0.6427501267339916
0.6468593515031884
0.6564256613453531
0.6604774431137819
0.6701011959567146
0.6740955347243753
0.6837767305680762
0.6877136263349687
0.6974522651794377
0.7013317179455621
0.7111277997907992
0.7149498095561556
0.7248033344021608
0.7285679011667491
0.7384788690135223
0.7421859927773425
0.7521544036248838
0.7558040843879359
0.7658299382362453
0.7694221759985294
0.7795054728476069
0.7830402676091228
0.7931810074589684
0.7966583592197163
0.8068565420703299
0.8102764508303096
0.8205320766816914
0.8238945424409032
0.8342076112930530
0.8375126340514966
0.8478831459044145
0.8511307256620900
0.8615586805157760
0.8647488172726835
0.8752342151271375
0.8783669088832768
0.8889097497384990
0.8919850004938703
0.9025852843498605
0.2265769467591625
0.2343839637106248
0.2403088829263844
0.2481712556936027
0.2540408190936064
0.2619585476765807
0.2677727552608284
0.2757458396595586
0.2815046914280503
0.2895331316425365
0.2952366275952723
0.3033204236255144
0.3089685637624943
0.3171077156084924
0.3227004999297163
0.3308950075914703
0.3364324360969382
0.3446822995744482
0.3501643722641602
0.3584695915574261
0.3638963084313822
0.3722568835404040
0.3776282445986042
0.3860441755233820
0.3913601807658261
0.3998314675063599
0.4050921169330481
0.4136187594893379
0.4188240531002701
0.4274060514723158
0.4325559892674921
0.4411933434552937
0.4462879254347140
0.4549806354382716
0.4600198616019359
0.4687679274212495
0.4737517977691579
0.4825552194042275
0.4874837339363798
0.4963425113872054
0.5012156701036018
0.5101298033701833
0.5149476062708238
0.5239170953531612
0.5286795424380458
0.5377043873361392
0.5424114786052678
0.5514916793191171
0.5561434147724897
0.5652789713020950
0.5698753509397116
0.5790662632850729
0.5836072871069337
0.5928535552680509
0.5973392232741557
0.6066408472510288
0.6110711594413777
0.6204281392340067
0.6248030956085996
0.6342154312169848
0.6385350317758216
0.6480027231999627
0.6522669679430435
0.6617900151829406
0.6659989041102655
0.6755773071659185
0.6797308402774874
0.6893645991488964
0.6934627764447094
0.7031518911318743
0.7071947126119313
0.7169391831148522
0.7209266487791534
0.7307264750978302
0.7346585849463754
0.7445137670808082
0.7483905211135974
0.7583010590637861
0.7621224572808193
0.7720883510467640
0.7758543934480413
0.7858756430297419
0.7895863296152632
0.7996629350127198
0.8033182657824851
0.8134502269956977
0.8170502019497071
0.8272375189786756
0.8307821381169291
0.8410248109616536
0.8445140742841512
0.8548121029446315
0.8582460104513731
0.8685993949276095
0.8719779466185951
0.8823866869105874
0.8857098827858170
0.8961739788935653
0.8994418189530390
0.9099612708765432
0.2283863644106502
0.2362124434022289
0.2422279622537199
0.2501072930141247
0.2560695600967896
0.2640021426260206
0.2699111579398594
0.2778969922379164
0.2837527557829291
0.2917918418498122
0.2975943536259987
0.3056866914617081
0.3114359514690685
0.3195815410736039
0.3252775493121382
0.3334763906854997
0.3391191471552079
0.3473712402973955
0.3529607449982776
0.3612660899092913
0.3668023428413473
0.3751609395211871
0.3806439406844170
0.3890557891330829
0.3944855385274867
0.4029506387449788
0.4083271363705565
0.4168454883568746
0.4221687342136262
0.4307403379687704
0.4360103320566959
0.4446351875806662
0.4498519298997656
0.4585300371925620
0.4636935277428353
0.4724248868044578
0.4775351255859050
0.4863197364163536
0.4913767234289747
0.5002145860282494
0.5052183212720444
0.5141094356401452
0.5190599191151141
0.5280042852520410
0.5329015169581839
0.5418991348639369
0.5467431148012536
0.5557939844758327
0.5605847126443233
0.5696888340877285
0.5744263104873930
0.5835836836996244
0.5882679083304627
0.5974785333115203
0.6021095061735324
0.6113733829234161
0.6159511040166021
0.6252682325353119
0.6297927018596718
0.6391630821472077
0.6436342997027416
0.6530579317591035
0.6574758975458113
0.6669527813709993
0.6713174953888810
0.6808476309828951
0.6851590932319507
0.6947424805947909
0.6990006910750204
0.7086373302066867
0.7128422889180901
0.7225321798185825
0.7266838867611597
0.7364270294304784
0.7405254846042295
0.7503218790423742
0.7543670824472992
0.7642167286542700
0.7682086802903689
0.7781115782661658
0.7820502781334386
0.7920064278780616
0.7958918759765083
0.8059012774899575
0.8097334738195781
0.8197961271018533
0.8235750716626478
0.8336909767137491
0.8374166695057176
0.8475858263256451
0.8512582673487872
0.8614806759375409
0.8650998651918569
0.8753755255494367
0.8789414630349266
0.8892703751613324
0.8927830608779963
0.9031652247732282
0.9066246587210660
0.9170600743851240
0.2301262133631101
0.2379689704953314
0.2440732565972380
0.2519671452303509
0.2580202998313658
0.2659653199653704
0.2719673430654937
0.2799634947003899
0.2859143862996216
0.2939616694354094
0.2998614295337495
0.3079598441704289
0.3138084727678774
0.3219580189054485
0.3277555160020053
0.3359561936404679
0.3417025592361332
0.3499543683754874
0.3556496024702611
0.3639525431105069
0.3695966457043889
0.3779507178455264
0.3835436889385168
0.3919488925805459
0.3974907321726447
0.4059470673155654
0.4114377754067726
0.4199452420505849
0.4253848186409005
0.4339434167856044
0.4393318618750284
0.4479415915206239
0.4532789051091562
0.4619397662556434
0.4672259483432841
0.4759379409906628
0.4811729915774120
0.4899361157256824
0.4951200348115399
0.5039342904607018
0.5090670780456678
0.5179324651957213
0.5230141212797956
0.5319306399307407
0.5369611645139236
0.5459288146657604
0.5509082077480515
0.5599269894007799
0.5648552509821794
0.5739251641357993
0.5788022942163072
0.5879233388708188
0.5927493374504351
0.6019215136058385
0.6066963806845630
0.6159196883408579
0.6206434239186909
0.6299178630758774
0.6345904671528187
0.6439160378108969
0.6485375103869466
0.6579142125459163
0.6624845536210745
0.6719123872809358
0.6764315968552024
0.6859105620159553
0.6903786400893303
0.6999087367509748
0.7043256833234581
0.7139069114859943
0.7182727265575860
0.7279050862210138
0.7322197697917139
0.7419032609560333
0.7461668130258419
0.7559014356910528
0.7601138562599697
0.7698996104260724
0.7740608994940976
0.7838977851610918
0.7880079427282255
0.7978959598961113
0.8019549859623534
0.8118941346311308
0.8159020291964812
0.8258923093661502
0.8298490724306091
0.8398904841011697
0.8437961156647371
0.8538886588361894
0.8577431588988650
0.8678868335712088
0.8716902021329929
0.8818850083062283
0.8856372453671207
0.8958831830412478
0.8995842886012486
0.9098813577762672
0.9135313318353765
0.9238795325112867
0.2317959636416969
0.2396530099347639
0.2458442038624057
0.2537502458132794
0.2598924440831146
0.2678474816917950
0.2739406843038236
0.2819447175703105
0.2879889245245325
0.2960419534488260
0.3020371647452413
0.3101391893273416
0.3160854049659503
0.3242364252058570
0.3301336451866592
0.3383336610843726
0.3441818854073680
0.3524308969628881
0.3582301256280769
0.3665281328414036
0.3722783658487858
0.3806253687199191
0.3863266060694948
0.3947226045984347
0.4003748462902036
0.4088198404769502
0.4144230865109125
0.4229170763554658
0.4284713267316215
0.4370143122339812
0.4425195669523304
0.4511115481124968
0.4565678071730392
0.4652087839910123
0.4706160473937482
0.4793060198695278
0.4846642876144571
0.4934032557480433
0.4987125278351660
0.5075004916265589
0.5127607680558748
0.5215977275050744
0.5268090082765837
0.5356949633835898
0.5408572484972927
0.5497921992621054
0.5549054887180016
0.5638894351406210
0.5689537289387104
0.5779866710191365
0.5830019691594194
0.5920839068976520
0.5970502093801282
0.6061811427761676
0.6110984496008373
0.6202783786546832
0.6251466898215461
0.6343756145331987
0.6391949300422550
0.6484728504117141
0.6532431702629639
0.6625700862902296
0.6672914104836728
0.6766673221687451
0.6813396507043816
0.6907645580472607
0.6953878909250906
0.7048617939257762
0.7094361311457995
0.7189590298042917
0.7234843713665083
0.7330562656828072
0.7375326115872173
0.7471535015613229
0.7515808518079262
0.7612507374398383
0.7656290920286352
0.7753479733183538
0.7796773322493440
0.7894452091968693
0.7937255724700529
0.8035424450753849
0.8077738126907618
0.8176396809539004
0.8218220529114707
0.8317369168324159
0.8358702931321795
0.8458341527109314
0.8499185333528886
0.8599313885894471
0.8639667735735974
0.8740286244679625
0.8780150137943064
0.8881258603464780
0.8920632540150152
0.9022230962249935
0.9061114942357241
0.9163203321035090
0.9201597344564330
0.9304175679820246
0.2333951066243004
0.2412640487457994
0.2475402646015308
0.2554560516131993
0.2616854225787611
0.2696480544805993
0.2758305805559914
0.2838400573479993
0.2899757385332217
0.2980320602153992
0.3041208965104521
0.3122240630827992
0.3182660544876824
0.3264160659501992
0.3324112124649127
0.3406080688175991
0.3465563704421430
0.3548000716849991
0.3607015284193734
0.3689920745523990
0.3748466863966037
0.3831840774197990
0.3889918443738341
0.3973760802871990
0.4031370023510644
0.4115680831545989
0.4172821603282947
0.4257600860219989
0.4314273183055251
0.4399520888893989
0.4455724762827554
0.4541440917567988
0.4597176342599857
0.4683360946241988
0.4738627922372161
0.4825280974915988
0.4880079502144464
0.4967201003589987
0.5021531081916767
0.5109121032263987
0.5162982661689069
0.5251041060937985
0.5304434241461373
0.5392961089611985
0.5445885821233677
0.5534881118285986
0.5587337401005981
0.5676801146959986
0.5728788980778283
0.5818721175633985
0.5870240560550587
0.5960641204307985
0.6011692140322890
0.6102561232981984
0.6153143720095194
0.6244481261655984
0.6294595299867497
0.6386401290329984
0.6436046879639801
0.6528321319003983
0.6577498459412103
0.6670241347677983
0.6718950039184407
0.6812161376351983
0.6860401618956710
0.6954081405025982
0.7001853198729013
0.7096001433699981
0.7143304778501316
0.7237921462373981
0.7284756358273620
0.7379841491047980
0.7426207938045922
0.7521761519721981
0.7567659517818227
0.7663681548395981
0.7709111097590530
0.7805601577069980
0.7850562677362833
0.7947521605743980
0.7992014257135136
0.8089441634417979
0.8133465836907440
0.8231361663091978
0.8274917416679742
0.8373281691765978
0.8416368996452046
0.8515201720439978
0.8557820576224350
0.8657121749113978
0.8699272155996653
0.8799041777787978
0.8840723735768956
0.8940961806461977
0.8982175315541260
0.9082881835135976
0.9123626895313562
0.9224801863809976
0.9265078475085866
0.9366721892483976
0.2349231551964771
0.2428015961904096
0.2491609221780818
0.2570840430251395
0.2633986891596864
0.2713664898598696
0.2776364561412911
0.2856489366945995
0.2918742231228958
0.2999313835293295
0.3061119901045004
0.3142138303640595
0.3203497570861051
0.3284962771987894
0.3345875240677098
0.3427787240335194
0.3488252910493145
0.3570611708682493
0.3630630580309191
0.3713436177029793
0.3773008250125238
0.3856260645377093
0.3915385919941285
0.3999085113724393
0.4057763589757332
0.4141909582071693
0.4200141259573378
0.4284734050418993
0.4342518929389425
0.4427558518766292
0.4484896599205472
0.4570382987113592
0.4627274269021519
0.4713207455460892
0.4769651938837565
0.4856031923808191
0.4912029608653611
0.4998856392155491
0.5054407278469658
0.5141680860502791
0.5196784948285704
0.5284505328850090
0.5339162618101752
0.5427329797197390
0.5481540287917799
0.5570154265544690
0.5623917957733845
0.5712978733891990
0.5766295627549892
0.5855803202239289
0.5908673297365938
0.5998627670586589
0.6051050967181986
0.6141452138933889
0.6193428636998033
0.6284276607281190
0.6335806306814079
0.6427101075628490
0.6478183976630126
0.6569925543975789
0.6620561646446173
0.6712750012323089
0.6762939316262219
0.6855574480670388
0.6905316986078266
0.6998398949017688
0.7047694655894312
0.7141223417364987
0.7190072325710359
0.7284047885712287
0.7332449995526406
0.7426872354059586
0.7474827665342452
0.7569696822406887
0.7617205335158500
0.7712521290754186
0.7759583004974546
0.7855345759101486
0.7901960674790593
0.7998170227448786
0.8044338344606640
0.8140994695796085
0.8186716014422686
0.8283819164143386
0.8329093684238733
0.8426643632490685
0.8471471354054779
0.8569468100837985
0.8613849023870827
0.8712292569185285
0.8756226693686874
0.8855117037532585
0.8898604363502920
0.8997941505879884
0.9040982033318967
0.9140765974227184
0.9183359703135013
0.9283590442574483
0.9325737372951060
0.9426414910921783
0.2363796438998292
0.2442651839167483
0.2507056829240613
0.2586337241471452
0.2650317219482933
0.2730022643775423
0.2793577609725254
0.2873708046079392
0.2936837999967575
0.3017393448383361
0.3080098390209896
0.3161078850687332
0.3223358780452216
0.3304764252991301
0.3366619170694537
0.3448449655295270
0.3509879560936858
0.3592135057599240
0.3653139951179178
0.3735820459903209
0.3796400341421499
0.3879505862207179
0.3939660731663820
0.4023191264511149
0.4082921121906141
0.4166876666815118
0.4226181512148461
0.4310562069119088
0.4369441902390782
0.4454247471423058
0.4512702292633103
0.4597932873727027
0.4655962682875424
0.4741618276030997
0.4799223073117744
0.4885303678334966
0.4942483463360064
0.5028989080638936
0.5085743853602385
0.5172674482942905
0.5229004243844706
0.5316359885246874
0.5372264634087026
0.5460045287550844
0.5515525024329347
0.5603730689854814
0.5658785414571669
0.5747416092158784
0.5802045804813989
0.5891101494462754
0.5945306195056310
0.6034786896766723
0.6088566585298630
0.6178472299070693
0.6231826975540952
0.6322157701374663
0.6375087365783273
0.6465843103678632
0.6518347756025593
0.6609528505982601
0.6661608146267913
0.6753213908286572
0.6804868536510235
0.6896899310590541
0.6948128926752555
0.7040584712894510
0.7091389316994876
0.7184270115198480
0.7234649707237196
0.7327955517502449
0.7377910097479516
0.7471640919806418
0.7521170487721838
0.7615326322110390
0.7664430877964159
0.7759011724414359
0.7807691268206479
0.7902697126718328
0.7950951658448800
0.8046382529022298
0.8094212048691121
0.8190067931326267
0.8237472438933441
0.8333753333630236
0.8380732829175762
0.8477438735934206
0.8523993219418082
0.8621124138238175
0.8667253609660404
0.8764809540542146
0.8810513999902725
0.8908494942846116
0.8953774390145045
0.9052180345150085
0.9097034780387366
0.9195865747454054
0.9240295170629687
0.9339551149758024
0.9383555560872007
0.9483236552061993
0.2377641290737884
0.2456543661018160
0.2521740762903816
0.2601046229313346
0.2665840235069749
0.2745548797608532
0.2809939707235681
0.2890051365903717
0.2954039179401613
0.3034553934198904
0.3098138651567546
0.3179056502494090
0.3242238123733478
0.3323559070789275
0.3386337595899410
0.3468061639084462
0.3530437068065342
0.3612564207379647
0.3674536540231275
0.3757066775674833
0.3818636012397207
0.3901569343970018
0.3962735484563140
0.4046071912265205
0.4106834956729072
0.4190574480560391
0.4250934428895005
0.4335077048855577
0.4395033901060937
0.4479579617150762
0.4539133373226869
0.4624082185445949
0.4683232845392801
0.4768584753741134
0.4827332317558734
0.4913087322036320
0.4971431789724666
0.5057589890331505
0.5115531261890598
0.5202092458626691
0.5259630734056531
0.5346595026921878
0.5403730206222462
0.5491097595217063
0.5547829678388396
0.5635600163512250
0.5691929150554328
0.5780102731807435
0.5836028622720261
0.5924605300102621
0.5980128094886192
0.6069107868397807
0.6124227567052125
0.6213610436692993
0.6268327039218058
0.6358113004988180
0.6412426511383991
0.6502615573283366
0.6556525983549922
0.6647118141578551
0.6700625455715855
0.6791620709873737
0.6844724927881787
0.6936123278168923
0.6988824400047720
0.7080625846464108
0.7132923872213651
0.7225128414759294
0.7277023344379584
0.7369630983054479
0.7421122816545516
0.7514133551349665
0.7565222288711448
0.7658636119644853
0.7709321760877381
0.7803138687940038
0.7853421233043314
0.7947641256235224
0.7997520705209246
0.8092143824530410
0.8141620177375178
0.8236646392825595
0.8285719649541110
0.8381148961120781
0.8429819121707043
0.8525651529415967
0.8573918593872975
0.8670154097711152
0.8718018066038908
0.8814656666006340
0.8862117538204840
0.8959159234301525
0.9006217010370773
0.9103661802596711
0.9150316482536704
0.9248164370891897
0.9294415954702637
0.9392666939187082
0.9438515426868569
0.9537169507482268
0.2390761889907589
0.2469687195872619
0.2535656549901988
0.2614962913276890
0.2680551209896387
0.2760238630681162
0.2825445869890786
0.2905514348085433
0.2970340529885186
0.3050790065489705
0.3115235189879585
0.3196065782893977
0.3260129849873984
0.3341341500298249
0.3405024509868384
0.3486617217702520
0.3549919169862783
0.3631892935106792
0.3694813829857183
0.3777168652511063
0.3839708489851582
0.3922444369915335
0.3984603149845981
0.4067720087319607
0.4129497809840380
0.4212995804723879
0.4274392469834780
0.4358271522128150
0.4419287129829179
0.4503547239532422
0.4564181789823578
0.4648822956936693
0.4709076449817978
0.4794098674340965
0.4853971109812377
0.4939374391745237
0.4998865769806776
0.5084650109149509
0.5143760429801175
0.5229925826553780
0.5288655089795574
0.5375201543958051
0.5433549749789973
0.5520477261362323
0.5578444409784373
0.5665752978766596
0.5723339069778773
0.5811028696170867
0.5868233729773172
0.5956304413575139
0.6013128389767571
0.6101580130979410
0.6158023049761970
0.6246855848383683
0.6302917709756370
0.6392131565787954
0.6447812369750769
0.6537407283192226
0.6592707029745170
0.6682683000596498
0.6737601689739569
0.6827958718000769
0.6882496349733968
0.6973234435405040
0.7027391009728366
0.7118510152809312
0.7172285669722765
0.7263785870213584
0.7317180329717164
0.7409061587617856
0.7462074989711565
0.7554337305022126
0.7606969649705964
0.7699613022426399
0.7751864309700364
0.7844888739830671
0.7896758969694763
0.7990164457234943
0.8041653629689162
0.8135440174639214
0.8186548289683561
0.8280715892043485
0.8331442949677961
0.8425991609447757
0.8476337609672360
0.8571267326852029
0.8621232269666759
0.8716543044256300
0.8766126929661159
0.8861818761660573
0.8911021589655558
0.9007094479064844
0.9055916249649957
0.9152370196469116
0.9200810909644357
0.9297645913873387
0.9345705569638756
0.9442921631277659
0.9490600229633155
0.9588197348681931
0.2403154239845797
0.2482078440082817
0.2548799951351603
0.2628083054205335
0.2694445662857409
0.2774087668327854
0.2840091374363215
0.2920092282450373
0.2985737085869021
0.3066096896572891
0.3131382797374826
0.3212101510695410
0.3277028508880633
0.3358106124817929
0.3422674220386439
0.3504110738940447
0.3568319931892244
0.3650115353062965
0.3713965643398050
0.3796119967185484
0.3859611354903856
0.3942124581308002
0.4005257066409662
0.4088129195430522
0.4150902777915468
0.4234133809553040
0.4296548489421274
0.4380138423675559
0.4442194200927080
0.4526143037798078
0.4587839912432886
0.4672147651920596
0.4733485623938691
0.4818152266043115
0.4879131335444498
0.4964156880165633
0.5024777046950303
0.5110161494288151
0.5170422758456109
0.5256166108410670
0.5316068469961914
0.5402170722533188
0.5461714181467721
0.5548175336655707
0.5607359892973527
0.5694179950778226
0.5753005604479333
0.5840184564900746
0.5898651315985138
0.5986189179023264
0.6044297027490945
0.6132193793145783
0.6189942738996750
0.6278198407268302
0.6335588450502557
0.6424203021390821
0.6481234162008362
0.6570207635513339
0.6626879873514169
0.6716212249635858
0.6772525585019974
0.6862216863758376
0.6918171296525780
0.7008221477880895
0.7063817008031585
0.7154226092003413
0.7209462719537392
0.7300230706125931
0.7355108431043198
0.7446235320248450
0.7500754142549003
0.7592239934370968
0.7646399854054809
0.7738244548493488
0.7792045565560616
0.7884249162616006
0.7937691277066422
0.8030253776738525
0.8083336988572227
0.8176258390861043
0.8228982700078034
0.8322263004983562
0.8374628411583839
0.8468267619106080
0.8520274123089645
0.8614272233228599
0.8665919834595450
0.8760276847351117
0.8811565546101258
0.8906281461473637
0.8957211257607063
0.9052286075596155
0.9102856969112869
0.9198290689718674
0.9248502680618674
0.9344295303841192
0.9394148392124481
0.9490299917963712
0.9539794103630286
0.9636304532086230
0.2414814565722671
0.2493713619155732
0.2561166963645257
0.2640402655576657
0.2707519361567843
0.2787091691997583
0.2853871759490429
0.2933780728418509
0.3000224157413015
0.3080469764839434
0.3146576555335601
0.3227158801260360
0.3292928953258188
0.3373847837681285
0.3439281351180773
0.3520536874102210
0.3585633749103360
0.3667225910523135
0.3731986147025946
0.3813914946944061
0.3878338544948531
0.3960603983364986
0.4024690942871118
0.4107293019785912
0.4171043340793704
0.4253982056206837
0.4317395738716290
0.4400671092627763
0.4463748136638876
0.4547360129048688
0.4610100534561463
0.4694049165469614
0.4756452932484049
0.4840738201890539
0.4902805330406634
0.4987427238311464
0.5049157728329221
0.5134116274732389
0.5195510126251807
0.5280805311153315
0.5341862524174392
0.5427494347574240
0.5488214922096979
0.5574183383995165
0.5634567320019566
0.5720872420416091
0.5780919717942151
0.5867561456837017
0.5927272115864738
0.6014250493257942
0.6073624513787323
0.6160939529678867
0.6219976911709909
0.6307628566099793
0.6366329309632497
0.6454317602520719
0.6512681707555082
0.6601006638941644
0.6659034105477668
0.6747695675362569
0.6805386503400255
0.6894384711783494
0.6951738901322840
0.7041073748204421
0.7098091299245426
0.7187762784625346
0.7244443697168013
0.7334451821046271
0.7390796095090598
0.7481140857467196
0.7537148493013184
0.7627829893888122
0.7683500890935770
0.7774518930309048
0.7829853288858357
0.7921207966729973
0.7976205686780943
0.8067897003150898
0.8122558084703529
0.8214586039571824
0.8268910482626115
0.8361275075992749
0.8415262880548702
0.8507964112413674
0.8561615278471287
0.8654653148834599
0.8707967676393873
0.8801342185255525
0.8854320074316461
0.8948031221676451
0.9000672472239046
0.9094720258097376
0.9147024870161632
0.9241409294518301
0.9293377268084219
0.9388098330939227
0.9439729666006804
0.9534787367360152
0.9586082063929390
0.9681476403781077
0.2425739315689991
0.2504589188903106
0.2572753819671202
0.2651917964720936
0.2719768323652414
0.2799246740538766
0.2866782827633626
0.2946575516356596
0.3013797331614838
0.3093904292174425
0.3160811835596049
0.3241233067992256
0.3307826339577261
0.3388561843810085
0.3454840843558473
0.3535890619627915
0.3601855347539684
0.3683219395445744
0.3748869851520895
0.3830548171263574
0.3895884355502107
0.3977876947081404
0.4042898859483319
0.4125205722899234
0.4189913363464530
0.4272534498717064
0.4336927867445742
0.4419863274534894
0.4483942371426954
0.4567192050352724
0.4630956875408165
0.4714520826170553
0.4777971379389377
0.4861849601988383
0.4924985883370588
0.5009178377806213
0.5072000387351799
0.5156507153624043
0.5219014891333011
0.5303835929441871
0.5366029395314222
0.5451164705259701
0.5513043899295433
0.5598493481077531
0.5660058403276647
0.5745822256895362
0.5807072907257858
0.5893151032713192
0.5954087411239070
0.6040479808531021
0.6101101915220281
0.6187808584348851
0.6248116419201493
0.6335137360166682
0.6395130923182705
0.6482466135984511
0.6542145427163917
0.6629794911802340
0.6689159931145128
0.6777123687620170
0.6836174435126339
0.6924452463438000
0.6983188939107551
0.7071781239255830
0.7130203443088762
0.7219110015073660
0.7277217947069974
0.7366438790891489
0.7424232451051185
0.7513767566709318
0.7571246955032397
0.7661096342527148
0.7718261459013608
0.7808425118344979
0.7865275962994820
0.7955753894162809
0.8012290466976032
0.8103082669980638
0.8159304970957243
0.8250411445798468
0.8306319474938455
0.8397740221616298
0.8453333978919666
0.8545068997434128
0.8600348482900878
0.8692397773251956
0.8747362986882089
0.8839726549069786
0.8894377490863302
0.8987055324887617
0.9041391994844513
0.9134384100705447
0.9188406498825724
0.9281712876523277
0.9335421002806936
0.9429041652341106
0.9482435506788147
0.9576370428158936
0.9629450010769359
0.9723699203976766
0.2435925161963088
0.2514701836521041
0.2583556989960851
0.2662625473963454
0.2731188817958614
0.2810549111405869
0.2878820645956377
0.2958472748848283
0.3026452473954140
0.3106396386290697
0.3174084301951903
0.3254320023733112
0.3321716129949666
0.3402243661175526
0.3469347957947428
0.3550167298617939
0.3616979785945191
0.3698090936060354
0.3764611613942954
0.3846014573502768
0.3912243441940717
0.3993938210945182
0.4059875269938480
0.4141861848387596
0.4207507097936243
0.4289785485830010
0.4355138925934006
0.4437709123272425
0.4502770753931769
0.4585632760714839
0.4650402581929532
0.4733556398157253
0.4798034409927295
0.4881480035599667
0.4945666237925058
0.5029403673042081
0.5093298065922820
0.5177327310484495
0.5240929893920583
0.5325250947926908
0.5388561721918346
0.5473174585369323
0.5536193549916109
0.5621098222811737
0.5683825377913873
0.5769021860254152
0.5831457205911635
0.5916945497696566
0.5979089033909398
0.6064869135138981
0.6126720861907161
0.6212792772581394
0.6274352689904924
0.6360716410023809
0.6421984517902688
0.6508640047466223
0.6569616345900451
0.6656563684908637
0.6717248173898214
0.6804487322351052
0.6864880001895975
0.6952410959793465
0.7012511829893738
0.7100334597235879
0.7160143657891501
0.7248258234678293
0.7307775485889264
0.7396181872120707
0.7455407313887027
0.7544105509563122
0.7603039141884790
0.7692029147005536
0.7750670969882553
0.7839952784447950
0.7898302797880317
0.7987876421890364
0.8045934625878080
0.8135800059332778
0.8193566453875842
0.8283723696775193
0.8341198281873605
0.8431647334217607
0.8488830109871368
0.8579570971660020
0.8636461937869131
0.8727494609102434
0.8784093765866893
0.8875418246544848
0.8931725593864657
0.9023341883987264
0.9079357421862420
0.9171265521429678
0.9226989249860182
0.9319189158872092
0.9374621077857945
0.9467112796314505
0.9522252905855708
0.9615036433756919
0.9669884733853471
0.9762960071199334
0.2445369001834514
0.2524048481599107
0.2593573183763878
0.2672521921693171
0.2741777365693243
0.2820995361787237
0.2889981547622608
0.2969468801881302
0.3038185729551972
0.3117942241975367
0.3186389911481336
0.3266415682069432
0.3334594093410701
0.3414889122163497
0.3482798275340065
0.3563362562257562
0.3631002457269430
0.3711836002351627
0.3779206639198794
0.3860309442445692
0.3927410821128158
0.4008782882539757
0.4075615003057523
0.4157256322633823
0.4223819184986888
0.4305729762727887
0.4372023366916252
0.4454203202821953
0.4520227548845617
0.4602676642916018
0.4668431730774981
0.4751150083010083
0.4816635912704346
0.4899623523104148
0.4964840094633710
0.5048096963198213
0.5113044276563075
0.5196570403292278
0.5261248458492439
0.5345043843386342
0.5409452640421804
0.5493517283480408
0.5557656822351168
0.5641990723574473
0.5705861004280532
0.5790464163668538
0.5854065186209897
0.5938937603762604
0.6002269368139261
0.6087411043856669
0.6150473550068626
0.6235884483950733
0.6298677731997990
0.6384357924044800
0.6446881913927356
0.6532831364138865
0.6595086095856720
0.6681304804232929
0.6743290277786085
0.6829778244326995
0.6891494459715449
0.6978251684421060
0.7039698641644813
0.7126725124515124
0.7187902823574177
0.7275198564609190
0.7336107005503542
0.7423672004703255
0.7484311187432906
0.7572145444797319
0.7632515369362270
0.7720618884891385
0.7780719551291635
0.7869092324985451
0.7928923733221001
0.8017565765079515
0.8077127915150365
0.8166039205173580
0.8225332097079729
0.8314512645267645
0.8373536279009094
0.8462986085361710
0.8521740460938457
0.8611459525455775
0.8669944642867822
0.8759932965549840
0.8818148824797186
0.8908406405643905
0.8966353006726552
0.9056879845737971
0.9114557188655916
0.9205353285832036
0.9262761370585281
0.9353826725926101
0.9410965552514645
0.9502300166020166
0.9559169734444010
0.9650773606114231
0.9707373916373374
0.9799247046208296
0.2454067958619160
0.2532626277058670
0.2602799350050624
0.2681604293356240
0.2751530741482088
0.2830582309653809
0.2900262132913553
0.2979560325951378
0.3048993524345017
0.3128538342248946
0.3197724915776481
0.3277516358546516
0.3346456307207946
0.3426494374844084
0.3495187698639410
0.3575472391141653
0.3643919090070874
0.3724450407439222
0.3792650481502338
0.3873428423736791
0.3941381872933802
0.4022406440034359
0.4090113264365267
0.4171384456331929
0.4238844655796731
0.4320362472629497
0.4387576047228195
0.4469340488927067
0.4536307438659660
0.4618318505224635
0.4685038830091124
0.4767296521522204
0.4833770221522588
0.4916274537819773
0.4982501612954052
0.5065252554117341
0.5131233004385516
0.5214230570414909
0.5279964395816981
0.5363208586712479
0.5428695787248444
0.5512186603010047
0.5577427178679908
0.5661164619307616
0.5726158570111374
0.5810142635605186
0.5874889961542837
0.5959120651902755
0.6023621352974302
0.6108098668200324
0.6172352744405766
0.6257076684497892
0.6321084135837230
0.6406054700795462
0.6469815527268695
0.6555032717093031
0.6618546918700159
0.6704010733390600
0.6767278310131624
0.6852988749688168
0.6916009701563087
0.7001966765985737
0.7064741092994552
0.7150944782283306
0.7213472484426016
0.7299922798580875
0.7362203875857480
0.7448900814878443
0.7510935267288944
0.7597878831176011
0.7659666658720408
0.7746856847473581
0.7808398050151872
0.7895834863771151
0.7957129441583337
0.8044812880068719
0.8105860833014802
0.8193790896366288
0.8254592224446266
0.8342768912663857
0.8403323615877729
0.8491746928961426
0.8552055007309194
0.8640724945258994
0.8700786398740658
0.8789702961556562
0.8849517790172122
0.8938680977854132
0.8998249181603587
0.9087658994151702
0.9146980573035052
0.9236637010449270
0.9295711964466515
0.9385615026746839
0.9444443355897979
0.9534593043044408
0.9593174747329444
0.9683571059341977
0.9741906138760907
0.9832549075639545
0.2462019382530520
0.2540432610020141
0.2611232678441461
0.2689869822374267
0.2760445974352401
0.2839307034728393
0.2909659270263342
0.2988744247082519
0.3058872566174283
0.3138181459436645
0.3208085862085223
0.3287618671790771
0.3357299157996164
0.3437055884144897
0.3506512453907105
0.3586493096499023
0.3655725749818045
0.3735930308853149
0.3804939045728986
0.3885367521207275
0.3954152341639926
0.4034804733561401
0.4103365637550867
0.4184241945915527
0.4252578933461807
0.4333679158269653
0.4401792229372748
0.4483116370623779
0.4551005525283689
0.4632553582977905
0.4700218821194629
0.4781990795332031
0.4849432117105570
0.4931428007686157
0.4998645413016510
0.5080865220040283
0.5147858708927451
0.5230302432394408
0.5297072004838391
0.5379739644748535
0.5446285300749332
0.5529176857102660
0.5595498596660272
0.5678614069456785
0.5744711892571214
0.5828051281810913
0.5893925188482154
0.5977488494165039
0.6043138484393095
0.6126925706519164
0.6192351780304035
0.6276362918873291
0.6341565076214976
0.6425800131227417
0.6490778372125917
0.6575237343581543
0.6639991668036858
0.6724674555935669
0.6789204963947798
0.6874111768289795
0.6938418259858739
0.7023548980643920
0.7087631555769679
0.7172986192998047
0.7236844851680619
0.7322423405352172
0.7386058147591560
0.7471860617706297
0.7535271443502500
0.7621297830060424
0.7684484739413441
0.7770735042414549
0.7833698035324381
0.7920172254768676
0.7982911331235323
0.8069609467122802
0.8132124627146263
0.8219046679476928
0.8281337923057204
0.8368483891831054
0.8430551218968144
0.8517921104185180
0.8579764514879085
0.8667358316539305
0.8728977810790025
0.8816795528893432
0.8878191106700966
0.8966232741247557
0.9027404402611907
0.9115669953601684
0.9176617698522848
0.9265107165955810
0.9325830994433788
0.9414544378309936
0.9475044290344729
0.9563981590664061
0.9624257586255669
0.9713418803018188
0.9773470882166609
0.9862856015372313
0.2469220851487844
0.2547465102598876
0.2618870600062865
0.2697315990987046
0.2768520348637886
0.2847166879375215
0.2918170097212907
0.2997017767763384
0.3067819845787928
0.3146868656151554
0.3217469594362949
0.3296719544539723
0.3367119342937970
0.3446570432927892
0.3516769091512991
0.3596421321316061
0.3666418840088012
0.3746272209704231
0.3816068588663032
0.3896123098092399
0.3965718337238053
0.4045973986480568
0.4115368085813074
0.4195824874868738
0.4265017834388095
0.4345675763256907
0.4414667582963115
0.4495526651645077
0.4564317331538137
0.4645377540033246
0.4713967080113158
0.4795228428421415
0.4863616828688179
0.4945079316809584
0.5013266577263199
0.5094930205197753
0.5162916325838220
0.5244781093585922
0.5312566074413241
0.5394631981974092
0.5462215822988261
0.5544482870362261
0.5611865571563283
0.5694333758750429
0.5761515320138304
0.5844184647138599
0.5911165068713324
0.5994035535526768
0.6060814817288346
0.6143886423914938
0.6210464565863366
0.6293737312303107
0.6360114314438386
0.6443588200691277
0.6509764063013409
0.6593439089079446
0.6659413811588429
0.6743289977467616
0.6809063560163451
0.6893140865855785
0.6958713308738471
0.7042991754243954
0.7108363057313491
0.7192842642632122
0.7258012805888513
0.7342693531020291
0.7407662554463533
0.7492544419408461
0.7557312303038554
0.7642395307796630
0.7706962051613575
0.7792246196184799
0.7856611800188595
0.7942097084572969
0.8006261548763617
0.8091947972961138
0.8155911297338638
0.8241798861349308
0.8305561045913659
0.8391649749737476
0.8455210794488680
0.8541500638125645
0.8604860543063700
0.8691351526513814
0.8754510291638721
0.8841202414901984
0.8904160040213742
0.8991053303290153
0.9053809788788764
0.9140904191678323
0.9203459537363784
0.9290755080066492
0.9353109285938805
0.9440605968454661
0.9502759034513826
0.9590456856842831
0.9652408783088846
0.9740307745230999
0.9802058531663868
0.9890158633619168
0.2475670171853926
0.2553721612629511
0.2625710788329921
0.2703940531019483
0.2775751404805917
0.2854159449409454
0.2925792021281913
0.3004378367799426
0.3075832637757908
0.3154597286189397
0.3225873254233904
0.3304816204579368
0.3375913870709899
0.3455035122969339
0.3525954487185894
0.3605254041359310
0.3675995103661890
0.3755472959749282
0.3826035720137885
0.3905691878139253
0.3976076336613881
0.4055910796529224
0.4126116953089877
0.4206129714919196
0.4276157569565872
0.4356348633309167
0.4426198186041868
0.4506567551699138
0.4576238802517864
0.4656786470089110
0.4726279418993859
0.4807005388479081
0.4876320035469854
0.4957224306869052
0.5026360651945849
0.5107443225259023
0.5176401268421845
0.5257662143648995
0.5326441884897840
0.5407881062038965
0.5476482501373836
0.5558099980428937
0.5626523117849831
0.5708318898818907
0.5776563734325827
0.5858537817208880
0.5926604350801823
0.6008756735598851
0.6076644967277818
0.6158975653988822
0.6226685583753814
0.6309194572378793
0.6376726200229809
0.6459413490768765
0.6526766816705806
0.6609632409158737
0.6676807433181801
0.6759851327548708
0.6826848049657797
0.6910070245938679
0.6976888666133791
0.7060289164328650
0.7126929282609787
0.7210508082718621
0.7276969899085782
0.7360727001108592
0.7427010515561778
0.7510945919498564
0.7577051132037773
0.7661164837888534
0.7727091748513768
0.7811383756278506
0.7877132364989764
0.7961602674668478
0.8027172981465760
0.8111821593058449
0.8177213597941756
0.8262040511448420
0.8327254214417751
0.8412259429838391
0.8477294830893747
0.8562478348228363
0.8627335447369742
0.8712697266618333
0.8777376063845738
0.8862916185008305
0.8927416680321733
0.9013135103398275
0.9077457296797729
0.9163354021788248
0.9227497913273724
0.9313572940178220
0.9377538529749719
0.9463791858568190
0.9527579146225715
0.9614010776958162
0.9677619762701710
0.9764229695348132
0.9827660379177706
0.9914448613738104
0.2481365379103305
0.2559200234318483
0.2631751159655020
0.2709741424572511
0.2782136940206736
0.2860282614826540
0.2932522720758451
0.3010823805080568
0.3082908501310167
0.3161364995334596
0.3233294281861882
0.3311906185588625
0.3383680062413598
0.3462447375842653
0.3534065842965313
0.3612988566096682
0.3684451623517029
0.3763529756350710
0.3834837404068744
0.3914070946604739
0.3985223184620459
0.4064612136858767
0.4135608965172175
0.4215153327112796
0.4285994745723891
0.4365694517366824
0.4436380526275606
0.4516235707620853
0.4586766306827322
0.4666776897874881
0.4737152087379037
0.4817318088128909
0.4887537867930752
0.4967859278382937
0.5037923648482467
0.5118400468636966
0.5188309429034182
0.5268941658890994
0.5338695209585899
0.5419482849145022
0.5489080990137614
0.5570024039399051
0.5639466770689329
0.5720565229653078
0.5789852551241045
0.5871106419907108
0.5940238331792761
0.6021647610161136
0.6090624112344476
0.6172188800415165
0.6241009892896191
0.6322729990669193
0.6391395673447906
0.6473271180923222
0.6541781453999623
0.6623812371177250
0.6692167234551338
0.6774353561431279
0.6842553015103053
0.6924894751685307
0.6992938795654768
0.7075435941939335
0.7143324576206485
0.7225977132193363
0.7293710356758200
0.7376518322447392
0.7444096137309915
0.7527059512701421
0.7594481917861631
0.7677600702955448
0.7744867698413346
0.7828141893209477
0.7895253478965061
0.7978683083463506
0.8045639259516777
0.8129224273717535
0.8196025040068493
0.8279765463971562
0.8346410820620208
0.8430306654225591
0.8496796601171923
0.8580847844479619
0.8647182381723638
0.8731389034733648
0.8797568162275354
0.8881930224987675
0.8947953942827069
0.9032471415241704
0.9098339723378785
0.9183012605495733
0.9248725503930501
0.9333553795749762
0.9399111284482217
0.9484094986003789
0.9549497065033932
0.9634636176257818
0.9699882845585647
0.9785177366511846
0.9850268626137362
0.9935718556765875
0.2486304738420683
0.2563899298824551
0.2636989874082543
0.2714716904637760
0.2787675009744402
0.2865534510450969
0.2938360145406262
0.3016352116264178
0.3089045281068122
0.3167169722077387
0.3239730416729981
0.3317987327890596
0.3390415552391841
0.3468804933703805
0.3541100688053700
0.3619622539517014
0.3691785823715560
0.3770440145330222
0.3842470959377419
0.3921257751143431
0.3993156095039279
0.4072075356956640
0.4143841230701139
0.4222892962769849
0.4294526366362998
0.4373710568583058
0.4445211502024858
0.4524528174396267
0.4595896637686718
0.4675345780209476
0.4746581773348577
0.4826163386022685
0.4897266909010436
0.4976980991835894
0.5047952044672296
0.5127798597649103
0.5198637180334156
0.5278616203462311
0.5349322315996015
0.5429433809275520
0.5500007451657875
0.5580251415088728
0.5650692587319734
0.5731069020901938
0.5801377722981594
0.5881886626715147
0.5952062858643454
0.6032704232528356
0.6102747994305313
0.6183521838341565
0.6253433129967173
0.6334339444154774
0.6404118265629032
0.6485157049967983
0.6554803401290893
0.6635974655781193
0.6705488536952753
0.6786792261594401
0.6856173672614612
0.6937609867407610
0.7006858808276472
0.7088427473220819
0.7157543943938330
0.7239245079034028
0.7308229079600190
0.7390062684847236
0.7458914215262049
0.7540880290660444
0.7609599350923909
0.7691697896473654
0.7760284486585769
0.7842515502286862
0.7910969622247628
0.7993333108100072
0.8061654757909489
0.8144150713913281
0.8212339893571348
0.8294968319726490
0.8363025029233208
0.8445785925539698
0.8513710164895067
0.8596603531352908
0.8664395300556926
0.8747421137166116
0.8815080436218786
0.8898238742979325
0.8965765571880645
0.9049056348792534
0.9116450707542506
0.9199873954605744
0.9267135843204365
0.9350691560418952
0.9417820978866225
0.9501509166232162
0.9568506114528085
0.9652326772045370
0.9719191250189944
0.9803144377858579
0.9869876385851803
0.9953961983671787
0.2490486745229364
0.2567817374767148
0.2641425335849325
0.2718865455635803
0.2792363926469286
0.2869913536504459
0.2943302517089249
0.3020961617373115
0.3094241107709210
0.3172009698241771
0.3245179698329171
0.3323057779110427
0.3396118288949133
0.3474105859979083
0.3547056879569094
0.3625153940847738
0.3697995470189056
0.3776202021716394
0.3848934060809017
0.3927250102585049
0.3999872651428978
0.4078298183453705
0.4150811242048940
0.4229346264322361
0.4301749832668901
0.4380394345191017
0.4452688423288862
0.4531442426059673
0.4603627013908824
0.4682490506928328
0.4754565604528786
0.4833538587796984
0.4905504195148747
0.4984586668665640
0.5056442785768709
0.5135634749534296
0.5207381376388670
0.5286682830402951
0.5358319967008631
0.5437730911271607
0.5509258557628592
0.5588778992140262
0.5660197148248554
0.5739827073008917
0.5811135738868516
0.5890875153877575
0.5962074329488477
0.6041923234746230
0.6113012920108438
0.6192971315614886
0.6263951510728401
0.6344019396483541
0.6414890101348362
0.6495067477352198
0.6565828691968324
0.6646115558220854
0.6716767282588285
0.6797163639089510
0.6867705873208246
0.6948211719958165
0.7018644463828208
0.7099259800826820
0.7169583054448169
0.7250307881695476
0.7320521645068130
0.7401355962564132
0.7471460235688092
0.7552404043432788
0.7622398826308053
0.7703452124301443
0.7773337416928014
0.7854500205170099
0.7924276007547976
0.8005548286038755
0.8075214598167938
0.8156596366907412
0.8226153188787899
0.8307644447776067
0.8377091779407860
0.8458692528644722
0.8528030370027821
0.8609740609513378
0.8678968960647783
0.8760788690382033
0.8829907551267745
0.8911836771250690
0.8980846141887706
0.9062884852119345
0.9131784732507668
0.9213932932988002
0.9282723323127630
0.9364981013856657
0.9433661913747591
0.9516029094725312
0.9584600504367552
0.9667077175593969
0.9735539094987513
0.9818125256462624
0.9886477685607474
0.9969173337331280
0.2493910125649560
0.2570953268662384
0.2645056193870746
0.2722185813877819
0.2796202262091931
0.2873418359093253
0.2947348330313117
0.3024650904308688
0.3098494398534302
0.3175883449524122
0.3249640466755488
0.3327115994739557
0.3400786534976674
0.3478348539954991
0.3551932603197859
0.3629581085170425
0.3703078671419044
0.3780813630385860
0.3854224739640230
0.3932046175601294
0.4005370807861415
0.4083278720816728
0.4156516876082601
0.4234511266032163
0.4307662944303786
0.4385743811247597
0.4458809012524972
0.4536976356463032
0.4609955080746158
0.4688208901678466
0.4761101148967343
0.4839441446893900
0.4912247217188528
0.4990673992109335
0.5063393285409714
0.5141906537324769
0.5214539353630899
0.5293139082540204
0.5365685421852084
0.5444371627755638
0.5516831490073270
0.5595604172971071
0.5667977558294455
0.5746836718186505
0.5819123626515641
0.5898069263401942
0.5970269694736827
0.6049301808617376
0.6121415762958012
0.6200534353832809
0.6272561831179198
0.6351766899048243
0.6423707899400383
0.6502999444263680
0.6574853967621569
0.6654231989479114
0.6726000035842755
0.6805464534694547
0.6877146104063940
0.6956697079909983
0.7028292172285125
0.7107929625125416
0.7179438240506311
0.7259162170340850
0.7330584308727496
0.7410394715556284
0.7481730376948681
0.7561627260771719
0.7632876445169867
0.7712859805987153
0.7784022513391052
0.7864092351202587
0.7935168581612237
0.8015324896418022
0.8086314649833424
0.8166557441633457
0.8237460718054609
0.8317789986848891
0.8388606786275795
0.8469022532064325
0.8539752854496980
0.8620255077279760
0.8690898922718165
0.8771487622495194
0.8842044990939351
0.8922720167710628
0.8993191059160536
0.9073952712926062
0.9144337127381722
0.9225185258141498
0.9295483195602908
0.9376417803356932
0.9446629263824093
0.9527650348572366
0.9597775332045279
0.9678882893787800
0.9748921400266464
0.9830115439003235
0.9900067468487649
0.9981347984218669
0.2496573836886435
0.2573306025286604
0.2647881342152279
0.2724676967950521
0.2799188847418123
0.2876047910614439
0.2950496352683968
0.3027418853278357
0.3101803857949813
0.3178789795942275
0.3253111363215657
0.3330160738606193
0.3404418868481502
0.3481531681270111
0.3555726373747347
0.3632902623934028
0.3707033879013191
0.3784273566597946
0.3858341384279035
0.3935644509261864
0.4009648889544880
0.4087015451925782
0.4160956394810724
0.4238386394589700
0.4312263900076569
0.4389757337253617
0.4463571405342413
0.4541128279917536
0.4614878910608258
0.4692499222581454
0.4766186415874102
0.4843870165245371
0.4917493921139947
0.4995241107909289
0.5068801426405791
0.5146612050573207
0.5220108931671635
0.5297982993237125
0.5371416436937481
0.5449353935901042
0.5522723942203325
0.5600724878564960
0.5674031447469169
0.5752095821228878
0.5825338952735014
0.5903466763892796
0.5976646458000858
0.6054837706556714
0.6127953963266703
0.6206208649220631
0.6279261468532548
0.6357579591884549
0.6430568973798392
0.6508950534548469
0.6581876479064237
0.6660321477212386
0.6733183984330082
0.6811692419876304
0.6884491489595926
0.6963063362540222
0.7035798994861771
0.7114434305204139
0.7187106500127615
0.7265805247868057
0.7338414005393460
0.7417176190531974
0.7489721510659304
0.7568547133195892
0.7641029015925148
0.7719918075859810
0.7792336521190992
0.7871289018523728
0.7943644026456836
0.8022659961187647
0.8094951531722683
0.8174030903851565
0.8246259036988527
0.8325401846515482
0.8397566542254371
0.8476772789179400
0.8548874047520215
0.8628143731843317
0.8700181552786060
0.8779514674507235
0.8851489058051905
0.8930885617171153
0.9002796563317749
0.9082256559835070
0.9154104068583594
0.9233627502498989
0.9305411573849438
0.9384998445162908
0.9456719079115283
0.9536369387826825
0.9608026584381127
0.9687740330490743
0.9759334089646972
0.9839111273154660
0.9910641594912816
0.9990482215818578
0.2498477067547739
0.2574874927967344
0.2649899920126390
0.2726338159024247
0.2801322772705041
0.2877801390081150
0.2952745625283692
0.3029264621138053
0.3104168477862343
0.3180727852194955
0.3255591330440994
0.3332191083251858
0.3407014183019645
0.3483654314308761
0.3558437035598296
0.3635117545365663
0.3709859888176946
0.3786580776422565
0.3861282740755597
0.3938044007479468
0.4012705593334248
0.4089507238536370
0.4164128445912899
0.4240970469593273
0.4315551298491550
0.4392433700650176
0.4466974151070200
0.4543896931707079
0.4618397003648852
0.4695360162763981
0.4769819856227503
0.4846823393820884
0.4921242708806153
0.4998286624877786
0.5072665561384804
0.5149749855934689
0.5224088413963455
0.5301213086991591
0.5375511266542106
0.5452676318048494
0.5526934119120757
0.5604139549105396
0.5678356971699408
0.5755602780162299
0.5829779824278059
0.5907066011219202
0.5981202676856709
0.6058529242276105
0.6132625529435360
0.6209992473333007
0.6284048382014011
0.6361455704389910
0.6435471234592662
0.6512918935446813
0.6586894087171313
0.6664382166503716
0.6738316939749964
0.6815845397560618
0.6889739792328615
0.6967308628617521
0.7041162644907266
0.7118771859674423
0.7192585497485917
0.7270235090731326
0.7344008350064567
0.7421698321788228
0.7495431202643218
0.7573161552845130
0.7646854055221869
0.7724624783902033
0.7798276907800520
0.7876088014958935
0.7949699760379171
0.8027551246015839
0.8101122612957822
0.8179014477072741
0.8252545465536473
0.8330477708129644
0.8403968318115124
0.8481940939186546
0.8555391170693775
0.8633404170243449
0.8706814023272426
0.8784867401300351
0.8858236875851075
0.8936330632357254
0.9009659728429726
0.9087793863414156
0.9161082581008378
0.9239257094471061
0.9312505433587029
0.9390720325527963
0.9463928286165680
0.9542183556584866
0.9615351138744330
0.9693646787641768
0.9766773991322981
0.9845110018698671
0.9918196843901632
0.9996573249755573
0.2499619237890978
0.2575659498801653
0.2651111312914674
0.2727168881084103
0.2802603387938369
0.2878678263366554
0.2954095462962065
0.3030187645649004
0.3105587537985761
0.3181697027931454
0.3257079613009456
0.3333206410213905
0.3408571688033152
0.3484715792496355
0.3560063763056848
0.3636225174778805
0.3711555838080544
0.3787734557061255
0.3863047913104239
0.3939243939343705
0.4014539988127934
0.4090753321626155
0.4166032063151631
0.4242262703908606
0.4317524138175326
0.4393772086191056
0.4469016213199021
0.4545281468473507
0.4620508288222718
0.4696790850755956
0.4772000363246413
0.4848300233038407
0.4923492438270108
0.4999809615320857
0.5074984513293804
0.5151318997603307
0.5226476588317500
0.5302828379885757
0.5377968663341195
0.5454337762168207
0.5529460738364891
0.5605847144450656
0.5680952813388587
0.5757356526733107
0.5832444888412283
0.5908865909015558
0.5983936963435978
0.6060375291298008
0.6135429038459673
0.6211884673580458
0.6286921113483369
0.6363394055862909
0.6438413188507065
0.6514903438145360
0.6589905263530761
0.6666412820427809
0.6741397338554457
0.6817922202710259
0.6892889413578153
0.6969431584992709
0.7044381488601847
0.7120940967275160
0.7195873563625543
0.7272450349557610
0.7347365638649239
0.7423959731840060
0.7498857713672935
0.7575469114122509
0.7650349788696630
0.7726978496404960
0.7801841863720326
0.7878487878687410
0.7953333938744022
0.8029997260969861
0.8104826013767717
0.8181506643252311
0.8256318088791413
0.8333016025534761
0.8407810163815108
0.8484525407817212
0.8559302238838804
0.8636034790099661
0.8710794313862500
0.8787544172382111
0.8862286388886196
0.8939053554664561
0.9013778463909891
0.9090562936947012
0.9165270538933588
0.9242072319229463
0.9316762613957282
0.9393581701511913
0.9468254688980978
0.9545091083794363
0.9619746764004674
0.9696600466076813
0.9771238839028369
0.9848109848359263
0.9922730914052065
0.9999619230641713
0.2500000000000000
0.2575659498801653
0.2651515151515151
0.2727168881084103
0.2803030303030303
0.2878678263366554
0.2954545454545455
0.3030187645649004
0.3106060606060606
0.3181697027931454
0.3257575757575757
0.3333206410213905
0.3409090909090909
0.3484715792496355
0.3560606060606061
0.3636225174778805
0.3712121212121212
0.3787734557061255
0.3863636363636364
0.3939243939343705
0.4015151515151515
0.4090753321626155
0.4166666666666667
0.4242262703908606
0.4318181818181818
0.4393772086191056
0.4469696969696970
0.4545281468473507
0.4621212121212122
0.4696790850755956
0.4772727272727273
0.4848300233038407
0.4924242424242424
0.4999809615320857
0.5075757575757576
0.5151318997603307
0.5227272727272727
0.5302828379885757
0.5378787878787878
0.5454337762168207
0.5530303030303030
0.5605847144450656
0.5681818181818181
0.5757356526733107
0.5833333333333334
0.5908865909015558
0.5984848484848485
0.6060375291298008
0.6136363636363636
0.6211884673580458
0.6287878787878788
0.6363394055862909
0.6439393939393939
0.6514903438145360
0.6590909090909092
0.6666412820427809
0.6742424242424243
0.6817922202710259
0.6893939393939394
0.6969431584992709
0.7045454545454546
0.7120940967275160
0.7196969696969697
0.7272450349557610
0.7348484848484849
0.7423959731840060
0.7500000000000000
0.7575469114122509
0.7651515151515151
0.7726978496404960
0.7803030303030303
0.7878487878687410
0.7954545454545454
0.8029997260969861
0.8106060606060607
0.8181506643252311
0.8257575757575758
0.8333016025534761
0.8409090909090909
0.8484525407817212
0.8560606060606061
0.8636034790099661
0.8712121212121212
0.8787544172382111
0.8863636363636364
0.8939053554664561
0.9015151515151515
0.9090562936947012
0.9166666666666667
0.9242072319229463
0.9318181818181819
0.9393581701511913
0.9469696969696970
0.9545091083794363
0.9621212121212122
0.9696600466076813
0.9772727272727273
0.9848109848359263
0.9924242424242424
0.9999619230641713
0.2499619237890978
0.2574874927967344
0.2651111312914674
0.2726338159024247
0.2802603387938369
0.2877801390081150
0.2954095462962065
0.3029264621138053
0.3105587537985761
0.3180727852194955
0.3257079613009456
0.3332191083251858
0.3408571688033152
0.3483654314308761
0.3560063763056848
0.3635117545365663
0.3711555838080544
0.3786580776422565
0.3863047913104239
0.3938044007479468
0.4014539988127934
0.4089507238536370
0.4166032063151631
0.4240970469593273
0.4317524138175326
0.4392433700650176
0.4469016213199021
0.4543896931707079
0.4620508288222718
0.4695360162763981
0.4772000363246413
0.4846823393820884
0.4923492438270108
0.4998286624877786
0.5074984513293804
0.5149749855934689
0.5226476588317500
0.5301213086991591
0.5377968663341195
0.5452676318048494
0.5529460738364891
0.5604139549105396
0.5680952813388587
0.5755602780162299
0.5832444888412283
0.5907066011219202
0.5983936963435978
0.6058529242276105
0.6135429038459673
0.6209992473333007
0.6286921113483369
0.6361455704389910
0.6438413188507065
0.6512918935446813
0.6589905263530761
0.6664382166503716
0.6741397338554457
0.6815845397560618
0.6892889413578153
0.6967308628617521
0.7044381488601847
0.7118771859674423
0.7195873563625543
0.7270235090731326
0.7347365638649239
0.7421698321788228
0.7498857713672935
0.7573161552845130
0.7650349788696630
0.7724624783902033
0.7801841863720326
0.7876088014958935
0.7953333938744022
0.8027551246015839
0.8104826013767717
0.8179014477072741
0.8256318088791413
0.8330477708129644
0.8407810163815108
0.8481940939186546
0.8559302238838804
0.8633404170243449
0.8710794313862500
0.8784867401300351
0.8862286388886196
0.8936330632357254
0.9013778463909891
0.9087793863414156
0.9165270538933588
0.9239257094471061
0.9316762613957282
0.9390720325527963
0.9468254688980978
0.9542183556584866
0.9619746764004674
0.9693646787641768
0.9771238839028369
0.9845110018698671
0.9922730914052065
0.9996573249755573
0.2498477067547739
0.2573306025286604
0.2649899920126390
0.2724676967950521
0.2801322772705041
0.2876047910614439
0.2952745625283692
0.3027418853278357
0.3104168477862343
0.3178789795942275
0.3255591330440994
0.3330160738606193
0.3407014183019645
0.3481531681270111
0.3558437035598296
0.3632902623934028
0.3709859888176946
0.3784273566597946
0.3861282740755597
0.3935644509261864
0.4012705593334248
0.4087015451925782
0.4164128445912899
0.4238386394589700
0.4315551298491550
0.4389757337253617
0.4466974151070200
0.4541128279917536
0.4618397003648852
0.4692499222581454
0.4769819856227503
0.4843870165245371
0.4921242708806153
0.4995241107909289
0.5072665561384804
0.5146612050573207
0.5224088413963455
0.5297982993237125
0.5375511266542106
0.5449353935901042
0.5526934119120757
0.5600724878564960
0.5678356971699408
0.5752095821228878
0.5829779824278059
0.5903466763892796
0.5981202676856709
0.6054837706556714
0.6132625529435360
0.6206208649220631
0.6284048382014011
0.6357579591884549
0.6435471234592662
0.6508950534548469
0.6586894087171313
0.6660321477212386
0.6738316939749964
0.6811692419876304
0.6889739792328615
0.6963063362540222
0.7041162644907266
0.7114434305204139
0.7192585497485917
0.7265805247868057
0.7344008350064567
0.7417176190531974
0.7495431202643218
0.7568547133195892
0.7646854055221869
0.7719918075859810
0.7798276907800520
0.7871289018523728
0.7949699760379171
0.8022659961187647
0.8101122612957822
0.8174030903851565
0.8252545465536473
0.8325401846515482
0.8403968318115124
0.8476772789179400
0.8555391170693775
0.8628143731843317
0.8706814023272426
0.8779514674507235
0.8858236875851075
0.8930885617171153
0.9009659728429726
0.9082256559835070
0.9161082581008378
0.9233627502498989
0.9312505433587029
0.9384998445162908
0.9463928286165680
0.9536369387826825
0.9615351138744330
0.9687740330490743
0.9766773991322981
0.9839111273154660
0.9918196843901632
0.9990482215818578
0.2496573836886435
0.2570953268662385
0.2647881342152279
0.2722185813877819
0.2799188847418123
0.2873418359093254
0.2950496352683968
0.3024650904308688
0.3101803857949813
0.3175883449524122
0.3253111363215657
0.3327115994739557
0.3404418868481502
0.3478348539954991
0.3555726373747347
0.3629581085170426
0.3707033879013191
0.3780813630385860
0.3858341384279035
0.3932046175601294
0.4009648889544880
0.4083278720816729
0.4160956394810724
0.4234511266032163
0.4312263900076569
0.4385743811247598
0.4463571405342413
0.4536976356463032
0.4614878910608258
0.4688208901678467
0.4766186415874102
0.4839441446893901
0.4917493921139947
0.4990673992109335
0.5068801426405791
0.5141906537324770
0.5220108931671635
0.5293139082540204
0.5371416436937481
0.5444371627755638
0.5522723942203325
0.5595604172971073
0.5674031447469169
0.5746836718186507
0.5825338952735014
0.5898069263401942
0.5976646458000858
0.6049301808617377
0.6127953963266703
0.6200534353832811
0.6279261468532548
0.6351766899048245
0.6430568973798392
0.6502999444263680
0.6581876479064237
0.6654231989479115
0.6733183984330082
0.6805464534694549
0.6884491489595926
0.6956697079909983
0.7035798994861771
0.7107929625125418
0.7187106500127615
0.7259162170340852
0.7338414005393460
0.7410394715556285
0.7489721510659304
0.7561627260771719
0.7641029015925148
0.7712859805987154
0.7792336521190992
0.7864092351202588
0.7943644026456836
0.8015324896418023
0.8094951531722683
0.8166557441633459
0.8246259036988527
0.8317789986848892
0.8397566542254371
0.8469022532064326
0.8548874047520215
0.8620255077279760
0.8700181552786060
0.8771487622495195
0.8851489058051905
0.8922720167710629
0.9002796563317749
0.9073952712926063
0.9154104068583594
0.9225185258141499
0.9305411573849438
0.9376417803356933
0.9456719079115283
0.9527650348572367
0.9608026584381127
0.9678882893787801
0.9759334089646972
0.9830115439003236
0.9910641594912816
0.9981347984218670
0.2493910125649560
0.2567817374767148
0.2645056193870746
0.2718865455635803
0.2796202262091931
0.2869913536504459
0.2947348330313117
0.3020961617373115
0.3098494398534302
0.3172009698241771
0.3249640466755488
0.3323057779110427
0.3400786534976674
0.3474105859979083
0.3551932603197859
0.3625153940847738
0.3703078671419044
0.3776202021716394
0.3854224739640230
0.3927250102585049
0.4005370807861415
0.4078298183453705
0.4156516876082601
0.4229346264322361
0.4307662944303786
0.4380394345191017
0.4458809012524972
0.4531442426059673
0.4609955080746158
0.4682490506928328
0.4761101148967343
0.4833538587796984
0.4912247217188528
0.4984586668665640
0.5063393285409714
0.5135634749534296
0.5214539353630899
0.5286682830402951
0.5365685421852084
0.5437730911271607
0.5516831490073270
0.5588778992140262
0.5667977558294455
0.5739827073008917
0.5819123626515641
0.5890875153877575
0.5970269694736827
0.6041923234746230
0.6121415762958012
0.6192971315614886
0.6272561831179198
0.6344019396483541
0.6423707899400383
0.6495067477352198
0.6574853967621569
0.6646115558220854
0.6726000035842755
0.6797163639089510
0.6877146104063940
0.6948211719958165
0.7028292172285125
0.7099259800826820
0.7179438240506311
0.7250307881695476
0.7330584308727496
0.7401355962564132
0.7481730376948681
0.7552404043432788
0.7632876445169867
0.7703452124301443
0.7784022513391052
0.7854500205170099
0.7935168581612237
0.8005548286038755
0.8086314649833424
0.8156596366907412
0.8237460718054609
0.8307644447776067
0.8388606786275795
0.8458692528644722
0.8539752854496980
0.8609740609513378
0.8690898922718165
0.8760788690382033
0.8842044990939351
0.8911836771250690
0.8993191059160536
0.9062884852119345
0.9144337127381722
0.9213932932988002
0.9295483195602908
0.9364981013856657
0.9446629263824093
0.9516029094725312
0.9597775332045279
0.9667077175593969
0.9748921400266464
0.9818125256462624
0.9900067468487649
0.9969173337331280
0.2490486745229364
0.2563899298824551
0.2641425335849325
0.2714716904637760
0.2792363926469286
0.2865534510450969
0.2943302517089249
0.3016352116264178
0.3094241107709210
0.3167169722077387
0.3245179698329171
0.3317987327890596
0.3396118288949133
0.3468804933703805
0.3547056879569094
0.3619622539517014
0.3697995470189056
0.3770440145330223
0.3848934060809017
0.3921257751143432
0.3999872651428978
0.4072075356956640
0.4150811242048940
0.4222892962769850
0.4301749832668901
0.4373710568583059
0.4452688423288862
0.4524528174396268
0.4603627013908824
0.4675345780209477
0.4754565604528786
0.4826163386022685
0.4905504195148747
0.4976980991835894
0.5056442785768709
0.5127798597649103
0.5207381376388670
0.5278616203462312
0.5358319967008631
0.5429433809275520
0.5509258557628592
0.5580251415088729
0.5660197148248554
0.5731069020901938
0.5811135738868516
0.5881886626715148
0.5962074329488477
0.6032704232528356
0.6113012920108438
0.6183521838341566
0.6263951510728401
0.6334339444154774
0.6414890101348362
0.6485157049967984
0.6565828691968324
0.6635974655781193
0.6716767282588285
0.6786792261594402
0.6867705873208246
0.6937609867407610
0.7018644463828208
0.7088427473220820
0.7169583054448169
0.7239245079034028
0.7320521645068130
0.7390062684847237
0.7471460235688092
0.7540880290660446
0.7622398826308053
0.7691697896473655
0.7773337416928014
0.7842515502286863
0.7924276007547976
0.7993333108100074
0.8075214598167938
0.8144150713913282
0.8226153188787899
0.8294968319726491
0.8377091779407860
0.8445785925539699
0.8528030370027821
0.8596603531352909
0.8678968960647783
0.8747421137166117
0.8829907551267745
0.8898238742979326
0.8980846141887706
0.9049056348792535
0.9131784732507668
0.9199873954605745
0.9282723323127630
0.9350691560418953
0.9433661913747591
0.9501509166232163
0.9584600504367552
0.9652326772045371
0.9735539094987513
0.9803144377858580
0.9886477685607474
0.9953961983671789
0.2486304738420683
0.2559200234318483
0.2636989874082543
0.2709741424572511
0.2787675009744402
0.2860282614826540
0.2938360145406262
0.3010823805080568
0.3089045281068122
0.3161364995334596
0.3239730416729981
0.3311906185588625
0.3390415552391841
0.3462447375842653
0.3541100688053700
0.3612988566096682
0.3691785823715560
0.3763529756350710
0.3842470959377419
0.3914070946604739
0.3993156095039279
0.4064612136858767
0.4143841230701139
0.4215153327112796
0.4294526366362998
0.4365694517366824
0.4445211502024858
0.4516235707620853
0.4595896637686718
0.4666776897874881
0.4746581773348577
0.4817318088128909
0.4897266909010436
0.4967859278382937
0.5047952044672296
0.5118400468636966
0.5198637180334156
0.5268941658890994
0.5349322315996015
0.5419482849145022
0.5500007451657875
0.5570024039399051
0.5650692587319734
0.5720565229653078
0.5801377722981594
0.5871106419907108
0.5952062858643454
0.6021647610161136
0.6102747994305313
0.6172188800415165
0.6253433129967173
0.6322729990669193
0.6404118265629032
0.6473271180923222
0.6554803401290893
0.6623812371177250
0.6705488536952753
0.6774353561431279
0.6856173672614612
0.6924894751685307
0.7006858808276472
0.7075435941939335
0.7157543943938330
0.7225977132193363
0.7308229079600190
0.7376518322447392
0.7458914215262049
0.7527059512701421
0.7609599350923909
0.7677600702955448
0.7760284486585769
0.7828141893209477
0.7910969622247628
0.7978683083463506
0.8061654757909489
0.8129224273717535
0.8212339893571348
0.8279765463971562
0.8363025029233208
0.8430306654225591
0.8513710164895067
0.8580847844479619
0.8664395300556926
0.8731389034733648
0.8815080436218786
0.8881930224987675
0.8965765571880645
0.9032471415241704
0.9116450707542506
0.9183012605495733
0.9267135843204365
0.9333553795749762
0.9417820978866225
0.9484094986003789
0.9568506114528085
0.9634636176257818
0.9719191250189944
0.9785177366511846
0.9869876385851803
0.9935718556765875
0.2481365379103305
0.2553721612629512
0.2631751159655021
0.2703940531019483
0.2782136940206736
0.2854159449409455
0.2932522720758452
0.3004378367799426
0.3082908501310167
0.3154597286189397
0.3233294281861883
0.3304816204579369
0.3383680062413598
0.3455035122969340
0.3534065842965314
0.3605254041359311
0.3684451623517029
0.3755472959749282
0.3834837404068744
0.3905691878139254
0.3985223184620459
0.4055910796529225
0.4135608965172176
0.4206129714919196
0.4285994745723891
0.4356348633309167
0.4436380526275606
0.4506567551699139
0.4586766306827322
0.4656786470089110
0.4737152087379037
0.4807005388479081
0.4887537867930753
0.4957224306869052
0.5037923648482469
0.5107443225259024
0.5188309429034184
0.5257662143648995
0.5338695209585899
0.5407881062038966
0.5489080990137614
0.5558099980428937
0.5639466770689330
0.5708318898818908
0.5789852551241046
0.5858537817208881
0.5940238331792761
0.6008756735598851
0.6090624112344477
0.6158975653988823
0.6241009892896192
0.6309194572378793
0.6391395673447907
0.6459413490768766
0.6541781453999623
0.6609632409158738
0.6692167234551339
0.6759851327548708
0.6842553015103054
0.6910070245938680
0.6992938795654770
0.7060289164328650
0.7143324576206485
0.7210508082718622
0.7293710356758201
0.7360727001108593
0.7444096137309916
0.7510945919498564
0.7594481917861631
0.7661164837888536
0.7744867698413347
0.7811383756278507
0.7895253478965062
0.7961602674668479
0.8045639259516778
0.8111821593058450
0.8196025040068493
0.8262040511448421
0.8346410820620209
0.8412259429838392
0.8496796601171924
0.8562478348228364
0.8647182381723639
0.8712697266618334
0.8797568162275354
0.8862916185008306
0.8947953942827070
0.9013135103398277
0.9098339723378787
0.9163354021788249
0.9248725503930502
0.9313572940178221
0.9399111284482218
0.9463791858568191
0.9549497065033933
0.9614010776958163
0.9699882845585648
0.9764229695348133
0.9850268626137363
0.9914448613738105
0.2475670171853926
0.2547465102598876
0.2625710788329921
0.2697315990987046
0.2775751404805917
0.2847166879375215
0.2925792021281913
0.2997017767763384
0.3075832637757908
0.3146868656151554
0.3225873254233904
0.3296719544539723
0.3375913870709899
0.3446570432927892
0.3525954487185894
0.3596421321316061
0.3675995103661890
0.3746272209704231
0.3826035720137885
0.3896123098092399
0.3976076336613881
0.4045973986480568
0.4126116953089877
0.4195824874868738
0.4276157569565872
0.4345675763256907
0.4426198186041868
0.4495526651645077
0.4576238802517864
0.4645377540033246
0.4726279418993859
0.4795228428421415
0.4876320035469854
0.4945079316809584
0.5026360651945849
0.5094930205197753
0.5176401268421845
0.5244781093585922
0.5326441884897840
0.5394631981974092
0.5476482501373836
0.5544482870362261
0.5626523117849831
0.5694333758750429
0.5776563734325827
0.5844184647138599
0.5926604350801823
0.5994035535526768
0.6076644967277818
0.6143886423914938
0.6226685583753814
0.6293737312303107
0.6376726200229809
0.6443588200691277
0.6526766816705806
0.6593439089079446
0.6676807433181801
0.6743289977467616
0.6826848049657797
0.6893140865855785
0.6976888666133791
0.7042991754243954
0.7126929282609787
0.7192842642632122
0.7276969899085782
0.7342693531020291
0.7427010515561778
0.7492544419408461
0.7577051132037773
0.7642395307796630
0.7727091748513768
0.7792246196184799
0.7877132364989764
0.7942097084572969
0.8027172981465760
0.8091947972961138
0.8177213597941756
0.8241798861349308
0.8327254214417751
0.8391649749737476
0.8477294830893747
0.8541500638125645
0.8627335447369742
0.8691351526513814
0.8777376063845738
0.8841202414901984
0.8927416680321733
0.8991053303290153
0.9077457296797729
0.9140904191678323
0.9227497913273724
0.9290755080066492
0.9377538529749719
0.9440605968454661
0.9527579146225715
0.9590456856842831
0.9677619762701710
0.9740307745230999
0.9827660379177706
0.9890158633619168
0.2469220851487844
0.2540432610020141
0.2618870600062865
0.2689869822374267
0.2768520348637886
0.2839307034728394
0.2918170097212907
0.2988744247082520
0.3067819845787928
0.3138181459436645
0.3217469594362949
0.3287618671790772
0.3367119342937970
0.3437055884144898
0.3516769091512991
0.3586493096499023
0.3666418840088012
0.3735930308853149
0.3816068588663032
0.3885367521207275
0.3965718337238053
0.4034804733561401
0.4115368085813074
0.4184241945915527
0.4265017834388095
0.4333679158269653
0.4414667582963115
0.4483116370623780
0.4564317331538137
0.4632553582977906
0.4713967080113158
0.4781990795332031
0.4863616828688179
0.4931428007686157
0.5013266577263199
0.5080865220040283
0.5162916325838220
0.5230302432394409
0.5312566074413241
0.5379739644748535
0.5462215822988261
0.5529176857102660
0.5611865571563283
0.5678614069456787
0.5761515320138304
0.5828051281810913
0.5911165068713324
0.5977488494165040
0.6060814817288346
0.6126925706519165
0.6210464565863366
0.6276362918873291
0.6360114314438386
0.6425800131227418
0.6509764063013409
0.6575237343581544
0.6659413811588429
0.6724674555935669
0.6809063560163451
0.6874111768289796
0.6958713308738471
0.7023548980643921
0.7108363057313491
0.7172986192998047
0.7258012805888513
0.7322423405352173
0.7407662554463533
0.7471860617706299
0.7557312303038554
0.7621297830060425
0.7706962051613575
0.7770735042414550
0.7856611800188595
0.7920172254768677
0.8006261548763617
0.8069609467122804
0.8155911297338638
0.8219046679476929
0.8305561045913659
0.8368483891831054
0.8455210794488680
0.8517921104185181
0.8604860543063700
0.8667358316539306
0.8754510291638721
0.8816795528893432
0.8904160040213742
0.8966232741247558
0.9053809788788764
0.9115669953601685
0.9203459537363784
0.9265107165955812
0.9353109285938805
0.9414544378309937
0.9502759034513826
0.9563981590664062
0.9652408783088846
0.9713418803018189
0.9802058531663868
0.9862856015372314
0.2462019382530520
0.2532626277058671
0.2611232678441461
0.2681604293356240
0.2760445974352401
0.2830582309653809
0.2909659270263342
0.2979560325951378
0.3058872566174283
0.3128538342248947
0.3208085862085223
0.3277516358546516
0.3357299157996164
0.3426494374844085
0.3506512453907105
0.3575472391141653
0.3655725749818045
0.3724450407439222
0.3804939045728986
0.3873428423736791
0.3954152341639926
0.4022406440034360
0.4103365637550867
0.4171384456331929
0.4252578933461807
0.4320362472629498
0.4401792229372748
0.4469340488927067
0.4551005525283689
0.4618318505224636
0.4700218821194629
0.4767296521522204
0.4849432117105570
0.4916274537819773
0.4998645413016510
0.5065252554117342
0.5147858708927451
0.5214230570414911
0.5297072004838391
0.5363208586712479
0.5446285300749332
0.5512186603010049
0.5595498596660272
0.5661164619307617
0.5744711892571214
0.5810142635605187
0.5893925188482154
0.5959120651902755
0.6043138484393095
0.6108098668200325
0.6192351780304035
0.6257076684497893
0.6341565076214976
0.6406054700795463
0.6490778372125917
0.6555032717093031
0.6639991668036858
0.6704010733390601
0.6789204963947798
0.6852988749688169
0.6938418259858739
0.7001966765985738
0.7087631555769679
0.7150944782283306
0.7236844851680619
0.7299922798580876
0.7386058147591560
0.7448900814878444
0.7535271443502500
0.7597878831176013
0.7684484739413441
0.7746856847473581
0.7833698035324381
0.7895834863771152
0.7982911331235323
0.8044812880068720
0.8132124627146263
0.8193790896366289
0.8281337923057204
0.8342768912663857
0.8430551218968144
0.8491746928961427
0.8579764514879085
0.8640724945258995
0.8728977810790025
0.8789702961556564
0.8878191106700966
0.8938680977854132
0.9027404402611907
0.9087658994151703
0.9176617698522848
0.9236637010449271
0.9325830994433788
0.9385615026746840
0.9475044290344729
0.9534593043044408
0.9624257586255669
0.9683571059341978
0.9773470882166609
0.9832549075639546
0.2454067958619160
0.2524048481599107
0.2602799350050624
0.2672521921693171
0.2751530741482088
0.2820995361787237
0.2900262132913553
0.2969468801881302
0.3048993524345017
0.3117942241975367
0.3197724915776481
0.3266415682069432
0.3346456307207946
0.3414889122163497
0.3495187698639410
0.3563362562257562
0.3643919090070874
0.3711836002351627
0.3792650481502338
0.3860309442445692
0.3941381872933802
0.4008782882539757
0.4090113264365267
0.4157256322633823
0.4238844655796731
0.4305729762727887
0.4387576047228195
0.4454203202821953
0.4536307438659660
0.4602676642916018
0.4685038830091124
0.4751150083010083
0.4833770221522588
0.4899623523104148
0.4982501612954052
0.5048096963198213
0.5131233004385516
0.5196570403292278
0.5279964395816981
0.5345043843386342
0.5428695787248444
0.5493517283480408
0.5577427178679908
0.5641990723574473
0.5726158570111374
0.5790464163668538
0.5874889961542837
0.5938937603762604
0.6023621352974302
0.6087411043856669
0.6172352744405766
0.6235884483950733
0.6321084135837230
0.6384357924044800
0.6469815527268695
0.6532831364138865
0.6618546918700159
0.6681304804232929
0.6767278310131624
0.6829778244326995
0.6916009701563087
0.6978251684421060
0.7064741092994552
0.7126725124515124
0.7213472484426016
0.7275198564609190
0.7362203875857480
0.7423672004703255
0.7510935267288944
0.7572145444797319
0.7659666658720408
0.7720618884891385
0.7808398050151872
0.7869092324985451
0.7957129441583337
0.8017565765079515
0.8105860833014802
0.8166039205173580
0.8254592224446266
0.8314512645267645
0.8403323615877729
0.8462986085361710
0.8552055007309194
0.8611459525455775
0.8700786398740658
0.8759932965549840
0.8849517790172122
0.8908406405643905
0.8998249181603587
0.9056879845737971
0.9146980573035052
0.9205353285832036
0.9295711964466515
0.9353826725926101
0.9444443355897979
0.9502300166020166
0.9593174747329444
0.9650773606114231
0.9741906138760907
0.9799247046208296
0.2445369001834514
0.2514701836521041
0.2593573183763879
0.2662625473963454
0.2741777365693243
0.2810549111405869
0.2889981547622608
0.2958472748848283
0.3038185729551972
0.3106396386290697
0.3186389911481337
0.3254320023733112
0.3334594093410702
0.3402243661175526
0.3482798275340066
0.3550167298617939
0.3631002457269430
0.3698090936060354
0.3779206639198794
0.3846014573502768
0.3927410821128159
0.3993938210945182
0.4075615003057524
0.4141861848387596
0.4223819184986888
0.4289785485830010
0.4372023366916253
0.4437709123272425
0.4520227548845617
0.4585632760714839
0.4668431730774982
0.4733556398157253
0.4816635912704346
0.4881480035599667
0.4964840094633711
0.5029403673042081
0.5113044276563075
0.5177327310484495
0.5261248458492439
0.5325250947926908
0.5409452640421804
0.5473174585369323
0.5557656822351168
0.5621098222811737
0.5705861004280534
0.5769021860254152
0.5854065186209898
0.5916945497696566
0.6002269368139262
0.6064869135138981
0.6150473550068627
0.6212792772581394
0.6298677731997991
0.6360716410023809
0.6446881913927357
0.6508640047466223
0.6595086095856720
0.6656563684908637
0.6743290277786085
0.6804487322351052
0.6891494459715449
0.6952410959793465
0.7039698641644814
0.7100334597235879
0.7187902823574178
0.7248258234678293
0.7336107005503543
0.7396181872120707
0.7484311187432907
0.7544105509563122
0.7632515369362272
0.7692029147005536
0.7780719551291636
0.7839952784447950
0.7928923733221002
0.7987876421890364
0.8077127915150366
0.8135800059332778
0.8225332097079729
0.8283723696775193
0.8373536279009094
0.8431647334217607
0.8521740460938458
0.8579570971660020
0.8669944642867823
0.8727494609102434
0.8818148824797187
0.8875418246544848
0.8966353006726553
0.9023341883987264
0.9114557188655917
0.9171265521429678
0.9262761370585282
0.9319189158872092
0.9410965552514646
0.9467112796314505
0.9559169734444011
0.9615036433756919
0.9707373916373375
0.9762960071199334
0.2435925161963088
0.2504589188903106
0.2583556989960851
0.2651917964720936
0.2731188817958614
0.2799246740538767
0.2878820645956377
0.2946575516356596
0.3026452473954140
0.3093904292174426
0.3174084301951903
0.3241233067992256
0.3321716129949666
0.3388561843810086
0.3469347957947428
0.3535890619627916
0.3616979785945191
0.3683219395445745
0.3764611613942954
0.3830548171263575
0.3912243441940717
0.3977876947081404
0.4059875269938480
0.4125205722899234
0.4207507097936243
0.4272534498717064
0.4355138925934006
0.4419863274534894
0.4502770753931769
0.4567192050352724
0.4650402581929532
0.4714520826170553
0.4798034409927295
0.4861849601988383
0.4945666237925058
0.5009178377806213
0.5093298065922820
0.5156507153624043
0.5240929893920583
0.5303835929441872
0.5388561721918346
0.5451164705259702
0.5536193549916109
0.5598493481077532
0.5683825377913873
0.5745822256895362
0.5831457205911635
0.5893151032713192
0.5979089033909398
0.6040479808531022
0.6126720861907161
0.6187808584348852
0.6274352689904924
0.6335137360166683
0.6421984517902688
0.6482466135984511
0.6569616345900451
0.6629794911802341
0.6717248173898214
0.6777123687620171
0.6864880001895975
0.6924452463438001
0.7012511829893738
0.7071781239255831
0.7160143657891501
0.7219110015073660
0.7307775485889264
0.7366438790891490
0.7455407313887027
0.7513767566709320
0.7603039141884790
0.7661096342527149
0.7750670969882553
0.7808425118344980
0.7898302797880317
0.7955753894162809
0.8045934625878080
0.8103082669980639
0.8193566453875842
0.8250411445798469
0.8341198281873605
0.8397740221616299
0.8488830109871368
0.8545068997434129
0.8636461937869131
0.8692397773251958
0.8784093765866893
0.8839726549069787
0.8931725593864657
0.8987055324887618
0.9079357421862420
0.9134384100705448
0.9226989249860182
0.9281712876523278
0.9374621077857945
0.9429041652341107
0.9522252905855708
0.9576370428158937
0.9669884733853471
0.9723699203976767
0.2425739315689991
0.2493713619155732
0.2572753819671202
0.2640402655576657
0.2719768323652414
0.2787091691997583
0.2866782827633626
0.2933780728418509
0.3013797331614838
0.3080469764839434
0.3160811835596049
0.3227158801260360
0.3307826339577261
0.3373847837681285
0.3454840843558473
0.3520536874102210
0.3601855347539684
0.3667225910523135
0.3748869851520895
0.3813914946944061
0.3895884355502107
0.3960603983364986
0.4042898859483319
0.4107293019785912
0.4189913363464530
0.4253982056206837
0.4336927867445742
0.4400671092627763
0.4483942371426954
0.4547360129048688
0.4630956875408165
0.4694049165469614
0.4777971379389377
0.4840738201890539
0.4924985883370588
0.4987427238311464
0.5072000387351799
0.5134116274732389
0.5219014891333011
0.5280805311153315
0.5366029395314222
0.5427494347574240
0.5513043899295433
0.5574183383995165
0.5660058403276647
0.5720872420416091
0.5807072907257858
0.5867561456837017
0.5954087411239070
0.6014250493257942
0.6101101915220281
0.6160939529678867
0.6248116419201493
0.6307628566099793
0.6395130923182705
0.6454317602520719
0.6542145427163917
0.6601006638941644
0.6689159931145128
0.6747695675362569
0.6836174435126339
0.6894384711783494
0.6983188939107551
0.7041073748204421
0.7130203443088762
0.7187762784625346
0.7277217947069974
0.7334451821046271
0.7424232451051185
0.7481140857467196
0.7571246955032397
0.7627829893888122
0.7718261459013608
0.7774518930309048
0.7865275962994820
0.7921207966729973
0.8012290466976032
0.8067897003150898
0.8159304970957243
0.8214586039571824
0.8306319474938455
0.8361275075992749
0.8453333978919666
0.8507964112413674
0.8600348482900878
0.8654653148834599
0.8747362986882089
0.8801342185255525
0.8894377490863302
0.8948031221676451
0.9041391994844513
0.9094720258097376
0.9188406498825724
0.9241409294518301
0.9335421002806936
0.9388098330939227
0.9482435506788147
0.9534787367360152
0.9629450010769359
0.9681476403781077
0.2414814565722671
0.2482078440082817
0.2561166963645257
0.2628083054205335
0.2707519361567843
0.2774087668327854
0.2853871759490429
0.2920092282450373
0.3000224157413015
0.3066096896572891
0.3146576555335601
0.3212101510695410
0.3292928953258188
0.3358106124817929
0.3439281351180773
0.3504110738940447
0.3585633749103360
0.3650115353062965
0.3731986147025946
0.3796119967185484
0.3878338544948531
0.3942124581308002
0.4024690942871118
0.4088129195430522
0.4171043340793704
0.4234133809553040
0.4317395738716290
0.4380138423675559
0.4463748136638876
0.4526143037798078
0.4610100534561463
0.4672147651920596
0.4756452932484049
0.4818152266043115
0.4902805330406634
0.4964156880165633
0.5049157728329221
0.5110161494288151
0.5195510126251807
0.5256166108410670
0.5341862524174392
0.5402170722533188
0.5488214922096979
0.5548175336655707
0.5634567320019566
0.5694179950778226
0.5780919717942151
0.5840184564900746
0.5927272115864738
0.5986189179023264
0.6073624513787323
0.6132193793145783
0.6219976911709909
0.6278198407268302
0.6366329309632497
0.6424203021390821
0.6512681707555082
0.6570207635513339
0.6659034105477668
0.6716212249635858
0.6805386503400255
0.6862216863758376
0.6951738901322840
0.7008221477880895
0.7098091299245426
0.7154226092003413
0.7244443697168013
0.7300230706125931
0.7390796095090598
0.7446235320248450
0.7537148493013184
0.7592239934370968
0.7683500890935770
0.7738244548493488
0.7829853288858357
0.7884249162616006
0.7976205686780943
0.8030253776738525
0.8122558084703529
0.8176258390861043
0.8268910482626115
0.8322263004983562
0.8415262880548702
0.8468267619106080
0.8561615278471287
0.8614272233228599
0.8707967676393873
0.8760276847351117
0.8854320074316461
0.8906281461473637
0.9000672472239046
0.9052286075596155
0.9147024870161632
0.9198290689718674
0.9293377268084219
0.9344295303841192
0.9439729666006804
0.9490299917963712
0.9586082063929390
0.9636304532086230
0.2403154239845797
0.2469687195872619
0.2548799951351603
0.2614962913276890
0.2694445662857409
0.2760238630681162
0.2840091374363215
0.2905514348085434
0.2985737085869021
0.3050790065489705
0.3131382797374826
0.3196065782893978
0.3277028508880633
0.3341341500298249
0.3422674220386439
0.3486617217702521
0.3568319931892244
0.3631892935106792
0.3713965643398050
0.3777168652511064
0.3859611354903856
0.3922444369915336
0.4005257066409662
0.4067720087319607
0.4150902777915468
0.4212995804723879
0.4296548489421274
0.4358271522128151
0.4442194200927080
0.4503547239532423
0.4587839912432886
0.4648822956936694
0.4733485623938691
0.4794098674340966
0.4879131335444498
0.4939374391745238
0.5024777046950303
0.5084650109149509
0.5170422758456109
0.5229925826553781
0.5316068469961914
0.5375201543958052
0.5461714181467721
0.5520477261362323
0.5607359892973527
0.5665752978766596
0.5753005604479333
0.5811028696170868
0.5898651315985138
0.5956304413575140
0.6044297027490945
0.6101580130979410
0.6189942738996750
0.6246855848383683
0.6335588450502557
0.6392131565787955
0.6481234162008362
0.6537407283192227
0.6626879873514169
0.6682683000596499
0.6772525585019974
0.6827958718000769
0.6918171296525780
0.6973234435405041
0.7063817008031585
0.7118510152809313
0.7209462719537392
0.7263785870213585
0.7355108431043198
0.7409061587617856
0.7500754142549003
0.7554337305022127
0.7646399854054809
0.7699613022426400
0.7792045565560616
0.7844888739830672
0.7937691277066422
0.7990164457234943
0.8083336988572227
0.8135440174639215
0.8228982700078034
0.8280715892043486
0.8374628411583839
0.8425991609447758
0.8520274123089645
0.8571267326852030
0.8665919834595450
0.8716543044256301
0.8811565546101258
0.8861818761660574
0.8957211257607063
0.9007094479064846
0.9102856969112869
0.9152370196469117
0.9248502680618674
0.9297645913873388
0.9394148392124481
0.9442921631277660
0.9539794103630286
0.9588197348681932
0.2390761889907589
0.2456543661018160
0.2535656549901988
0.2601046229313346
0.2680551209896387
0.2745548797608532
0.2825445869890787
0.2890051365903718
0.2970340529885186
0.3034553934198904
0.3115235189879585
0.3179056502494090
0.3260129849873985
0.3323559070789276
0.3405024509868385
0.3468061639084462
0.3549919169862784
0.3612564207379648
0.3694813829857183
0.3757066775674833
0.3839708489851582
0.3901569343970019
0.3984603149845982
0.4046071912265205
0.4129497809840381
0.4190574480560391
0.4274392469834780
0.4335077048855577
0.4419287129829180
0.4479579617150763
0.4564181789823579
0.4624082185445949
0.4709076449817978
0.4768584753741135
0.4853971109812377
0.4913087322036320
0.4998865769806777
0.5057589890331506
0.5143760429801175
0.5202092458626691
0.5288655089795575
0.5346595026921878
0.5433549749789974
0.5491097595217064
0.5578444409784374
0.5635600163512250
0.5723339069778773
0.5780102731807436
0.5868233729773172
0.5924605300102622
0.6013128389767572
0.6069107868397807
0.6158023049761971
0.6213610436692995
0.6302917709756372
0.6358113004988181
0.6447812369750771
0.6502615573283366
0.6592707029745170
0.6647118141578552
0.6737601689739569
0.6791620709873738
0.6882496349733969
0.6936123278168923
0.7027391009728368
0.7080625846464109
0.7172285669722767
0.7225128414759295
0.7317180329717166
0.7369630983054480
0.7462074989711565
0.7514133551349667
0.7606969649705965
0.7658636119644854
0.7751864309700365
0.7803138687940039
0.7896758969694764
0.7947641256235225
0.8041653629689163
0.8092143824530410
0.8186548289683562
0.8236646392825596
0.8331442949677961
0.8381148961120782
0.8476337609672361
0.8525651529415967
0.8621232269666760
0.8670154097711154
0.8766126929661160
0.8814656666006341
0.8911021589655559
0.8959159234301526
0.9055916249649958
0.9103661802596712
0.9200810909644358
0.9248164370891898
0.9345705569638757
0.9392666939187083
0.9490600229633156
0.9537169507482269
0.2377641290737884
0.2442651839167483
0.2521740762903816
0.2586337241471453
0.2665840235069749
0.2730022643775423
0.2809939707235681
0.2873708046079392
0.2954039179401614
0.3017393448383362
0.3098138651567546
0.3161078850687332
0.3242238123733479
0.3304764252991301
0.3386337595899411
0.3448449655295271
0.3530437068065343
0.3592135057599240
0.3674536540231275
0.3735820459903210
0.3818636012397207
0.3879505862207179
0.3962735484563140
0.4023191264511150
0.4106834956729072
0.4166876666815119
0.4250934428895005
0.4310562069119089
0.4395033901060937
0.4454247471423058
0.4539133373226870
0.4597932873727028
0.4683232845392802
0.4741618276030997
0.4827332317558735
0.4885303678334967
0.4971431789724667
0.5028989080638936
0.5115531261890599
0.5172674482942906
0.5259630734056531
0.5316359885246875
0.5403730206222463
0.5460045287550844
0.5547829678388396
0.5603730689854816
0.5691929150554329
0.5747416092158785
0.5836028622720261
0.5891101494462754
0.5980128094886193
0.6034786896766724
0.6124227567052125
0.6178472299070694
0.6268327039218059
0.6322157701374663
0.6412426511383991
0.6465843103678633
0.6556525983549923
0.6609528505982603
0.6700625455715855
0.6753213908286572
0.6844724927881788
0.6896899310590542
0.6988824400047720
0.7040584712894511
0.7132923872213652
0.7184270115198480
0.7277023344379585
0.7327955517502450
0.7421122816545517
0.7471640919806419
0.7565222288711450
0.7615326322110390
0.7709321760877382
0.7759011724414360
0.7853421233043315
0.7902697126718329
0.7997520705209247
0.8046382529022299
0.8141620177375180
0.8190067931326268
0.8285719649541111
0.8333753333630237
0.8429819121707044
0.8477438735934207
0.8573918593872976
0.8621124138238176
0.8718018066038909
0.8764809540542147
0.8862117538204841
0.8908494942846117
0.9006217010370774
0.9052180345150086
0.9150316482536706
0.9195865747454055
0.9294415954702638
0.9339551149758025
0.9438515426868570
0.9483236552061994
0.2363796438998292
0.2428015961904096
0.2507056829240613
0.2570840430251395
0.2650317219482933
0.2713664898598696
0.2793577609725255
0.2856489366945995
0.2936837999967575
0.2999313835293295
0.3080098390209896
0.3142138303640595
0.3223358780452217
0.3284962771987895
0.3366619170694538
0.3427787240335194
0.3509879560936858
0.3570611708682494
0.3653139951179178
0.3713436177029794
0.3796400341421499
0.3856260645377093
0.3939660731663820
0.3999085113724393
0.4082921121906141
0.4141909582071693
0.4226181512148461
0.4284734050418993
0.4369441902390783
0.4427558518766293
0.4512702292633103
0.4570382987113593
0.4655962682875424
0.4713207455460892
0.4799223073117744
0.4856031923808192
0.4942483463360065
0.4998856392155491
0.5085743853602386
0.5141680860502791
0.5229004243844706
0.5284505328850091
0.5372264634087027
0.5427329797197390
0.5515525024329349
0.5570154265544691
0.5658785414571669
0.5712978733891990
0.5802045804813990
0.5855803202239290
0.5945306195056310
0.5998627670586590
0.6088566585298631
0.6141452138933891
0.6231826975540953
0.6284276607281191
0.6375087365783273
0.6427101075628490
0.6518347756025594
0.6569925543975790
0.6661608146267914
0.6712750012323089
0.6804868536510235
0.6855574480670389
0.6948128926752556
0.6998398949017688
0.7091389316994876
0.7141223417364988
0.7234649707237197
0.7284047885712288
0.7377910097479518
0.7426872354059587
0.7521170487721838
0.7569696822406888
0.7664430877964160
0.7712521290754187
0.7807691268206480
0.7855345759101487
0.7950951658448802
0.7998170227448786
0.8094212048691122
0.8140994695796087
0.8237472438933442
0.8283819164143387
0.8380732829175763
0.8426643632490686
0.8523993219418083
0.8569468100837986
0.8667253609660405
0.8712292569185286
0.8810513999902726
0.8855117037532586
0.8953774390145046
0.8997941505879885
0.9097034780387367
0.9140765974227185
0.9240295170629688
0.9283590442574484
0.9383555560872008
0.9426414910921784
0.2349231551964771
0.2412640487457994
0.2491609221780818
0.2554560516131993
0.2633986891596864
0.2696480544805994
0.2776364561412911
0.2838400573479993
0.2918742231228958
0.2980320602153992
0.3061119901045005
0.3122240630827993
0.3203497570861052
0.3264160659501992
0.3345875240677098
0.3406080688175991
0.3488252910493145
0.3548000716849991
0.3630630580309192
0.3689920745523991
0.3773008250125238
0.3831840774197990
0.3915385919941285
0.3973760802871990
0.4057763589757332
0.4115680831545990
0.4200141259573378
0.4257600860219990
0.4342518929389426
0.4399520888893990
0.4484896599205472
0.4541440917567989
0.4627274269021519
0.4683360946241988
0.4769651938837565
0.4825280974915988
0.4912029608653612
0.4967201003589987
0.5054407278469659
0.5109121032263987
0.5196784948285705
0.5251041060937987
0.5339162618101752
0.5392961089611986
0.5481540287917800
0.5534881118285987
0.5623917957733846
0.5676801146959987
0.5766295627549892
0.5818721175633985
0.5908673297365939
0.5960641204307985
0.6051050967181986
0.6102561232981986
0.6193428636998034
0.6244481261655985
0.6335806306814080
0.6386401290329985
0.6478183976630126
0.6528321319003985
0.6620561646446174
0.6670241347677984
0.6762939316262220
0.6812161376351983
0.6905316986078267
0.6954081405025982
0.7047694655894313
0.7096001433699982
0.7190072325710359
0.7237921462373982
0.7332449995526407
0.7379841491047981
0.7474827665342453
0.7521761519721982
0.7617205335158501
0.7663681548395982
0.7759583004974547
0.7805601577069980
0.7901960674790593
0.7947521605743980
0.8044338344606641
0.8089441634417980
0.8186716014422687
0.8231361663091979
0.8329093684238734
0.8373281691765979
0.8471471354054780
0.8515201720439979
0.8613849023870828
0.8657121749113980
0.8756226693686875
0.8799041777787979
0.8898604363502921
0.8940961806461978
0.9040982033318967
0.9082881835135977
0.9183359703135014
0.9224801863809977
0.9325737372951061
0.9366721892483977
0.2333951066243004
0.2396530099347639
0.2475402646015308
0.2537502458132794
0.2616854225787611
0.2678474816917950
0.2758305805559914
0.2819447175703105
0.2899757385332217
0.2960419534488260
0.3041208965104521
0.3101391893273416
0.3182660544876824
0.3242364252058570
0.3324112124649127
0.3383336610843726
0.3465563704421430
0.3524308969628881
0.3607015284193734
0.3665281328414036
0.3748466863966037
0.3806253687199191
0.3889918443738341
0.3947226045984347
0.4031370023510644
0.4088198404769502
0.4172821603282947
0.4229170763554658
0.4314273183055251
0.4370143122339812
0.4455724762827554
0.4511115481124968
0.4597176342599857
0.4652087839910123
0.4738627922372161
0.4793060198695278
0.4880079502144464
0.4934032557480433
0.5021531081916767
0.5075004916265589
0.5162982661689069
0.5215977275050744
0.5304434241461373
0.5356949633835898
0.5445885821233677
0.5497921992621054
0.5587337401005981
0.5638894351406210
0.5728788980778283
0.5779866710191365
0.5870240560550587
0.5920839068976520
0.6011692140322890
0.6061811427761676
0.6153143720095194
0.6202783786546832
0.6294595299867497
0.6343756145331987
0.6436046879639801
0.6484728504117141
0.6577498459412103
0.6625700862902296
0.6718950039184407
0.6766673221687451
0.6860401618956710
0.6907645580472607
0.7001853198729013
0.7048617939257762
0.7143304778501316
0.7189590298042917
0.7284756358273620
0.7330562656828072
0.7426207938045922
0.7471535015613229
0.7567659517818227
0.7612507374398383
0.7709111097590530
0.7753479733183538
0.7850562677362833
0.7894452091968693
0.7992014257135136
0.8035424450753849
0.8133465836907440
0.8176396809539004
0.8274917416679742
0.8317369168324159
0.8416368996452046
0.8458341527109314
0.8557820576224350
0.8599313885894471
0.8699272155996653
0.8740286244679625
0.8840723735768956
0.8881258603464780
0.8982175315541260
0.9022230962249935
0.9123626895313562
0.9163203321035090
0.9265078475085866
0.9304175679820246
0.2317959636416969
0.2379689704953314
0.2458442038624057
0.2519671452303509
0.2598924440831146
0.2659653199653704
0.2739406843038236
0.2799634947003899
0.2879889245245325
0.2939616694354094
0.3020371647452413
0.3079598441704289
0.3160854049659503
0.3219580189054485
0.3301336451866592
0.3359561936404679
0.3441818854073680
0.3499543683754874
0.3582301256280769
0.3639525431105069
0.3722783658487858
0.3779507178455264
0.3863266060694948
0.3919488925805459
0.4003748462902036
0.4059470673155654
0.4144230865109125
0.4199452420505849
0.4284713267316215
0.4339434167856044
0.4425195669523304
0.4479415915206239
0.4565678071730392
0.4619397662556434
0.4706160473937482
0.4759379409906628
0.4846642876144571
0.4899361157256824
0.4987125278351660
0.5039342904607018
0.5127607680558748
0.5179324651957213
0.5268090082765837
0.5319306399307407
0.5408572484972927
0.5459288146657604
0.5549054887180016
0.5599269894007799
0.5689537289387104
0.5739251641357993
0.5830019691594194
0.5879233388708188
0.5970502093801282
0.6019215136058385
0.6110984496008373
0.6159196883408579
0.6251466898215461
0.6299178630758774
0.6391949300422550
0.6439160378108969
0.6532431702629639
0.6579142125459163
0.6672914104836728
0.6719123872809358
0.6813396507043816
0.6859105620159553
0.6953878909250906
0.6999087367509748
0.7094361311457995
0.7139069114859943
0.7234843713665083
0.7279050862210138
0.7375326115872173
0.7419032609560333
0.7515808518079262
0.7559014356910528
0.7656290920286352
0.7698996104260724
0.7796773322493440
0.7838977851610918
0.7937255724700529
0.7978959598961113
0.8077738126907618
0.8118941346311308
0.8218220529114707
0.8258923093661502
0.8358702931321795
0.8398904841011697
0.8499185333528886
0.8538886588361894
0.8639667735735974
0.8678868335712088
0.8780150137943064
0.8818850083062283
0.8920632540150152
0.8958831830412478
0.9061114942357241
0.9098813577762672
0.9201597344564330
0.9238795325112867
0.2301262133631101
0.2362124434022289
0.2440732565972379
0.2501072930141247
0.2580202998313658
0.2640021426260206
0.2719673430654937
0.2778969922379164
0.2859143862996216
0.2917918418498122
0.2998614295337494
0.3056866914617081
0.3138084727678774
0.3195815410736039
0.3277555160020053
0.3334763906854997
0.3417025592361331
0.3473712402973955
0.3556496024702610
0.3612660899092913
0.3695966457043889
0.3751609395211871
0.3835436889385168
0.3890557891330829
0.3974907321726447
0.4029506387449788
0.4114377754067725
0.4168454883568746
0.4253848186409004
0.4307403379687704
0.4393318618750283
0.4446351875806662
0.4532789051091562
0.4585300371925620
0.4672259483432841
0.4724248868044578
0.4811729915774119
0.4863197364163536
0.4951200348115398
0.5002145860282494
0.5090670780456676
0.5141094356401452
0.5230141212797955
0.5280042852520410
0.5369611645139235
0.5418991348639369
0.5509082077480514
0.5557939844758327
0.5648552509821793
0.5696888340877285
0.5788022942163071
0.5835836836996244
0.5927493374504350
0.5974785333115203
0.6066963806845630
0.6113733829234161
0.6206434239186909
0.6252682325353119
0.6345904671528187
0.6391630821472077
0.6485375103869466
0.6530579317591035
0.6624845536210745
0.6669527813709993
0.6764315968552024
0.6808476309828951
0.6903786400893301
0.6947424805947909
0.7043256833234580
0.7086373302066867
0.7182727265575859
0.7225321798185825
0.7322197697917138
0.7364270294304784
0.7461668130258418
0.7503218790423742
0.7601138562599696
0.7642167286542700
0.7740608994940975
0.7781115782661658
0.7880079427282254
0.7920064278780616
0.8019549859623533
0.8059012774899575
0.8159020291964811
0.8197961271018533
0.8298490724306090
0.8336909767137491
0.8437961156647370
0.8475858263256451
0.8577431588988649
0.8614806759375409
0.8716902021329928
0.8753755255494367
0.8856372453671206
0.8892703751613324
0.8995842886012485
0.9031652247732282
0.9135313318353764
0.9170600743851240
0.2283863644106502
0.2343839637106248
0.2422279622537199
0.2481712556936027
0.2560695600967896
0.2619585476765807
0.2699111579398594
0.2757458396595586
0.2837527557829291
0.2895331316425365
0.2975943536259987
0.3033204236255144
0.3114359514690685
0.3171077156084924
0.3252775493121382
0.3308950075914703
0.3391191471552079
0.3446822995744482
0.3529607449982776
0.3584695915574261
0.3668023428413473
0.3722568835404040
0.3806439406844170
0.3860441755233820
0.3944855385274867
0.3998314675063599
0.4083271363705565
0.4136187594893379
0.4221687342136262
0.4274060514723158
0.4360103320566959
0.4411933434552937
0.4498519298997656
0.4549806354382716
0.4636935277428353
0.4687679274212495
0.4775351255859050
0.4825552194042275
0.4913767234289747
0.4963425113872054
0.5052183212720444
0.5101298033701833
0.5190599191151141
0.5239170953531612
0.5329015169581839
0.5377043873361392
0.5467431148012536
0.5514916793191171
0.5605847126443233
0.5652789713020950
0.5744263104873930
0.5790662632850729
0.5882679083304627
0.5928535552680509
0.6021095061735324
0.6066408472510288
0.6159511040166021
0.6204281392340067
0.6297927018596718
0.6342154312169848
0.6436342997027416
0.6480027231999627
0.6574758975458113
0.6617900151829406
0.6713174953888810
0.6755773071659185
0.6851590932319507
0.6893645991488964
0.6990006910750204
0.7031518911318743
0.7128422889180901
0.7169391831148522
0.7266838867611597
0.7307264750978302
0.7405254846042295
0.7445137670808082
0.7543670824472992
0.7583010590637861
0.7682086802903689
0.7720883510467640
0.7820502781334386
0.7858756430297419
0.7958918759765083
0.7996629350127198
0.8097334738195781
0.8134502269956977
0.8235750716626478
0.8272375189786756
0.8374166695057176
0.8410248109616536
0.8512582673487872
0.8548121029446315
0.8650998651918569
0.8685993949276095
0.8789414630349266
0.8823866869105874
0.8927830608779963
0.8961739788935653
0.9066246587210660
0.9099612708765432
0.2265769467591625
0.2324840883931459
0.2403088829263845
0.2461596230045074
0.2540408190936064
0.2598351576158690
0.2677727552608284
0.2735106922272305
0.2815046914280504
0.2871862268385921
0.2952366275952724
0.3008617614499536
0.3089685637624944
0.3145372960613151
0.3227004999297163
0.3282128306726766
0.3364324360969383
0.3418883652840382
0.3501643722641603
0.3555638998953997
0.3638963084313822
0.3692394345067612
0.3776282445986042
0.3829149691181227
0.3913601807658262
0.3965905037294843
0.4050921169330481
0.4102660383408459
0.4188240531002702
0.4239415729522074
0.4325559892674921
0.4376171075635689
0.4462879254347141
0.4512926421749304
0.4600198616019360
0.4649681767862919
0.4737517977691579
0.4786437113976534
0.4874837339363799
0.4923192460090149
0.5012156701036019
0.5059947806203764
0.5149476062708238
0.5196703152317379
0.5286795424380459
0.5333458498430995
0.5424114786052678
0.5470213844544610
0.5561434147724899
0.5606969190658225
0.5698753509397118
0.5743724536771841
0.5836072871069338
0.5880479882885458
0.5973392232741558
0.6017235228999073
0.6110711594413778
0.6153990575112688
0.6248030956085997
0.6290745921226303
0.6385350317758217
0.6427501267339918
0.6522669679430436
0.6564256613453533
0.6659989041102656
0.6701011959567148
0.6797308402774875
0.6837767305680763
0.6934627764447094
0.6974522651794378
0.7071947126119315
0.7111277997907993
0.7209266487791534
0.7248033344021609
0.7346585849463755
0.7384788690135224
0.7483905211135974
0.7521544036248839
0.7621224572808194
0.7658299382362455
0.7758543934480413
0.7795054728476070
0.7895863296152633
0.7931810074589686
0.8033182657824852
0.8068565420703301
0.8170502019497072
0.8205320766816916
0.8307821381169292
0.8342076112930532
0.8445140742841513
0.8478831459044147
0.8582460104513732
0.8615586805157762
0.8719779466185952
0.8752342151271377
0.8857098827858171
0.8889097497384992
0.8994418189530391
0.9025852843498607
0.2246985115747917
0.2305133961702185
0.2383166031853852
0.2440730077096432
0.2519346947959786
0.2576326192490678
0.2655527864065720
0.2711922307884924
0.2791708780171655
0.2847518423279171
0.2927889696277589
0.2983114538673417
0.3064070612383524
0.3118710654067663
0.3200251528489458
0.3254306769461909
0.3336432444595392
0.3389902884856155
0.3472613360701327
0.3525499000250401
0.3608794276807261
0.3661095115644648
0.3744975192913196
0.3796691231038894
0.3881156109019130
0.3932287346433140
0.4017337025125064
0.4067883461827387
0.4153517941230999
0.4203479577221633
0.4289698857336933
0.4339075692615879
0.4425879773442867
0.4474671808010125
0.4562060689548802
0.4610267923404371
0.4698241605654736
0.4745864038798617
0.4834422521760670
0.4881460154192863
0.4970603437866605
0.5017056269587109
0.5106784353972539
0.5152652384981355
0.5242965270078475
0.5288248500375603
0.5379146186184408
0.5423844615769848
0.5515327102290343
0.5559440731164095
0.5651508018396277
0.5695036846558341
0.5787688934502211
0.5830632961952588
0.5923869850608147
0.5966229077346834
0.6060050766714080
0.6101825192741080
0.6196231682820015
0.6237421308135326
0.6332412598925949
0.6373017423529572
0.6468593515031883
0.6508613538923819
0.6604774431137818
0.6644209654318064
0.6740955347243752
0.6779805769712310
0.6877136263349686
0.6915401885106557
0.7013317179455620
0.7050998000500802
0.7149498095561555
0.7186594115895050
0.7285679011667490
0.7322190231289296
0.7421859927773424
0.7457786346683541
0.7558040843879359
0.7593382462077788
0.7694221759985292
0.7728978577472034
0.7830402676091227
0.7864574692866281
0.7966583592197162
0.8000170808260526
0.8102764508303095
0.8135766923654772
0.8238945424409031
0.8271363039049020
0.8375126340514966
0.8406959154443265
0.8511307256620899
0.8542555269837512
0.8647488172726834
0.8678151385231758
0.8783669088832768
0.8813747500626004
0.8919850004938702
0.8949343616020250
0.2227516310470920
0.2284724873337844
0.2362517298984309
0.2419120454122423
0.2497518287497698
0.2553516034907002
0.2632519276011087
0.2687911615691581
0.2767520264524476
0.2822307196476160
0.2902521253037865
0.2956702777260740
0.3037522241551254
0.3091098358045319
0.3172523230064643
0.3225493938829898
0.3307524218578032
0.3359889519614477
0.3442525207091421
0.3494285100399055
0.3577526195604810
0.3628680681183635
0.3712527184118199
0.3763076261968214
0.3847528172631589
0.3897471842752793
0.3982529161144978
0.4031867423537372
0.4117530149658367
0.4166263004321951
0.4252531138171756
0.4300658585106530
0.4387532126685145
0.4435054165891109
0.4522533115198534
0.4569449746675688
0.4657534103711923
0.4703845327460267
0.4792535092225312
0.4838240908244846
0.4927536080738701
0.4972636489029425
0.5062537069252090
0.5107032069814004
0.5197538057765480
0.5241427650598584
0.5332539046278869
0.5375823231383162
0.5467540034792258
0.5510218812167742
0.5602541023305646
0.5644614392952321
0.5737542011819036
0.5779009973736901
0.5872543000332425
0.5913405554521479
0.6007543988845815
0.6047801135306058
0.6142544977359203
0.6182196716090638
0.6277545965872592
0.6316592296875216
0.6412546954385981
0.6450987877659795
0.6547547942899370
0.6585383458444374
0.6682548931412760
0.6719779039228954
0.6817549919926148
0.6854174620013532
0.6952550908439538
0.6988570200798111
0.7087551896952926
0.7122965781582691
0.7222552885466316
0.7257361362367269
0.7357553873979705
0.7391756943151849
0.7492554862493094
0.7526152523936428
0.7627555851006483
0.7660548104721007
0.7762556839519872
0.7794943685505585
0.7897557828033260
0.7929339266290165
0.8032558816546650
0.8063734847074744
0.8167559805060040
0.8198130427859324
0.8302560793573429
0.8332526008643902
0.8437561782086818
0.8466921589428481
0.8572562770600206
0.8601317170213061
0.8707563759113596
0.8735712750997640
0.8842564747626984
0.8870108331782218
0.2207368982147317
0.2263619835644456
0.2341148920459276
0.2396773943623542
0.2474928858771234
0.2529928051602628
0.2608708797083193
0.2663082159581713
0.2742488735395152
0.2796236267560799
0.2876268673707110
0.2929390375539885
0.3010048612019069
0.3062544483518970
0.3143828550331028
0.3195698591498056
0.3277608488642986
0.3328852699477142
0.3411388426954945
0.3462006807456227
0.3545168365266903
0.3595160915435313
0.3678948303578862
0.3728315023414399
0.3812728241890820
0.3861469131393484
0.3946508180202779
0.3994623239372570
0.4080288118514738
0.4127777347351656
0.4214068056826696
0.4260931455330741
0.4347847995138655
0.4394085563309827
0.4481627933450614
0.4527239671288912
0.4615407871762572
0.4660393779267998
0.4749187810074531
0.4793547887247084
0.4882967748386489
0.4926701995226169
0.5016747686698447
0.5059856103205255
0.5150527625010407
0.5193010211184341
0.5284307563322366
0.5326164319163427
0.5418087501634324
0.5459318427142512
0.5551867439946283
0.5592472535121598
0.5685647378258241
0.5725626643100684
0.5819427316570200
0.5858780751079770
0.5953207254882159
0.5991934859058855
0.6086987193194118
0.6125088967037940
0.6220767131506076
0.6258243075017027
0.6354547069818035
0.6391397182996112
0.6488327008129993
0.6524551290975198
0.6622106946441951
0.6657705398954283
0.6755886884753910
0.6790859506933369
0.6889666823065869
0.6924013614912454
0.7023446761377827
0.7057167722891541
0.7157226699689787
0.7190321830870626
0.7291006638001745
0.7323475938849712
0.7424786576313703
0.7456630046828797
0.7558566514625662
0.7589784154807883
0.7692346452937621
0.7722938262786968
0.7826126391249579
0.7856092370766053
0.7959906329561538
0.7989246478745140
0.8093686267873497
0.8122400586724227
0.8227466206185455
0.8255554694703312
0.8361246144497414
0.8388708802682397
0.8495026082809373
0.8521862910661483
0.8628806021121331
0.8655017018640568
0.8762585959433290
0.8788171126619654
0.2186549267848490
0.2241825277420954
0.2319067405293853
0.2373697352563363
0.2451585542739216
0.2505569427705772
0.2584103680184579
0.2637441502848181
0.2716621817629942
0.2769313577990590
0.2849139955075304
0.2901185653132999
0.2981658092520668
0.3033057728275408
0.3114176229966031
0.3164929803417817
0.3246694367411394
0.3296801878560226
0.3379212504856757
0.3428673953702635
0.3511730642302119
0.3560546028845044
0.3644248779747483
0.3692418103987453
0.3776766917192846
0.3824290179129862
0.3909285054638209
0.3956162254272272
0.4041803192083572
0.4088034329414680
0.4174321329528935
0.4219906404557089
0.4306839466974298
0.4351778479699498
0.4439357604419661
0.4483650554841908
0.4571875741865024
0.4615522629984317
0.4704393879310386
0.4747394705126725
0.4836912016755749
0.4879266780269134
0.4969430154201112
0.5011138855411543
0.5101948291646476
0.5143010930553953
0.5234466429091839
0.5274883005696362
0.5366984566537202
0.5406755080838771
0.5499502703982565
0.5538627155981179
0.5632020841427927
0.5670499231123590
0.5764538978873291
0.5802371306265999
0.5897057116318655
0.5934243381408407
0.6029575253764017
0.6066115456550817
0.6162093391209380
0.6197987531693225
0.6294611528654743
0.6329859606835634
0.6427129666100106
0.6461731681978043
0.6559647803545469
0.6593603757120452
0.6692165940990832
0.6725475832262862
0.6824684078436195
0.6857347907405270
0.6957202215881557
0.6989219982547680
0.7089720353326922
0.7121092057690089
0.7222238490772285
0.7252964132832498
0.7354756628217647
0.7384836207974906
0.7487274765663010
0.7516708283117316
0.7619792903108373
0.7648580358259724
0.7752311040553735
0.7780452433402133
0.7884829177999099
0.7912324508544543
0.8017347315444463
0.8044196583686952
0.8149865452889825
0.8176068658829361
0.8282383590335188
0.8307940733971770
0.8414901727780552
0.8439812809114179
0.8547419865225914
0.8571684884256588
0.8679938002671277
0.8703556959398997
0.2165063509461097
0.2219347837500900
0.2296279479731466
0.2349897710295070
0.2427495450001836
0.2480447583089241
0.2558711420272206
0.2610997455883412
0.2689927390542575
0.2741547328677583
0.2821143360812944
0.2872097201471753
0.2952359331083314
0.3002647074265924
0.3083575301353683
0.3133196947060095
0.3214791271624053
0.3263746819854265
0.3346007241894422
0.3394296692648435
0.3477223212164792
0.3524846565442606
0.3608439182435161
0.3655396438236777
0.3739655152705531
0.3785946311030947
0.3870871122975900
0.3916496183825118
0.4002087093246270
0.4047046056619289
0.4133303063516640
0.4177595929413459
0.4264519033787009
0.4308145802207630
0.4395735004057378
0.4438695675001800
0.4526950974327748
0.4569245547795970
0.4658166944598117
0.4699795420590141
0.4789382914868486
0.4830345293384312
0.4920598885138856
0.4960895166178482
0.5051814855409226
0.5091445038972654
0.5183030825679595
0.5221994911766824
0.5314246795949965
0.5352544784560994
0.5445462766220335
0.5483094657355165
0.5576678736490703
0.5613644530149337
0.5707894706761074
0.5744194402943507
0.5839110677031444
0.5874744275737678
0.5970326647301812
0.6005294148531848
0.6101542617572182
0.6135844021326018
0.6232758587842552
0.6266393894120189
0.6363974558112921
0.6396943766914359
0.6495190528383290
0.6527493639708529
0.6626406498653660
0.6658043512502700
0.6757622468924029
0.6788593385296871
0.6888838439194398
0.6919143258091042
0.7020054409464769
0.7049693130885213
0.7151270379735138
0.7180243003679383
0.7282486350005507
0.7310792876473553
0.7413702320275877
0.7441342749267724
0.7544918290546246
0.7571892622061894
0.7676134260816616
0.7702442494856065
0.7807350231086985
0.7832992367650236
0.7938566201357355
0.7963542240444407
0.8069782171627725
0.8094092113238578
0.8200998141898094
0.8224641986032748
0.8332214112168463
0.8355191858826918
0.8463430082438833
0.8485741731621089
0.8594646052709203
0.8616291604415259
0.2142918251755281
0.2196194362730238
0.2272792085194995
0.2325382266420251
0.2402665918634709
0.2454570170110266
0.2532539752074423
0.2583758073800280
0.2662413585514137
0.2712945977490294
0.2792287418953850
0.2842133881180308
0.2922161252393565
0.2971321784870322
0.3052035085833279
0.3100509688560336
0.3181908919272993
0.3229697592250350
0.3311782752712706
0.3358885495940364
0.3441656586152421
0.3488073399630378
0.3571530419592135
0.3617261303320392
0.3701404253031849
0.3746449207010406
0.3831278086471563
0.3875637110700420
0.3961151919911277
0.4004825014390433
0.4091025753350991
0.4134012918080447
0.4220899586790705
0.4263200821770461
0.4350773420230419
0.4392388725460475
0.4480647253670133
0.4521576629150489
0.4610521087109846
0.4650764532840503
0.4740394920549560
0.4779952436530517
0.4870268753989274
0.4909140340220531
0.5000142587428988
0.5038328243910546
0.5130016420868703
0.5167516147600559
0.5259890254308417
0.5296704051290574
0.5389764087748130
0.5425891954980587
0.5519637921187844
0.5555079858670602
0.5649511754627560
0.5684267762360616
0.5779385588067273
0.5813455666050630
0.5909259421506987
0.5942643569740643
0.6039133254946701
0.6071831473430658
0.6169007088386415
0.6201019377120671
0.6298880921826129
0.6330207280810686
0.6428754755265842
0.6459395184500699
0.6558628588705556
0.6588583088190713
0.6688502422145270
0.6717770991880727
0.6818376255584984
0.6846958895570742
0.6948250089024699
0.6976146799260755
0.7078123922464413
0.7105334702950770
0.7207997755904126
0.7234522606640783
0.7337871589343841
0.7363710510330798
0.7467745422783555
0.7492898414020811
0.7597619256223268
0.7622086317710824
0.7727493089662982
0.7751274221400839
0.7857366923102697
0.7880462125090854
0.7987240756542411
0.8009650028780867
0.8117114589982125
0.8138837932470881
0.8246988423421838
0.8268025836160895
0.8376862256861553
0.8397213739850909
0.8506736090301267
0.8526401643540923
0.2120120240391065
0.2172371905881676
0.2248612376172342
0.2300158488580598
0.2377104511953618
0.2427945071279520
0.2505596647734895
0.2555731653978442
0.2634088783516172
0.2683518236677364
0.2762580919297448
0.2811304819376286
0.2891073055078726
0.2939091402075208
0.3019565190860002
0.3066877984774131
0.3148057326641279
0.3194664567473052
0.3276549462422555
0.3322451150171974
0.3405041598203832
0.3450237732870896
0.3533533733985109
0.3578024315569819
0.3662025869766385
0.3705810898268741
0.3790518005547662
0.3833597480967663
0.3919010141328939
0.3961384063666585
0.4047502277110215
0.4089170646365507
0.4175994412891492
0.4216957229064429
0.4304486548672768
0.4344743811763351
0.4432978684454045
0.4472530394462273
0.4561470820235322
0.4600316977161195
0.4689962956016598
0.4728103559860117
0.4818455091797875
0.4855890142559039
0.4946947227579153
0.4983676725257962
0.5075439363360429
0.5111463307956884
0.5203931499141705
0.5239249890655806
0.5332423634922983
0.5367036473354728
0.5460915770704259
0.5494823056053650
0.5589407906485536
0.5622609638752573
0.5717900042266812
0.5750396221451495
0.5846392178048089
0.5878182804150417
0.5974884313829366
0.6005969386849339
0.6103376449610642
0.6133755969548261
0.6231868585391919
0.6261542552247182
0.6360360721173195
0.6389329134946105
0.6488852856954472
0.6517115717645027
0.6617344992735749
0.6644902300343949
0.6745837128517025
0.6772688883042871
0.6874329264298302
0.6900475465741793
0.7002821400079580
0.7028262048440715
0.7131313535860856
0.7156048631139638
0.7259805671642132
0.7283835213838560
0.7388297807423408
0.7411621796537482
0.7516789943204686
0.7539408379236403
0.7645282078985962
0.7667194961935325
0.7773774214767240
0.7794981544634249
0.7902266350548516
0.7922768127333171
0.8030758486329793
0.8050554710032093
0.8159250622111069
0.8178341292731014
0.8287742757892346
0.8306127875429936
0.8416234893673622
0.8433914458128858
0.2096676419863560
0.2147887723506342
0.2223747718037109
0.2274234060183186
0.2350819016210658
0.2400580396860030
0.2477890314384207
0.2526926733536873
0.2604961612557756
0.2653273070213717
0.2732032910731305
0.2779619406890561
0.2859104208904855
0.2905965743567405
0.2986175507078404
0.3032312080244248
0.3113246805251952
0.3158658416921092
0.3240318103425501
0.3285004753597935
0.3367389401599050
0.3411351090274779
0.3494460699772600
0.3537697426951623
0.3621531997946149
0.3664043763628466
0.3748603296119698
0.3790390100305310
0.3875674594293247
0.3916736436982154
0.4002745892466796
0.4043082773658997
0.4129817190640345
0.4169429110335841
0.4256888488813894
0.4295775447012685
0.4383959786987443
0.4422121783689528
0.4511031085160992
0.4548468120366372
0.4638102383334541
0.4674814457043215
0.4765173681508090
0.4801160793720059
0.4892244979681640
0.4927507130396903
0.5019316277855189
0.5053853467073747
0.5146387576028738
0.5180199803750590
0.5273458874202287
0.5306546140427434
0.5400530172375836
0.5432892477104279
0.5527601470549386
0.5559238813781122
0.5654672768722935
0.5685585150457966
0.5781744066896484
0.5811931487134809
0.5908815365070033
0.5938277823811653
0.6035886663243581
0.6064624160488497
0.6162957961417130
0.6190970497165340
0.6290029259590679
0.6317316833842184
0.6417100557764228
0.6443663170519027
0.6544171855937777
0.6570009507195871
0.6671243154111326
0.6696355843872714
0.6798314452284876
0.6822702180549558
0.6925385750458425
0.6949048517226402
0.7052457048631974
0.7075394853903245
0.7179528346805524
0.7201741190580089
0.7306599644979073
0.7328087527256932
0.7433670943152622
0.7454433863933776
0.7560742241326170
0.7580780200610620
0.7687813539499720
0.7707126537287464
0.7814884837673269
0.7833472873964308
0.7941956135846818
0.7959819210641151
0.8069027434020367
0.8086165547317995
0.8196098732193916
0.8212511883994839
0.8323170030367465
0.8338858220671682
0.2072593931387604
0.2122749273723374
0.2198205684805035
0.2247616878060043
0.2323817438222465
0.2372484482396712
0.2449429191639896
0.2497352086733381
0.2575040945057326
0.2622219691070050
0.2700652698474757
0.2747087295406720
0.2826264451892188
0.2871954899743389
0.2951876205309619
0.2996822504080058
0.3077487958727049
0.3121690108416726
0.3203099712144479
0.3246557712753396
0.3328711465561910
0.3371425317090064
0.3454323218979340
0.3496292921426734
0.3579934972396771
0.3621160525763403
0.3705546725814202
0.3746028130100072
0.3831158479231633
0.3870895734436741
0.3956770232649063
0.3995763338773410
0.4082381986066493
0.4120630943110079
0.4207993739483924
0.4245498547446748
0.4333605492901355
0.4370366151783417
0.4459217246318785
0.4495233756120086
0.4584828999736215
0.4620101360456755
0.4710440753153646
0.4744968964793424
0.4836052506571077
0.4869836569130094
0.4961664259988507
0.4994704173466762
0.5087276013405938
0.5119571777803431
0.5212887766823369
0.5244439382140100
0.5338499520240799
0.5369306986476771
0.5464111273658230
0.5494174590813440
0.5589723027075660
0.5619042195150108
0.5715334780493091
0.5743909799486777
0.5840946533910522
0.5868777403823446
0.5966558287327952
0.5993645008160116
0.6092170040745383
0.6118512612496784
0.6217781794162813
0.6243380216833453
0.6343393547580244
0.6368247821170122
0.6469005300997674
0.6493115425506791
0.6594617054415104
0.6617983029843461
0.6720228807832536
0.6742850634180130
0.6845840561249966
0.6867718238516799
0.6971452314667397
0.6992585842853468
0.7097064068084827
0.7117453447190136
0.7222675821502258
0.7242321051526805
0.7348287574919689
0.7367188655863475
0.7473899328337118
0.7492056260200144
0.7599511081754550
0.7616923864536813
0.7725122835171980
0.7741791468873482
0.7850734588589411
0.7866659073210152
0.7976346342006841
0.7991526677546820
0.8101958095424272
0.8116394281883489
0.8227569848841703
0.8241261886220158
0.2047880110722479
0.2096964213948095
0.2171994056826872
0.2220315050062689
0.2296108002931264
0.2343665886177283
0.2420221949035657
0.2467016722291877
0.2544335895140050
0.2590367558406470
0.2668449841244442
0.2713718394521065
0.2792563787348836
0.2837069230635658
0.2916677733453228
0.2960420066750252
0.3040791679557621
0.3083770902864846
0.3164905625662013
0.3207121738979439
0.3289019571766406
0.3330472575094033
0.3413133517870799
0.3453823411208627
0.3537247463975192
0.3577174247323221
0.3661361410079584
0.3700525083437815
0.3785475356183977
0.3823875919552409
0.3909589302288369
0.3947226755667003
0.4033703248392762
0.4070577591781596
0.4157817194497155
0.4193928427896190
0.4281931140601548
0.4317279264010784
0.4406045086705940
0.4440630100125377
0.4530159032810332
0.4563980936239971
0.4654272978914725
0.4687331772354565
0.4778386925019119
0.4810682608469160
0.4902500871123511
0.4934033444583753
0.5026614817227903
0.5057384280698347
0.5150728763332296
0.5180735116812940
0.5274842709436689
0.5304085952927535
0.5398956655541082
0.5427436789042129
0.5523070601645474
0.5550787625156722
0.5647184547749867
0.5674138461271316
0.5771298493854260
0.5797489297385910
0.5895412439958653
0.5920840133500503
0.6019526386063045
0.6044190969615097
0.6143640332167437
0.6167541805729692
0.6267754278271830
0.6290892641844285
0.6391868224376223
0.6414243477958879
0.6515982170480615
0.6537594314073473
0.6640096116585009
0.6660945150188067
0.6764210062689402
0.6784295986302661
0.6888324008793794
0.6907646822417254
0.7012437954898186
0.7030997658531848
0.7136551901002579
0.7154348494646442
0.7260665847106972
0.7277699330761035
0.7384779793211365
0.7401050166875629
0.7508893739315757
0.7524401002990224
0.7633007685420150
0.7647751839104817
0.7757121631524543
0.7771102675219411
0.7881235577628936
0.7894453511334005
0.8005349523733328
0.8017804347448598
0.8129463469837721
0.8141155183563192
0.2022542485937369
0.2070540398559499
0.2145120818418421
0.2192336892592411
0.2267699150899474
0.2314133386625323
0.2390277483380527
0.2435929880658235
0.2512855815861579
0.2557726374691146
0.2635434148342632
0.2679522868724059
0.2758012480823685
0.2801319362756970
0.2880590813304738
0.2923115856789881
0.3003169145785790
0.3044912350822793
0.3125747478266842
0.3166708844855705
0.3248325810747895
0.3288505338888617
0.3370904143228948
0.3410301832921528
0.3493482475710000
0.3532098326954440
0.3616060808191053
0.3653894820987352
0.3738639140672106
0.3775691315020264
0.3861217473153158
0.3897487809053176
0.3983795805634211
0.4019284303086087
0.4106374138115264
0.4141080797118998
0.4228952470596316
0.4262877291151910
0.4351530803077369
0.4384673785184822
0.4474109135558421
0.4506470279217734
0.4596687468039474
0.4628266773250645
0.4719265800520527
0.4750063267283557
0.4841844133001580
0.4871859761316469
0.4964422465482632
0.4993656255349381
0.5087000797963684
0.5115452749382292
0.5209579130444737
0.5237249243415205
0.5332157462925791
0.5359045737448117
0.5454735795406843
0.5480842231481028
0.5577314127887896
0.5602638725513940
0.5699892460368948
0.5724435219546852
0.5822470792850001
0.5846231713579763
0.5945049125331053
0.5968028207612674
0.6067627457812106
0.6089824701645586
0.6190205790293158
0.6211621195678498
0.6312784122774211
0.6333417689711409
0.6435362455255264
0.6455214183744322
0.6557940787736317
0.6577010677777234
0.6680519120217370
0.6698807171810145
0.6803097452698422
0.6820603665843057
0.6925675785179475
0.6942400159875969
0.7048254117660527
0.7064196653908880
0.7170832450141580
0.7185993147941792
0.7293410782622632
0.7307789641974703
0.7415989115103686
0.7429586136007615
0.7538567447584739
0.7551382630040527
0.7661145780065791
0.7673179124073439
0.7783724112546844
0.7794975618106351
0.7906302445027896
0.7916772112139262
0.8028880777508949
0.8038568606172174
0.1996588775118232
0.2043485876507727
0.2117594155428427
0.2163690928067005
0.2238599535738623
0.2283895979626283
0.2359604916048819
0.2404101031185561
0.2480610296359015
0.2524306082744839
0.2601615676669211
0.2644511134304118
0.2722621056979407
0.2764716185863396
0.2843626437289603
0.2884921237422673
0.2964631817599799
0.3005126288981951
0.3085637197909994
0.3125331340541229
0.3206642578220190
0.3245536392100507
0.3327647958530386
0.3365741443659785
0.3448653338840582
0.3485946495219064
0.3569658719150778
0.3606151546778342
0.3690664099460974
0.3726356598337620
0.3811669479771170
0.3846561649896898
0.3932674860081365
0.3966766701456176
0.4053680240391562
0.4086971753015454
0.4174685620701757
0.4207176804574732
0.4295691001011953
0.4327381856134010
0.4416696381322149
0.4447586907693288
0.4537701761632345
0.4567791959252566
0.4658707141942541
0.4687997010811845
0.4779712522252737
0.4808202062371122
0.4900717902562933
0.4928407113930400
0.5021723282873128
0.5048612165489679
0.5142728663183325
0.5168817217048957
0.5263734043493521
0.5289022268608236
0.5384739423803716
0.5409227320167513
0.5505744804113912
0.5529432371726791
0.5626750184424109
0.5649637423286069
0.5747755564734304
0.5769842474845347
0.5868760945044500
0.5890047526404625
0.5989766325354695
0.6010252577963903
0.6110771705664891
0.6130457629523181
0.6231777085975087
0.6250662681082458
0.6352782466285283
0.6370867732641737
0.6473787846595479
0.6491072784201015
0.6594793226905675
0.6611277835760293
0.6715798607215870
0.6731482887319571
0.6836803987526067
0.6851687938878849
0.6957809367836262
0.6971892990438128
0.7078814748146458
0.7092098041997406
0.7199820128456654
0.7212303093556683
0.7320825508766851
0.7332508145115962
0.7441830889077047
0.7452713196675240
0.7562836269387242
0.7572918248234518
0.7683841649697438
0.7693123299793796
0.7804847030007633
0.7813328351353074
0.7925852410317830
0.7933533402912352
0.1970026884016805
0.2015808888862279
0.2089422452745096
0.2134385882324766
0.2208818021473387
0.2252962875787253
0.2328213590201679
0.2371539869249739
0.2447609158929970
0.2490116862712226
0.2567004727658261
0.2608693856174714
0.2686400296386552
0.2727270849637201
0.2805795865114843
0.2845847843099688
0.2925191433843135
0.2964424836562174
0.3044587002571426
0.3083001830024661
0.3163982571299717
0.3201578823487148
0.3283378140028009
0.3320155816949635
0.3402773708756300
0.3438732810412122
0.3522169277484591
0.3557309803874609
0.3641564846212882
0.3675886797337096
0.3760960414941174
0.3794463790799583
0.3880355983669465
0.3913040784262070
0.3999751552397756
0.4031617777724557
0.4119147121126047
0.4150194771187044
0.4238542689854338
0.4268771764649531
0.4357938258582629
0.4387348758112017
0.4477333827310920
0.4505925751574504
0.4596729396039212
0.4624502745036992
0.4716124964767503
0.4743079738499479
0.4835520533495794
0.4861656731961966
0.4954916102224086
0.4980233725424453
0.5074311670952376
0.5098810718886940
0.5193707239680668
0.5217387712349427
0.5313102808408959
0.5335964705811914
0.5432498377137250
0.5454541699274401
0.5551893945865541
0.5573118692736888
0.5671289514593832
0.5691695686199375
0.5790685083322124
0.5810272679661862
0.5910080652050416
0.5928849673124349
0.6029476220778707
0.6047426666586836
0.6148871789506998
0.6166003660049323
0.6268267358235289
0.6284580653511810
0.6387662926963581
0.6403157646974297
0.6507058495691872
0.6521734640436784
0.6626454064420163
0.6640311633899271
0.6745849633148454
0.6758888627361758
0.6865245201876745
0.6877465620824245
0.6984640770605036
0.6996042614286732
0.7104036339333327
0.7114619607749219
0.7223431908061619
0.7233196601211705
0.7342827476789910
0.7351773594674192
0.7462223045518201
0.7470350588136679
0.7581618614246493
0.7588927581599166
0.7701014182974784
0.7707504575061653
0.7820409751703075
0.7826081568524140
0.1942864903642428
0.1987517866301703
0.2060614291741968
0.2104430681966510
0.2178363679841510
0.2221343497631316
0.2296113067941051
0.2338256313296122
0.2413862456040592
0.2455169128960928
0.2531611844140133
0.2572081944625734
0.2649361232239674
0.2688994760290540
0.2767110620339215
0.2805907575955346
0.2884860008438756
0.2922820391620152
0.3002609396538297
0.3039733207284958
0.3120358784637838
0.3156646022949764
0.3238108172737379
0.3273558838614571
0.3355857560836920
0.3390471654279377
0.3473606948936461
0.3507384469944183
0.3591356337036002
0.3624297285608989
0.3709105725135544
0.3741210101273795
0.3826855113235085
0.3858122916938601
0.3944604501334625
0.3975035732603407
0.4062353889434167
0.4091948548268213
0.4180103277533708
0.4208861363933019
0.4297852665633248
0.4325774179597825
0.4415602053732789
0.4442686995262631
0.4533351441832331
0.4559599810927438
0.4651100829931872
0.4676512626592244
0.4768850218031413
0.4793425442257050
0.4886599606130954
0.4910338257921856
0.5004348994230495
0.5027251073586663
0.5122098382330037
0.5144163889251469
0.5239847770429578
0.5261076704916274
0.5357597158529118
0.5377989520581080
0.5475346546628660
0.5494902336245887
0.5593095934728201
0.5611815151910693
0.5710845322827741
0.5728727967575499
0.5828594710927283
0.5845640783240305
0.5946344099026823
0.5962553598905110
0.6064093487126364
0.6079466414569916
0.6181842875225906
0.6196379230234723
0.6299592263325448
0.6313292045899529
0.6417341651424988
0.6430204861564336
0.6535091039524529
0.6547117677229142
0.6652840427624070
0.6664030492893948
0.6770589815723611
0.6780943308558753
0.6888339203823152
0.6897856124223559
0.7006088591922693
0.7014768939888365
0.7123837980022235
0.7131681755553172
0.7241587368121776
0.7248594571217978
0.7359336756221316
0.7365507386882785
0.7477086144320858
0.7482420202547591
0.7594835532420399
0.7599333018212396
0.7712584920519939
0.7716245833877202
0.1915111107797445
0.1958621426545535
0.2031178447663957
0.2073834451636448
0.2147245787530468
0.2189047476727362
0.2263313127396981
0.2304260501818276
0.2379380467263492
0.2419473526909190
0.2495447807130004
0.2534686552000104
0.2611515146996516
0.2649899577091017
0.2727582486863028
0.2765112602181931
0.2843649826729540
0.2880325627272845
0.2959717166596051
0.2995538652363758
0.3075784506462563
0.3110751677454672
0.3191851846329075
0.3225964702545586
0.3307919186195587
0.3341177727636500
0.3423986526062099
0.3456390752727414
0.3540053865928611
0.3571603777818328
0.3656121205795123
0.3686816802909241
0.3772188545661634
0.3802029828000155
0.3888255885528146
0.3917242853091069
0.4004323225394658
0.4032455878181982
0.4120390565261169
0.4147668903272896
0.4236457905127681
0.4262881928363810
0.4352525244994193
0.4378094953454724
0.4468592584860706
0.4493307978545638
0.4584659924727217
0.4608521003636552
0.4700727264593729
0.4723734028727465
0.4816794604460241
0.4838947053818379
0.4932861944326752
0.4954160078909294
0.5048929284193264
0.5069373104000208
0.5164996624059777
0.5184586129091121
0.5281063963926288
0.5299799154182034
0.5397131303792800
0.5415012179272949
0.5513198643659312
0.5530225204363862
0.5629265983525823
0.5645438229454776
0.5745333323392335
0.5760651254545690
0.5861400663258847
0.5875864279636603
0.5977468003125359
0.5991077304727517
0.6093535342991870
0.6106290329818431
0.6209602682858383
0.6221503354909346
0.6325670022724894
0.6336716380000259
0.6441737362591407
0.6451929405091172
0.6557804702457918
0.6567142430182087
0.6673872042324430
0.6682355455273000
0.6789939382190942
0.6797568480363914
0.6906006722057453
0.6912781505454827
0.7022074061923965
0.7027994530545741
0.7138141401790478
0.7143207555636656
0.7254208741656989
0.7258420580727569
0.7370276081523501
0.7373633605818483
0.7486343421390013
0.7488846630909397
0.7602410761256524
0.7604059656000310
0.1886773950556930
0.1929128371729248
0.2001123886954320
0.2042606511242733
0.2115473823351710
0.2156084650756219
0.2229823759749100
0.2269562790269704
0.2344173696146489
0.2383040929783189
0.2458523632543879
0.2496519069296675
0.2572873568941269
0.2609997208810160
0.2687223505338658
0.2723475348323645
0.2801573441736048
0.2836953487837130
0.2915923378133438
0.2950431627350615
0.3030273314530827
0.3063909766864100
0.3144623250928217
0.3177387906377586
0.3258973187325607
0.3290866045891070
0.3373323123722997
0.3404344185404556
0.3487673060120386
0.3517822324918041
0.3602022996517776
0.3631300464431527
0.3716372932915166
0.3744778603945011
0.3830722869312556
0.3858256743458496
0.3945072805709945
0.3971734882971982
0.4059422742107335
0.4085213022485467
0.4173772678504724
0.4198691161998952
0.4288122614902114
0.4312169301512437
0.4402472551299504
0.4425647441025923
0.4516822487696894
0.4539125580539408
0.4631172424094284
0.4652603720052893
0.4745522360491673
0.4766081859566378
0.4859872296889063
0.4879559999079864
0.4974222233286453
0.4993038138593349
0.5088572169683843
0.5106516278106834
0.5202922106081233
0.5219994417620319
0.5317272042478622
0.5333472557133805
0.5431621978876011
0.5446950696647289
0.5545971915273401
0.5560428836160775
0.5660321851670791
0.5673906975674260
0.5774671788068181
0.5787385115187745
0.5889021724465571
0.5900863254701230
0.6003371660862959
0.6014341394214716
0.6117721597260350
0.6127819533728202
0.6232071533657740
0.6241297673241686
0.6346421470055129
0.6354775812755171
0.6460771406452519
0.6468253952268657
0.6575121342849909
0.6581732091782141
0.6689471279247299
0.6695210231295626
0.6803821215644688
0.6808688370809112
0.6918171152042079
0.6922166510322597
0.7032521088439468
0.7035644649836083
0.7146871024836857
0.7149122789349568
0.7261220961234247
0.7262600928863053
0.7375570897631637
0.7376079068376538
0.7489920834029027
0.7489557207890023
0.1857862063693486
0.1899047685723047
0.1970459764523394
0.2010756373118520
0.2083057465353302
0.2122465060513994
0.2195655166183210
0.2234173747909467
0.2308252867013119
0.2345882435304940
0.2420850567843027
0.2457591122700414
0.2533448268672935
0.2569299810095887
0.2646045969502843
0.2681008497491361
0.2758643670332752
0.2792717184886834
0.2871241371162659
0.2904425872282307
0.2983839071992568
0.3016134559677780
0.3096436772822476
0.3127843247073254
0.3209034473652384
0.3239551934468727
0.3321632174482292
0.3351260621864200
0.3434229875312201
0.3462969309259674
0.3546827576142109
0.3574677996655147
0.3659425276972017
0.3686386684050620
0.3772022977801925
0.3798095371446094
0.3884620678631833
0.3909804058841567
0.3997218379461742
0.4021512746237040
0.4109816080291649
0.4133221433632513
0.4222413781121558
0.4244930121027987
0.4335011481951467
0.4356638808423461
0.4447609182781375
0.4468347495818934
0.4560206883611283
0.4580056183214407
0.4672804584441191
0.4691764870609880
0.4785402285271099
0.4803473558005354
0.4897999986101008
0.4915182245400828
0.5010597686930917
0.5026890932796301
0.5123195387760824
0.5138599620191774
0.5235793088590732
0.5250308307587247
0.5348390789420641
0.5362016994982721
0.5460988490250549
0.5473725682378194
0.5573586191080457
0.5585434369773667
0.5686183891910365
0.5697143057169141
0.5798781592740273
0.5808851744564614
0.5911379293570181
0.5920560431960088
0.6023976994400090
0.6032269119355561
0.6136574695229998
0.6143977806751034
0.6249172396059907
0.6255686494146507
0.6361770096889815
0.6367395181541980
0.6474367797719722
0.6479103868937454
0.6586965498549631
0.6590812556332928
0.6699563199379539
0.6702521243728401
0.6812160900209447
0.6814229931123874
0.6924758601039356
0.6925938618519348
0.7037356301869264
0.7037647305914821
0.7149954002699173
0.7149355993310295
0.7262551703529080
0.7261064680705768
0.7375149404358988
0.7372773368101241
0.1828384254047926
0.1868388531395287
0.1939195420959922
0.1978293739124421
0.2050006587871917
0.2088198946853556
0.2160817754783913
0.2198104154582690
0.2271628921695908
0.2308009362311825
0.2382440088607904
0.2417914570040960
0.2493251255519900
0.2527819777770094
0.2604062422431895
0.2637724985499229
0.2714873589343891
0.2747630193228363
0.2825684756255886
0.2857535400957498
0.2936495923167882
0.2967440608686632
0.3047307090079878
0.3077345816415767
0.3158118256991873
0.3187251024144901
0.3268929423903869
0.3297156231874036
0.3379740590815864
0.3407061439603171
0.3490551757727859
0.3516966647332305
0.3601362924639855
0.3626871855061439
0.3712174091551851
0.3736777062790574
0.3822985258463846
0.3846682270519708
0.3933796425375842
0.3956587478248842
0.4044607592287837
0.4066492685977977
0.4155418759199833
0.4176397893707112
0.4266229926111829
0.4286303101436247
0.4377041093023824
0.4396208309165381
0.4487852259935819
0.4506113516894515
0.4598663426847815
0.4616018724623650
0.4709474593759810
0.4725923932352785
0.4820285760671806
0.4835829140081920
0.4931096927583802
0.4945734347811054
0.5041908094495797
0.5055639555540189
0.5152719261407793
0.5165544763269323
0.5263530428319788
0.5275449970998457
0.5374341595231784
0.5385355178727592
0.5485152762143779
0.5495260386456726
0.5595963929055775
0.5605165594185860
0.5706775095967770
0.5715070801914995
0.5817586262879766
0.5824976009644131
0.5928397429791762
0.5934881217373265
0.6039208596703757
0.6044786425102399
0.6150019763615753
0.6154691632831534
0.6260830930527748
0.6264596840560668
0.6371642097439744
0.6374502048289802
0.6482453264351740
0.6484407256018937
0.6593264431263735
0.6594312463748071
0.6704075598175731
0.6704217671477206
0.6814886765087727
0.6814122879206341
0.6925697931999721
0.6924028086935475
0.7036509098911717
0.7033933294664609
0.7147320265823712
0.7143838502393745
0.7258131432735708
0.7253743710122879
0.1798349500846628
0.1837160247821377
0.1907340379685817
0.1945228497693222
0.2016331258525006
0.2053296747565068
0.2125322137364196
0.2161364997436914
0.2234313016203386
0.2269433247308759
0.2343303895042576
0.2377501497180605
0.2452294773881765
0.2485569747052451
0.2561285652720955
0.2593637996924297
0.2670276531560144
0.2701706246796142
0.2779267410399334
0.2809774496667988
0.2888258289238523
0.2917842746539833
0.2997249168077713
0.3025910996411679
0.3106240046916903
0.3133979246283525
0.3215230925756092
0.3242047496155371
0.3324221804595281
0.3350115746027217
0.3433212683434471
0.3458183995899062
0.3542203562273661
0.3566252245770908
0.3651194441112850
0.3674320495642753
0.3760185319952040
0.3782388745514599
0.3869176198791229
0.3890456995386445
0.3978167077630418
0.3998525245258290
0.4087157956469608
0.4106593495130136
0.4196148835308798
0.4214661745001982
0.4305139714147987
0.4322729994873828
0.4414130592987177
0.4430798244745673
0.4523121471826367
0.4538866494617519
0.4632112350665556
0.4646934744489365
0.4741103229504746
0.4755002994361211
0.4850094108343936
0.4863071244233056
0.4959084987183126
0.4971139494104902
0.5068075866022315
0.5079207743976748
0.5177066744861504
0.5187275993848594
0.5286057623700694
0.5295344243720439
0.5395048502539883
0.5403412493592284
0.5504039381379072
0.5511480743464130
0.5613030260218262
0.5619548993335975
0.5722021139057452
0.5727617243207822
0.5831012017896642
0.5835685493079668
0.5940002896735831
0.5943753742951513
0.6048993775575021
0.6051821992823359
0.6157984654414210
0.6159890242695204
0.6266975533253399
0.6267958492567051
0.6375966412092589
0.6376026742438896
0.6484957290931779
0.6484094992310742
0.6593948169770969
0.6592163242182588
0.6702939048610158
0.6700231492054434
0.6811929927449347
0.6808299741926279
0.6920920806288537
0.6916367991798125
0.7029911685127727
0.7024436241669970
0.7138902563966916
0.7132504491541816
0.1767766952966369
0.1805372347439010
0.1874904344055240
0.1911570720817775
0.1982041735144111
0.2017769094196541
0.2089179126232981
0.2123967467575306
0.2196316517321852
0.2230165840954071
0.2303453908410723
0.2336364214332837
0.2410591299499594
0.2442562587711602
0.2517728690588465
0.2548760961090367
0.2624866081677336
0.2654959334469132
0.2732003472766206
0.2761157707847898
0.2839140863855077
0.2867356081226663
0.2946278254943948
0.2973554454605429
0.3053415646032819
0.3079752827984194
0.3160553037121690
0.3185951201362959
0.3267690428210561
0.3292149574741725
0.3374827819299432
0.3398347948120490
0.3481965210388303
0.3504546321499255
0.3589102601477173
0.3610744694878020
0.3696239992566044
0.3716943068256786
0.3803377383654915
0.3823141441635551
0.3910514774743786
0.3929339815014316
0.4017652165832656
0.4035538188393081
0.4124789556921528
0.4141736561771847
0.4231926948010398
0.4247934935150612
0.4339064339099269
0.4354133308529378
0.4446201730188140
0.4460331681908143
0.4553339121277011
0.4566530055286909
0.4660476512365883
0.4672728428665674
0.4767613903454753
0.4778926802044439
0.4874751294543624
0.4885125175423204
0.4981888685632495
0.4991323548801970
0.5089026076721366
0.5097521922180734
0.5196163467810236
0.5203720295559500
0.5303300858899107
0.5309918668938265
0.5410438249987978
0.5416117042317030
0.5517575641076848
0.5522315415695795
0.5624713032165719
0.5628513789074562
0.5731850423254591
0.5734712162453327
0.5838987814343461
0.5840910535832092
0.5946125205432332
0.5947108909210858
0.6053262596521203
0.6053307282589623
0.6160399987610073
0.6159505655968388
0.6267537378698944
0.6265704029347153
0.6374674769787815
0.6371902402725919
0.6481812160876687
0.6478100776104684
0.6588949551965557
0.6584299149483449
0.6696086943054428
0.6690497522862214
0.6803224334143299
0.6796695896240980
0.6910361725232169
0.6902894269619745
0.7017499116321040
0.7009092642998510
0.1736645926147493
0.1773034513150578
0.1841897194398856
0.1877330660982965
0.1947148462650219
0.1981626808815352
0.2052399730901583
0.2085922956647739
0.2157650999152946
0.2190219104480126
0.2262902267404309
0.2294515252312513
0.2368153535655672
0.2398811400144900
0.2473404803907035
0.2503107547977287
0.2578656072158398
0.2607403695809674
0.2683907340409762
0.2711699843642061
0.2789158608661125
0.2815995991474448
0.2894409876912488
0.2920292139306835
0.2999661145163851
0.3024588287139222
0.3104912413415215
0.3128884434971609
0.3210163681666578
0.3233180582803996
0.3315414949917941
0.3337476730636383
0.3420666218169304
0.3441772878468770
0.3525917486420667
0.3546069026301156
0.3631168754672031
0.3650365174133544
0.3736420022923393
0.3754661321965930
0.3841671291174756
0.3858957469798317
0.3946922559426120
0.3963253617630704
0.4052173827677484
0.4067549765463092
0.4157425095928847
0.4171845913295478
0.4262676364180210
0.4276142061127865
0.4367927632431573
0.4380438208960252
0.4473178900682936
0.4484734356792640
0.4578430168934300
0.4589030504625027
0.4683681437185663
0.4693326652457414
0.4788932705437026
0.4797622800289800
0.4894183973688389
0.4901918948122187
0.4999435241939753
0.5006215095954574
0.5104686510191115
0.5110511243786960
0.5209937778442478
0.5214807391619348
0.5315189046693841
0.5319103539451735
0.5420440314945205
0.5423399687284122
0.5525691583196568
0.5527695835116510
0.5630942851447932
0.5631991982948896
0.5736194119699295
0.5736288130781283
0.5841445387950658
0.5840584278613670
0.5946696656202021
0.5944880426446056
0.6051947924453385
0.6049176574278443
0.6157199192704748
0.6153472722110830
0.6262450460956110
0.6257768869943218
0.6367701729207474
0.6362065017775604
0.6472952997458837
0.6466361165607991
0.6578204265710200
0.6570657313440379
0.6683455533961563
0.6674953461272766
0.6788706802212927
0.6779249609105152
0.6893958070464290
0.6883545756937539
0.1704995900156246
0.1740156595373671
0.1808328985014201
0.1842518748042710
0.1911662069872155
0.1944880900711750
0.2014995154730110
0.2047243053380789
0.2118328239588064
0.2149605206049828
0.2221661324446018
0.2251967358718868
0.2324994409303973
0.2354329511387908
0.2428327494161927
0.2456691664056947
0.2531660579019881
0.2559053816725986
0.2634993663877835
0.2661415969395026
0.2738326748735790
0.2763778122064065
0.2841659833593744
0.2866140274733104
0.2944992918451699
0.2968502427402144
0.3048326003309653
0.3070864580071184
0.3151659088167607
0.3173226732740223
0.3254992173025562
0.3275588885409262
0.3358325257883516
0.3377951038078302
0.3461658342741470
0.3480313190747341
0.3564991427599424
0.3582675343416380
0.3668324512457379
0.3685037496085420
0.3771657597315333
0.3787399648754459
0.3874990682173287
0.3889761801423499
0.3978323767031242
0.3992123954092539
0.4081656851889196
0.4094486106761578
0.4184989936747150
0.4196848259430617
0.4288323021605105
0.4299210412099657
0.4391656106463059
0.4401572564768697
0.4494989191321014
0.4503934717437736
0.4598322276178968
0.4606296870106776
0.4701655361036923
0.4708659022775815
0.4804988445894877
0.4811021175444855
0.4908321530752831
0.4913383328113894
0.5011654615610786
0.5015745480782933
0.5114987700468739
0.5118107633451973
0.5218320785326693
0.5220469786121011
0.5321653870184648
0.5322831938790051
0.5424986955042602
0.5425194091459091
0.5528320039900557
0.5527556244128130
0.5631653124758511
0.5629918396797170
0.5734986209616466
0.5732280549466209
0.5838319294474420
0.5834642702135249
0.5941652379332374
0.5937004854804288
0.6044985464190328
0.6039367007473327
0.6148318549048283
0.6141729160142366
0.6251651633906238
0.6244091312811407
0.6354984718764192
0.6346453465480446
0.6458317803622146
0.6448815618149486
0.6561650888480101
0.6551177770818525
0.6664983973338054
0.6653539923487565
0.6768317058196008
0.6755902076156604
0.1672826515897146
0.1706748609040536
0.1774209941103033
0.1807145586042921
0.1875593366308921
0.1907542563045306
0.1976976791514809
0.2007939540047690
0.2078360216720696
0.2108336517050075
0.2179743641926584
0.2208733494052459
0.2281127067132472
0.2309130471054844
0.2382510492338359
0.2409527448057228
0.2483893917544247
0.2509924425059613
0.2585277342750135
0.2610321402061997
0.2686660767956022
0.2710718379064381
0.2788044193161910
0.2811115356066766
0.2889427618367797
0.2911512333069151
0.2990811043573685
0.3011909310071536
0.3092194468779573
0.3112306287073920
0.3193577893985460
0.3212703264076304
0.3294961319191348
0.3313100241078689
0.3396344744397236
0.3413497218081073
0.3497728169603123
0.3513894195083457
0.3599111594809011
0.3614291172085842
0.3700495020014898
0.3714688149088226
0.3801878445220785
0.3815085126090610
0.3903261870426674
0.3915482103092996
0.4004645295632561
0.4015879080095380
0.4106028720838449
0.4116276057097765
0.4207412146044336
0.4216673034100149
0.4308795571250224
0.4317070011102534
0.4410178996456112
0.4417466988104919
0.4511562421662000
0.4517863965107303
0.4612945846867887
0.4618260942109688
0.4714329272073775
0.4718657919112072
0.4815712697279663
0.4819054896114456
0.4917096122485550
0.4919451873116841
0.5018479547691438
0.5019848850119225
0.5119862972897326
0.5120245827121610
0.5221246398103213
0.5220642804123994
0.5322629823309101
0.5321039781126379
0.5424013248514988
0.5421436758128764
0.5525396673720876
0.5521833735131148
0.5626780098926764
0.5622230712133532
0.5728163524132651
0.5722627689135916
0.5829546949338539
0.5823024666138301
0.5930930374544426
0.5923421643140686
0.6032313799750314
0.6023818620143070
0.6133697224956202
0.6124215597145455
0.6235080650162089
0.6224612574147840
0.6336464075367977
0.6325009551150224
0.6437847500573864
0.6425406528152608
0.6539230925779752
0.6525803505154992
0.6640614350985640
0.6626200482157377
0.1640147572476268
0.1672820730547443
0.1739550455656648
0.1771221949991410
0.1838953338837028
0.1869623169435378
0.1938356222017408
0.1968024388879345
0.2037759105197788
0.2066425608323312
0.2137161988378168
0.2164826827767279
0.2236564871558548
0.2263228047211246
0.2335967754738928
0.2361629266655214
0.2435370637919307
0.2460030486099181
0.2534773521099687
0.2558431705543148
0.2634176404280067
0.2656832924987115
0.2733579287460447
0.2755234144431083
0.2832982170640827
0.2853635363875050
0.2932385053821207
0.2952036583319018
0.3031787937001587
0.3050437802762985
0.3131190820181967
0.3148839022206952
0.3230593703362347
0.3247240241650919
0.3329996586542726
0.3345641461094886
0.3429399469723106
0.3444042680538853
0.3528802352903486
0.3542443899982820
0.3628205236083866
0.3640845119426788
0.3727608119264246
0.3739246338870755
0.3827011002444626
0.3837647558314722
0.3926413885625006
0.3936048777758689
0.4025816768805386
0.4034449997202657
0.4125219651985765
0.4132851216646624
0.4224622535166145
0.4231252436090592
0.4324025418346526
0.4329653655534559
0.4423428301526905
0.4428054874978526
0.4522831184707286
0.4526456094422493
0.4622234067887665
0.4624857313866461
0.4721636951068045
0.4723258533310428
0.4821039834248425
0.4821659752754395
0.4920442717428805
0.4920060972198362
0.5019845600609184
0.5018462191642329
0.5119248483789565
0.5116863411086296
0.5218651366969944
0.5215264630530264
0.5318054250150325
0.5313665849974231
0.5417457133330704
0.5412067069418198
0.5516860016511084
0.5510468288862166
0.5616262899691464
0.5608869508306132
0.5715665782871844
0.5707270727750100
0.5815068666052223
0.5805671947194067
0.5914471549232603
0.5904073166638034
0.6013874432412983
0.6002474386082002
0.6113277315593364
0.6100875605525969
0.6212680198773743
0.6199276824969936
0.6312083081954123
0.6297678044413904
0.6411485965134504
0.6396079263857870
0.6510888848314883
0.6494480483301838
0.1606969024216349
0.1638383294654847
0.1704361086290067
0.1734758782575720
0.1801753148363785
0.1831134270496594
0.1899145210437503
0.1927509758417467
0.1996537272511221
0.2023885246338341
0.2093929334584939
0.2120260734259214
0.2191321396658658
0.2216636222180088
0.2288713458732375
0.2313011710100961
0.2386105520806094
0.2409387198021834
0.2483497582879811
0.2505762685942707
0.2580889644953530
0.2602138173863581
0.2678281707027248
0.2698513661784454
0.2775673769100966
0.2794889149705327
0.2873065831174684
0.2891264637626201
0.2970457893248402
0.2987640125547074
0.3067849955322121
0.3084015613467948
0.3165242017395838
0.3180391101388821
0.3262634079469556
0.3276766589309694
0.3360026141543274
0.3373142077230568
0.3457418203616993
0.3469517565151441
0.3554810265690710
0.3565893053072314
0.3652202327764428
0.3662268540993187
0.3749594389838147
0.3758644028914061
0.3846986451911865
0.3855019516834934
0.3944378513985583
0.3951395004755808
0.4041770576059301
0.4047770492676681
0.4139162638133019
0.4144145980597555
0.4236554700206738
0.4240521468518428
0.4333946762280456
0.4336896956439302
0.4431338824354174
0.4433272444360175
0.4528730886427892
0.4529647932281048
0.4626122948501610
0.4626023420201921
0.4723515010575328
0.4722398908122795
0.4820907072649046
0.4818774396043668
0.4918299134722764
0.4915149883964541
0.5015691196796482
0.5011525371885415
0.5113083258870200
0.5107900859806288
0.5210475320943919
0.5204276347727161
0.5307867383017637
0.5300651835648035
0.5405259445091355
0.5397027323568908
0.5502651507165073
0.5493402811489781
0.5600043569238791
0.5589778299410655
0.5697435631312509
0.5686153787331528
0.5794827693386226
0.5782529275252402
0.5892219755459945
0.5878904763173275
0.5989611817533663
0.5975280251094148
0.6087003879607382
0.6071655739015022
0.6184395941681100
0.6168031226935895
0.6281788003754818
0.6264406714856768
0.6379180065828536
0.6360782202777642
0.1573300977624593
0.1603446791339323
0.1668652552026084
0.1697767190829872
0.1764004126427574
0.1792087590320420
0.1859355700829065
0.1886407989810969
0.1954707275230556
0.1980728389301517
0.2050058849632046
0.2075048788792066
0.2145410424033537
0.2169369188282614
0.2240761998435027
0.2263689587773162
0.2336113572836518
0.2358009987263711
0.2431465147238008
0.2452330386754259
0.2526816721639498
0.2546650786244807
0.2622168296040989
0.2640971185735356
0.2717519870442480
0.2735291585225905
0.2812871444843970
0.2829611984716453
0.2908223019245461
0.2923932384207001
0.3003574593646952
0.3018252783697550
0.3098926168048442
0.3112573183188098
0.3194277742449932
0.3206893582678647
0.3289629316851422
0.3301213982169195
0.3384980891252913
0.3395534381659743
0.3480332465654403
0.3489854781150292
0.3575684040055894
0.3584175180640840
0.3671035614457385
0.3678495580131389
0.3766387188858876
0.3772815979621937
0.3861738763260366
0.3867136379112486
0.3957090337661856
0.3961456778603034
0.4052441912063346
0.4055777178093583
0.4147793486464838
0.4150097577584131
0.4243145060866328
0.4244417977074680
0.4338496635267819
0.4338738376565228
0.4433848209669309
0.4433058776055777
0.4529199784070800
0.4527379175546325
0.4624551358472290
0.4621699575036873
0.4719902932873781
0.4716019974527421
0.4815254507275271
0.4810340374017970
0.4910606081676761
0.4904660773508518
0.5005957656078251
0.4998981172999067
0.5101309230479742
0.5093301572489616
0.5196660804881233
0.5187621971980164
0.5292012379282723
0.5281942371470713
0.5387363953684214
0.5376262770961261
0.5482715528085704
0.5470583170451809
0.5578067102487195
0.5564903569942358
0.5673418676888685
0.5659223969432906
0.5768770251290176
0.5753544368923454
0.5864121825691667
0.5847864768414003
0.5959473400093157
0.5942185167904551
0.6054824974494648
0.6036505567395100
0.6150176548896138
0.6130825966885648
0.6245528123297629
0.6225146366376196
0.1539153688314146
0.1568021862598220
0.1632435730030155
0.1660258442751057
0.1725717771746164
0.1752495022903894
0.1818999813462173
0.1844731603056730
0.1912281855178181
0.1936968183209566
0.2005563896894190
0.2029204763362403
0.2098845938610199
0.2121441343515240
0.2192127980326208
0.2213677923668076
0.2285410022042217
0.2305914503820913
0.2378692063758226
0.2398151083973749
0.2471974105474234
0.2490387664126585
0.2565256147190244
0.2582624244279422
0.2658538188906252
0.2674860824432259
0.2751820230622261
0.2767097404585095
0.2845102272338270
0.2859333984737932
0.2938384314054279
0.2951570564890768
0.3031666355770288
0.3043807145043604
0.3124948397486296
0.3136043725196441
0.3218230439202305
0.3228280305349277
0.3311512480918314
0.3320516885502114
0.3404794522634323
0.3412753465654950
0.3498076564350331
0.3504990045807787
0.3591358606066341
0.3597226625960623
0.3684640647782350
0.3689463206113460
0.3777922689498359
0.3781699786266297
0.3871204731214367
0.3873936366419133
0.3964486772930376
0.3966172946571970
0.4057768814646385
0.4058409526724806
0.4151050856362394
0.4150646106877643
0.4244332898078403
0.4242882687030479
0.4337614939794412
0.4335119267183316
0.4430896981510420
0.4427355847336152
0.4524179023226430
0.4519592427488988
0.4617461064942438
0.4611829007641825
0.4710743106658447
0.4704065587794661
0.4804025148374456
0.4796302167947498
0.4897307190090464
0.4888538748100335
0.4990589231806474
0.4980775328253171
0.5083871273522482
0.5073011908406008
0.5177153315238491
0.5165248488558843
0.5270435356954500
0.5257485068711680
0.5363717398670509
0.5349721648864517
0.5456999440386517
0.5441958229017353
0.5550281482102526
0.5534194809170190
0.5643563523818536
0.5626431389323027
0.5736845565534544
0.5718667969475864
0.5830127607250554
0.5810904549628699
0.5923409648966562
0.5903141129781536
0.6016691690682571
0.5995377709934372
0.6109973732398579
0.6087614290087209
0.1504537557880120
0.1532119299208000
0.1595721652297097
0.1622243963867294
0.1686905746714074
0.1712368628526588
0.1778089841131051
0.1802493293185883
0.1869273935548028
0.1892617957845177
0.1960458029965005
0.1982742622504471
0.2051642124381982
0.2072867287163765
0.2142826218798959
0.2162991951823059
0.2234010313215936
0.2253116616482353
0.2325194407632913
0.2343241281141647
0.2416378502049890
0.2433365945800941
0.2507562596466867
0.2523490610460236
0.2598746690883844
0.2613615275119530
0.2689930785300821
0.2703739939778824
0.2781114879717799
0.2793864604438118
0.2872298974134775
0.2883989269097412
0.2963483068551752
0.2974113933756706
0.3054667162968729
0.3064238598416000
0.3145851257385706
0.3154363263075294
0.3237035351802683
0.3244487927734588
0.3328219446219660
0.3334612592393882
0.3419403540636637
0.3424737257053176
0.3510587635053615
0.3514861921712471
0.3601771729470591
0.3604986586371765
0.3692955823887568
0.3695111251031059
0.3784139918304545
0.3785235915690354
0.3875324012721522
0.3875360580349648
0.3966508107138499
0.3965485245008942
0.4057692201555477
0.4055609909668236
0.4148876295972453
0.4145734574327530
0.4240060390389430
0.4235859238986824
0.4331244484806407
0.4325983903646118
0.4422428579223384
0.4416108568305412
0.4513612673640361
0.4506233232964706
0.4604796768057338
0.4596357897624000
0.4695980862474315
0.4686482562283295
0.4787164956891292
0.4776607226942589
0.4878349051308269
0.4866731891601883
0.4969533145725246
0.4956856556261177
0.5060717240142223
0.5046981220920471
0.5151901334559200
0.5137105885579766
0.5243085428976177
0.5227230550239059
0.5334269523393154
0.5317355214898354
0.5425453617810131
0.5407479879557647
0.5516637712227108
0.5497604544216942
0.5607821806644085
0.5587729208876236
0.5699005901061063
0.5677853873535530
0.5790189995478039
0.5767978538194825
0.5881374089895016
0.5858103202854118
0.5972558184311993
0.5948227867513413
0.1469463130731183
0.1495750037437269
0.1558521502290649
0.1583735333757109
0.1647579873850114
0.1671720630076948
0.1736638245409580
0.1759705926396788
0.1825696616969046
0.1847691222716627
0.1914754988528511
0.1935676519036466
0.2003813360087977
0.2023661815356306
0.2092871731647443
0.2111647111676145
0.2181930103206908
0.2199632407995984
0.2270988474766374
0.2287617704315824
0.2360046846325839
0.2375603000635663
0.2449105217885305
0.2463588296955503
0.2538163589444771
0.2551573593275342
0.2627221961004236
0.2639558889595182
0.2716280332563702
0.2727544185915021
0.2805338704123168
0.2815529482234860
0.2894397075682634
0.2903514778554699
0.2983455447242099
0.2991500074874539
0.3072513818801564
0.3079485371194378
0.3161572190361030
0.3167470667514217
0.3250630561920496
0.3255455963834056
0.3339688933479961
0.3343441260153896
0.3428747305039427
0.3431426556473736
0.3517805676598893
0.3519411852793575
0.3606864048158359
0.3607397149113414
0.3695922419717824
0.3695382445433254
0.3784980791277290
0.3783367741753094
0.3874039162836756
0.3871353038072933
0.3963097534396222
0.3959338334392772
0.4052155905955687
0.4047323630712611
0.4141214277515153
0.4135308927032451
0.4230272649074618
0.4223294223352290
0.4319331020634084
0.4311279519672129
0.4408389392193549
0.4399264815991969
0.4497447763753015
0.4487250112311808
0.4586506135312480
0.4575235408631647
0.4675564506871946
0.4663220704951487
0.4764622878431412
0.4751206001271326
0.4853681249990878
0.4839191297591166
0.4942739621550343
0.4927176593911005
0.5031797993109809
0.5015161890230845
0.5120856364669275
0.5103147186550684
0.5209914736228740
0.5191132482870523
0.5298973107788205
0.5279117779190362
0.5388031479347671
0.5367103075510202
0.5477089850907138
0.5455088371830041
0.5566148222466603
0.5543073668149880
0.5655206594026069
0.5631058964469721
0.5744264965585534
0.5719044260789560
0.5833323337145000
0.5807029557109399
0.1433941090877615
0.1458925155715478
0.1520846611536864
0.1544744282522271
0.1607752132196114
0.1630563409329064
0.1694657652855363
0.1716382536135857
0.1781563173514612
0.1802201662942650
0.1868468694173862
0.1888020789749443
0.1955374214833111
0.1973839916556236
0.2042279735492361
0.2059659043363029
0.2129185256151610
0.2145478170169821
0.2216090776810859
0.2231297296976614
0.2302996297470108
0.2317116423783407
0.2389901818129358
0.2402935550590200
0.2476807338788607
0.2488754677396993
0.2563712859447857
0.2574573804203786
0.2650618380107106
0.2660392931010578
0.2737523900766356
0.2746212057817372
0.2824429421425605
0.2832031184624164
0.2911334942084854
0.2917850311430957
0.2998240462744103
0.3003669438237750
0.3085145983403353
0.3089488565044543
0.3172051504062602
0.3175307691851335
0.3258957024721851
0.3261126818658128
0.3345862545381101
0.3346945945464921
0.3432768066040351
0.3432765072271714
0.3519673586699600
0.3518584199078507
0.3606579107358849
0.3604403325885300
0.3693484628018099
0.3690222452692093
0.3780390148677349
0.3776041579498886
0.3867295669336598
0.3861860706305679
0.3954201189995847
0.3947679833112471
0.4041106710655097
0.4033498959919264
0.4128012231314346
0.4119318086726057
0.4214917751973595
0.4205137213532850
0.4301823272632844
0.4290956340339643
0.4388728793292094
0.4376775467146435
0.4475634313951343
0.4462594593953228
0.4562539834610592
0.4548413720760022
0.4649445355269842
0.4634232847566814
0.4736350875929092
0.4720051974373607
0.4823256396588341
0.4805871101180400
0.4910161917247590
0.4891690227987193
0.4997067437906840
0.4977509354793985
0.5083972958566089
0.5063328481600778
0.5170878479225338
0.5149147608407570
0.5257783999884588
0.5234966735214365
0.5344689520543837
0.5320785862021157
0.5431595041203087
0.5406604988827950
0.5518500561862336
0.5492424115634743
0.5605406082521586
0.5578243242441535
0.5692311603180835
0.5664062369248328
0.1397982258676867
0.1421655871258332
0.1482708456172435
0.1505282687214704
0.1567434653668003
0.1588909503171077
0.1652160851163570
0.1672536319127449
0.1736887048659138
0.1756163135083822
0.1821613246154706
0.1839789951040194
0.1906339443650274
0.1923416766996567
0.1991065641145841
0.2007043582952939
0.2075791838641409
0.2090670398909311
0.2160518036136977
0.2174297214865684
0.2245244233632544
0.2257924030822056
0.2329970431128112
0.2341550846778429
0.2414696628623680
0.2425177662734802
0.2499422826119247
0.2508804478691174
0.2584149023614816
0.2592431294647546
0.2668875221110383
0.2676058110603919
0.2753601418605951
0.2759684926560291
0.2838327616101518
0.2843311742516664
0.2923053813597086
0.2926938558473036
0.3007780011092653
0.3010565374429409
0.3092506208588221
0.3094192190385781
0.3177232406083789
0.3177819006342153
0.3261958603579357
0.3261445822298526
0.3346684801074925
0.3345072638254898
0.3431410998570493
0.3428699454211271
0.3516137196066060
0.3512326270167643
0.3600863393561627
0.3595953086124016
0.3685589591057196
0.3679579902080389
0.3770315788552764
0.3763206718036761
0.3855041986048331
0.3846833533993134
0.3939768183543899
0.3930460349949506
0.4024494381039467
0.4014087165905879
0.4109220578535034
0.4097713981862251
0.4193946776030602
0.4181340797818623
0.4278672973526169
0.4264967613774995
0.4363399171021737
0.4348594429731368
0.4448125368517304
0.4432221245687741
0.4532851566012873
0.4515848061644113
0.4617577763508441
0.4599474877600486
0.4702303961004008
0.4683101693556858
0.4787030158499576
0.4766728509513231
0.4871756355995144
0.4850355325469603
0.4956482553490711
0.4933982141425975
0.5041208750986279
0.5017608957382348
0.5125934948481847
0.5101235773338720
0.5210661145977414
0.5184862589295093
0.5295387343472983
0.5268489405251465
0.5380113540968550
0.5352116221207838
0.5464839738464118
0.5435743037164210
0.5549565935959685
0.5519369853120583
0.1361597587537568
0.1383953536650911
0.1444118653448936
0.1465362568218611
0.1526639719360304
0.1546771599786312
0.1609160785271672
0.1628180631354013
0.1691681851183039
0.1709589662921713
0.1774202917094407
0.1790998694489414
0.1856723983005775
0.1872407726057115
0.1939245048917143
0.1953816757624815
0.2021766114828510
0.2035225789192515
0.2104287180739878
0.2116634820760216
0.2186808246651246
0.2198043852327917
0.2269329312562614
0.2279452883895617
0.2351850378473982
0.2360861915463318
0.2434371444385349
0.2442270947031019
0.2516892510296717
0.2523679978598720
0.2599413576208085
0.2605089010166420
0.2681934642119453
0.2686498041734121
0.2764455708030820
0.2767907073301821
0.2846976773942188
0.2849316104869521
0.2929497839853556
0.2930725136437222
0.3012018905764923
0.3012134168004923
0.3094539971676291
0.3093543199572623
0.3177061037587660
0.3174952231140324
0.3259582103499027
0.3256361262708025
0.3342103169410395
0.3337770294275725
0.3424624235321763
0.3419179325843426
0.3507145301233131
0.3500588357411127
0.3589666367144498
0.3581997388978828
0.3672187433055866
0.3663406420546528
0.3754708498967234
0.3744815452114229
0.3837229564878601
0.3826224483681929
0.3919750630789969
0.3907633515249630
0.4002271696701337
0.3989042546817331
0.4084792762612705
0.4070451578385031
0.4167313828524072
0.4151860609952732
0.4249834894435440
0.4233269641520432
0.4332355960346808
0.4314678673088133
0.4414877026258176
0.4396087704655834
0.4497398092169544
0.4477496736223535
0.4579919158080912
0.4558905767791235
0.4662440223992279
0.4640314799358936
0.4744961289903647
0.4721723830926636
0.4827482355815015
0.4803132862494336
0.4910003421726382
0.4884541894062037
0.4992524487637751
0.4965950925629738
0.5075045553549118
0.5047359957197439
0.5157566619460486
0.5128768988765140
0.5240087685371854
0.5210178020332840
0.5322608751283221
0.5291587051900540
0.5405129817194589
0.5372996083468241
0.1324798160583012
0.1345829636389565
0.1405088958194104
0.1424996085588952
0.1485379755805195
0.1504162534788338
0.1565670553416287
0.1583328983987724
0.1645961351027379
0.1662495433187110
0.1726252148638470
0.1741661882386497
0.1806542946249562
0.1820828331585883
0.1886833743860654
0.1899994780785269
0.1967124541471746
0.1979161229984655
0.2047415339082837
0.2058327679184041
0.2127706136693929
0.2137494128383427
0.2207996934305020
0.2216660577582814
0.2288287731916112
0.2295827026782200
0.2368578529527204
0.2374993475981586
0.2448869327138296
0.2454159925180972
0.2529160124749387
0.2533326374380359
0.2609450922360479
0.2612492823579745
0.2689741719971570
0.2691659272779131
0.2770032517582662
0.2770825721978517
0.2850323315193753
0.2849992171177903
0.2930614112804845
0.2929158620377289
0.3010904910415937
0.3008325069576675
0.3091195708027029
0.3087491518776062
0.3171486505638120
0.3166657967975448
0.3251777303249212
0.3245824417174834
0.3332068100860304
0.3324990866374220
0.3412358898471395
0.3404157315573607
0.3492649696082487
0.3483323764772993
0.3572940493693579
0.3562490213972379
0.3653231291304671
0.3641656663171766
0.3733522088915762
0.3720823112371152
0.3813812886526853
0.3799989561570538
0.3894103684137945
0.3879156010769924
0.3974394481749037
0.3958322459969310
0.4054685279360128
0.4037488909168696
0.4134976076971220
0.4116655358368082
0.4215266874582311
0.4195821807567469
0.4295557672193404
0.4274988256766855
0.4375848469804495
0.4354154705966241
0.4456139267415587
0.4433321155165627
0.4536430065026679
0.4512487604365014
0.4616720862637770
0.4591654053564400
0.4697011660248862
0.4670820502763786
0.4777302457859953
0.4749986951963172
0.4857593255471045
0.4829153401162559
0.4937884053082137
0.4908319850361945
0.5018174850693229
0.4987486299561331
0.5098465648304320
0.5066652748760717
0.5178756445915411
0.5145819197960103
0.5259047243526503
0.5224985647159489
0.1287595187275136
0.1307295783383633
0.1365631259231205
0.1384195535347376
0.1443667331187274
0.1461095287311119
0.1521703403143343
0.1537995039274862
0.1599739475099411
0.1614894791238605
0.1677775547055480
0.1691794543202348
0.1755811619011549
0.1768694295166091
0.1833847690967618
0.1845594047129834
0.1911883762923687
0.1922493799093577
0.1989919834879756
0.1999393551057320
0.2067955906835824
0.2076293303021063
0.2145991978791893
0.2153193054984807
0.2224028050747962
0.2230092806948550
0.2302064122704031
0.2306992558912293
0.2380100194660100
0.2383892310876036
0.2458136266616169
0.2460792062839779
0.2536172338572237
0.2537691814803522
0.2614208410528306
0.2614591566767265
0.2692244482484375
0.2691491318731008
0.2770280554440444
0.2768391070694751
0.2848316626396513
0.2845290822658494
0.2926352698352581
0.2922190574622237
0.3004388770308651
0.2999090326585981
0.3082424842264719
0.3075990078549724
0.3160460914220788
0.3152889830513467
0.3238496986176857
0.3229789582477210
0.3316533058132926
0.3306689334440954
0.3394569130088995
0.3383589086404696
0.3472605202045064
0.3460488838368440
0.3550641274001133
0.3537388590332183
0.3628677345957201
0.3614288342295925
0.3706713417913270
0.3691188094259669
0.3784749489869339
0.3768087846223412
0.3862785561825408
0.3844987598187155
0.3940821633781477
0.3921887350150898
0.4018857705737545
0.3998787102114641
0.4096893777693614
0.4075686854078384
0.4174929849649683
0.4152586606042127
0.4252965921605752
0.4229486358005871
0.4331001993561821
0.4306386109969613
0.4409038065517890
0.4383285861933356
0.4487074137473959
0.4460185613897100
0.4565110209430027
0.4537085365860842
0.4643146281386096
0.4613985117824586
0.4721182353342165
0.4690884869788329
0.4799218425298235
0.4767784621752072
0.4877254497254303
0.4844684373715815
0.4955290569210372
0.4921584125679558
0.5033326641166440
0.4998483877643301
0.5111362713122509
0.5075383629607044
0.1250000000000000
0.1268363715418021
0.1325757575757575
0.1342973345736728
0.1401515151515151
0.1417582976055436
0.1477272727272727
0.1492192606374143
0.1553030303030303
0.1566802236692850
0.1628787878787878
0.1641411867011557
0.1704545454545454
0.1716021497330265
0.1780303030303030
0.1790631127648971
0.1856060606060606
0.1865240757967679
0.1931818181818181
0.1939850388286386
0.2007575757575757
0.2014460018605093
0.2083333333333333
0.2089069648923800
0.2159090909090909
0.2163679279242507
0.2234848484848485
0.2238288909561215
0.2310606060606060
0.2312898539879922
0.2386363636363636
0.2387508170198629
0.2462121212121212
0.2462117800517336
0.2537878787878787
0.2536727430836043
0.2613636363636363
0.2611337061154750
0.2689393939393939
0.2685946691473457
0.2765151515151514
0.2760556321792164
0.2840909090909090
0.2835165952110871
0.2916666666666666
0.2909775582429579
0.2992424242424242
0.2984385212748286
0.3068181818181818
0.3058994843066993
0.3143939393939393
0.3133604473385700
0.3219696969696969
0.3208214103704408
0.3295454545454545
0.3282823734023115
0.3371212121212121
0.3357433364341822
0.3446969696969697
0.3432042994660529
0.3522727272727272
0.3506652624979236
0.3598484848484848
0.3581262255297943
0.3674242424242424
0.3655871885616650
0.3749999999999999
0.3730481515935357
0.3825757575757575
0.3805091146254064
0.3901515151515151
0.3879700776572771
0.3977272727272727
0.3954310406891479
0.4053030303030303
0.4028920037210186
0.4128787878787878
0.4103529667528893
0.4204545454545454
0.4178139297847600
0.4280303030303030
0.4252748928166307
0.4356060606060606
0.4327358558485014
0.4431818181818181
0.4401968188803722
0.4507575757575757
0.4476577819122429
0.4583333333333333
0.4551187449441136
0.4659090909090909
0.4625797079759844
0.4734848484848485
0.4700406710078550
0.4810606060606060
0.4775016340397257
0.4886363636363636
0.4849625970715964
0.4962121212121212
0.4924235601034672
0.1212024050615843
0.1229045291577780
0.1285480053683470
0.1301342073435296
0.1358936056751096
0.1373638855292813
0.1432392059818723
0.1445935637150329
0.1505848062886350
0.1518232419007846
0.1579304065953977
0.1590529200865362
0.1652760069021604
0.1662825982722879
0.1726216072089231
0.1735122764580395
0.1799672075156858
0.1807419546437911
0.1873128078224484
0.1879716328295428
0.1946584081292111
0.1952013110152944
0.2020040084359738
0.2024309892010461
0.2093496087427365
0.2096606673867977
0.2166952090494992
0.2168903455725494
0.2240408093562619
0.2241200237583010
0.2313864096630246
0.2313497019440527
0.2387320099697872
0.2385793801298043
0.2460776102765499
0.2458090583155559
0.2534232105833126
0.2530387365013076
0.2607688108900753
0.2602684146870592
0.2681144111968379
0.2674980928728108
0.2754600115036006
0.2747277710585625
0.2828056118103633
0.2819574492443142
0.2901512121171260
0.2891871274300659
0.2974968124238887
0.2964168056158175
0.3048424127306514
0.3036464838015691
0.3121880130374141
0.3108761619873208
0.3195336133441768
0.3181058401730725
0.3268792136509395
0.3253355183588241
0.3342248139577021
0.3325651965445757
0.3415704142644648
0.3397948747303274
0.3489160145712275
0.3470245529160790
0.3562616148779902
0.3542542311018306
0.3636072151847529
0.3614839092875823
0.3709528154915155
0.3687135874733339
0.3782984157982782
0.3759432656590856
0.3856440161050409
0.3831729438448372
0.3929896164118036
0.3904026220305889
0.4003352167185663
0.3976323002163406
0.4076808170253290
0.4048619784020922
0.4150264173320917
0.4120916565878438
0.4223720176388543
0.4193213347735955
0.4297176179456170
0.4265510129593471
0.4370632182523797
0.4337806911450988
0.4444088185591424
0.4410103693308504
0.4517544188659051
0.4482400475166021
0.4591000191726678
0.4554697257023537
0.4664456194794305
0.4626994038881054
0.4737912197861932
0.4699290820738570
0.4811368200929558
0.4771587602596086
0.1173678906964727
0.1189352488635693
0.1244810961932286
0.1259314399731911
0.1315943016899845
0.1329276310828128
0.1387075071867404
0.1399238221924345
0.1458207126834964
0.1469200133020562
0.1529339181802523
0.1539162044116780
0.1600471236770082
0.1609123955212997
0.1671603291737641
0.1679085866309214
0.1742735346705200
0.1749047777405431
0.1813867401672759
0.1819009688501649
0.1884999456640319
0.1888971599597866
0.1956131511607878
0.1958933510694083
0.2027263566575437
0.2028895421790300
0.2098395621542996
0.2098857332886518
0.2169527676510556
0.2168819243982735
0.2240659731478115
0.2238781155078952
0.2311791786445674
0.2308743066175170
0.2382923841413233
0.2378704977271387
0.2454055896380792
0.2448666888367604
0.2525187951348351
0.2518628799463821
0.2596320006315910
0.2588590710560038
0.2667452061283470
0.2658552621656255
0.2738584116251029
0.2728514532752473
0.2809716171218589
0.2798476443848690
0.2880848226186147
0.2868438354944908
0.2951980281153707
0.2938400266041125
0.3023112336121266
0.3008362177137343
0.3094244391088826
0.3078324088233560
0.3165376446056384
0.3148285999329777
0.3236508501023944
0.3218247910425994
0.3307640555991503
0.3288209821522211
0.3378772610959062
0.3358171732618428
0.3449904665926621
0.3428133643714646
0.3521036720894180
0.3498095554810863
0.3592168775861739
0.3568057465907080
0.3663300830829299
0.3638019377003298
0.3734432885796858
0.3707981288099515
0.3805564940764417
0.3777943199195732
0.3876696995731976
0.3847905110291949
0.3947829050699536
0.3917867021388167
0.4018961105667095
0.3987828932484384
0.4090093160634654
0.4057790843580601
0.4161225215602213
0.4127752754676818
0.4232357270569772
0.4197714665773035
0.4303489325537332
0.4267676576869253
0.4374621380504891
0.4337638487965471
0.4445753435472450
0.4407600399061687
0.4516885490440009
0.4477562310157905
0.4588017545407568
0.4547524221254122
0.4659149600375128
0.4617486132350339
0.1134976249348867
0.1149297397404053
0.1203762688703344
0.1216903126663115
0.1272549128057821
0.1284508855922178
0.1341335567412298
0.1352114585181239
0.1410122006766774
0.1419720314440301
0.1478908446121251
0.1487326043699363
0.1547694885475728
0.1554931772958425
0.1616481324830205
0.1622537502217487
0.1685267764184682
0.1690143231476549
0.1754054203539158
0.1757748960735611
0.1822840642893635
0.1825354689994673
0.1891627082248112
0.1892960419253735
0.1960413521602589
0.1960566148512797
0.2029199960957065
0.2028171877771859
0.2097986400311543
0.2095777607030921
0.2166772839666019
0.2163383336289983
0.2235559279020496
0.2230989065549045
0.2304345718374973
0.2298594794808107
0.2373132157729450
0.2366200524067169
0.2441918597083926
0.2433806253326231
0.2510705036438403
0.2501411982585293
0.2579491475792879
0.2569017711844355
0.2648277915147357
0.2636623441103417
0.2717064354501834
0.2704229170362479
0.2785850793856310
0.2771834899621541
0.2854637233210787
0.2839440628880603
0.2923423672565264
0.2907046358139665
0.2992210111919741
0.2974652087398727
0.3060996551274218
0.3042257816657789
0.3129782990628694
0.3109863545916851
0.3198569429983171
0.3177469275175913
0.3267355869337648
0.3245075004434975
0.3336142308692125
0.3312680733694037
0.3404928748046602
0.3380286462953098
0.3473715187401078
0.3447892192212160
0.3542501626755555
0.3515497921471222
0.3611288066110032
0.3583103650730284
0.3680074505464509
0.3650709379989346
0.3748860944818986
0.3718315109248408
0.3817647384173463
0.3785920838507471
0.3886433823527939
0.3853526567766532
0.3955220262882416
0.3921132297025594
0.4024006702236892
0.3988738026284656
0.4092793141591369
0.4056343755543718
0.4161579580945847
0.4123949484802780
0.4230366020300323
0.4191555214061842
0.4299152459654800
0.4259160943320904
0.4367938899009277
0.4326766672579966
0.4436725338363753
0.4394372401839028
0.4505511777718230
0.4461978131098090
0.1095927866972693
0.1108892219051669
0.1162347737698311
0.1174121173113532
0.1228767608423929
0.1239350127175395
0.1295187479149547
0.1304579081237258
0.1361607349875164
0.1369808035299121
0.1428027220600782
0.1435036989360984
0.1494447091326400
0.1500265943422847
0.1560866962052018
0.1565494897484709
0.1627286832777635
0.1630723851546572
0.1693706703503253
0.1695952805608435
0.1760126574228871
0.1761181759670298
0.1826546444954489
0.1826410713732161
0.1892966315680107
0.1891639667794024
0.1959386186405724
0.1956868621855887
0.2025806057131342
0.2022097575917750
0.2092225927856960
0.2087326529979613
0.2158645798582578
0.2152555484041475
0.2225065669308195
0.2217784438103338
0.2291485540033813
0.2283013392165201
0.2357905410759431
0.2348242346227064
0.2424325281485049
0.2413471300288927
0.2490745152210666
0.2478700254350790
0.2557165022936284
0.2543929208412653
0.2623584893661902
0.2609158162474516
0.2690004764387520
0.2674387116536379
0.2756424635113138
0.2739616070598241
0.2822844505838755
0.2804845024660105
0.2889264376564373
0.2870073978721968
0.2955684247289991
0.2935302932783830
0.3022104118015609
0.3000531886845693
0.3088523988741226
0.3065760840907556
0.3154943859466844
0.3130989794969419
0.3221363730192462
0.3196218749031282
0.3287783600918079
0.3261447703093144
0.3354203471643697
0.3326676657155007
0.3420623342369315
0.3391905611216870
0.3487043213094933
0.3457134565278733
0.3553463083820551
0.3522363519340596
0.3619882954546169
0.3587592473402459
0.3686302825271787
0.3652821427464322
0.3752722695997404
0.3718050381526185
0.3819142566723022
0.3783279335588048
0.3885562437448640
0.3848508289649911
0.3951982308174257
0.3913737243711773
0.4018402178899875
0.3978966197773637
0.4084822049625493
0.4044195151835500
0.4151241920351111
0.4109424105897362
0.4217661791076729
0.4174653059959225
0.4284081661802346
0.4239882014021088
0.4350501532527964
0.4305110968082951
0.1056545654351749
0.1068149261387283
0.1120578724312461
0.1130981570880652
0.1184611794273173
0.1193813880374022
0.1248644864233885
0.1256646189867391
0.1312677934194597
0.1319478499360761
0.1376711004155309
0.1382310808854131
0.1440744074116021
0.1445143118347500
0.1504777144076733
0.1507975427840870
0.1568810214037445
0.1570807737334239
0.1632843283998157
0.1633640046827609
0.1696876353958869
0.1696472356320978
0.1760909423919581
0.1759304665814348
0.1824942493880293
0.1822136975307718
0.1888975563841005
0.1884969284801087
0.1953008633801717
0.1947801594294457
0.2017041703762429
0.2010633903787827
0.2081074773723141
0.2073466213281196
0.2145107843683854
0.2136298522774565
0.2209140913644566
0.2199130832267935
0.2273173983605278
0.2261963141761305
0.2337207053565989
0.2324795451254674
0.2401240123526701
0.2387627760748044
0.2465273193487414
0.2450460070241414
0.2529306263448126
0.2513292379734783
0.2593339333408838
0.2576124689228153
0.2657372403369550
0.2638956998721522
0.2721405473330262
0.2701789308214892
0.2785438543290975
0.2764621617708262
0.2849471613251686
0.2827453927201631
0.2913504683212398
0.2890286236695001
0.2977537753173110
0.2953118546188370
0.3041570823133822
0.3015950855681740
0.3105603893094534
0.3078783165175109
0.3169636963055246
0.3141615474668479
0.3233670033015958
0.3204447784161848
0.3297703102976670
0.3267280093655218
0.3361736172937382
0.3330112403148588
0.3425769242898095
0.3392944712641957
0.3489802312858807
0.3455777022135327
0.3553835382819518
0.3518609331628696
0.3617868452780231
0.3581441641122066
0.3681901522740942
0.3644273950615435
0.3745934592701655
0.3707106260108805
0.3809967662662366
0.3769938569602174
0.3874000732623079
0.3832770879095544
0.3938033802583791
0.3895603188588914
0.4002066872544503
0.3958435498082283
0.4066099942505215
0.4021267807575653
0.4130133012465927
0.4084100117069022
0.4194166082426639
0.4146932426562392
0.1016841607689501
0.1027080935110483
0.1078468371791895
0.1087497460705218
0.1140095135894289
0.1147913986299952
0.1201721899996683
0.1208330511894686
0.1263348664099077
0.1268747037489421
0.1324975428201471
0.1329163563084155
0.1386602192303865
0.1389580088678889
0.1448228956406259
0.1449996614273624
0.1509855720508653
0.1510413139868358
0.1571482484611047
0.1570829665463092
0.1633109248713441
0.1631246191057827
0.1694736012815835
0.1691662716652561
0.1756362776918229
0.1752079242247295
0.1817989541020623
0.1812495767842030
0.1879616305123017
0.1872912293436764
0.1941243069225411
0.1933328819031498
0.2002869833327805
0.1993745344626233
0.2064496597430199
0.2054161870220967
0.2126123361532593
0.2114578395815701
0.2187750125634987
0.2174994921410436
0.2249376889737381
0.2235411447005170
0.2311003653839775
0.2295827972599904
0.2372630417942169
0.2356244498194639
0.2434257182044563
0.2416661023789373
0.2495883946146957
0.2477077549384107
0.2557510710249351
0.2537494074978842
0.2619137474351745
0.2597910600573576
0.2680764238454140
0.2658327126168311
0.2742391002556533
0.2718743651763045
0.2804017766658927
0.2779160177357779
0.2865644530761322
0.2839576702952513
0.2927271294863715
0.2899993228547247
0.2988898058966109
0.2960409754141982
0.3050524823068503
0.3020826279736716
0.3112151587170897
0.3081242805331451
0.3173778351273291
0.3141659330926185
0.3235405115375685
0.3202075856520920
0.3297031879478080
0.3262492382115654
0.3358658643580473
0.3322908907710388
0.3420285407682868
0.3383325433305122
0.3481912171785261
0.3443741958899856
0.3543538935887655
0.3504158484494591
0.3605165699990049
0.3564575010089325
0.3666792464092443
0.3624991535684060
0.3728419228194838
0.3685408061278794
0.3790045992297231
0.3745824586873528
0.3851672756399626
0.3806241112468263
0.3913299520502019
0.3866657638062997
0.3974926284604413
0.3927074163657731
0.4036553048706807
0.3987490689252465
0.0976827821223184
0.0985699750031292
0.1036029507357923
0.1043682088268427
0.1095231193492661
0.1101664426505562
0.1154432879627400
0.1159646764742697
0.1213634565762138
0.1217629102979831
0.1272836251896877
0.1275611441216966
0.1332037938031615
0.1333593779454101
0.1391239624166354
0.1391576117691236
0.1450441310301092
0.1449558455928371
0.1509642996435830
0.1507540794165506
0.1568844682570569
0.1565523132402640
0.1628046368705307
0.1623505470639775
0.1687248054840046
0.1681487808876910
0.1746449740974784
0.1739470147114045
0.1805651427109523
0.1797452485351180
0.1864853113244261
0.1855434823588315
0.1924054799379000
0.1913417161825449
0.1983256485513738
0.1971399500062584
0.2042458171648476
0.2029381838299719
0.2101659857783215
0.2087364176536854
0.2160861543917953
0.2145346514773989
0.2220063230052692
0.2203328853011123
0.2279264916187430
0.2261311191248259
0.2338466602322169
0.2319293529485393
0.2397668288456907
0.2377275867722528
0.2456869974591646
0.2435258205959663
0.2516071660726384
0.2493240544196798
0.2575273346861123
0.2551222882433933
0.2634475032995861
0.2609205220671068
0.2693676719130600
0.2667187558908202
0.2752878405265338
0.2725169897145337
0.2812080091400077
0.2783152235382472
0.2871281777534815
0.2841134573619607
0.2930483463669553
0.2899116911856742
0.2989685149804291
0.2957099250093876
0.3048886835939030
0.3015081588331011
0.3108088522073769
0.3073063926568146
0.3167290208208507
0.3131046264805281
0.3226491894343246
0.3189028603042416
0.3285693580477984
0.3247010941279551
0.3344895266612722
0.3304993279516685
0.3404096952747461
0.3362975617753820
0.3463298638882199
0.3420957955990955
0.3522500325016938
0.3478940294228090
0.3581702011151677
0.3536922632465225
0.3640903697286415
0.3594904970702360
0.3700105383421153
0.3652887308939495
0.3759307069555892
0.3710869647176629
0.3818508755690630
0.3768851985413764
0.3877710441825368
0.3826834323650899
0.0936516483539781
0.0944018311259554
0.0993275058299767
0.0999548800157175
0.1050033633059754
0.1055079289054796
0.1106792207819741
0.1110609777952417
0.1163550782579727
0.1166140266850038
0.1220309357339714
0.1221670755747659
0.1277067932099701
0.1277201244645280
0.1333826506859687
0.1332731733542900
0.1390585081619674
0.1388262222440521
0.1447343656379661
0.1443792711338142
0.1504102231139648
0.1499323200235763
0.1560860805899634
0.1554853689133384
0.1617619380659621
0.1610384178031005
0.1674377955419608
0.1665914666928625
0.1731136530179594
0.1721445155826246
0.1787895104939581
0.1776975644723867
0.1844653679699568
0.1832506133621488
0.1901412254459555
0.1888036622519109
0.1958170829219541
0.1943567111416729
0.2014929403979528
0.1999097600314350
0.2071687978739515
0.2054628089211971
0.2128446553499501
0.2110158578109592
0.2185205128259488
0.2165689067007213
0.2241963703019475
0.2221219555904834
0.2298722277779461
0.2276750044802455
0.2355480852539448
0.2332280533700075
0.2412239427299435
0.2387811022597697
0.2468998002059422
0.2443341511495317
0.2525756576819408
0.2498872000392938
0.2582515151579395
0.2554402489290559
0.2639273726339382
0.2609932978188180
0.2696032301099369
0.2665463467085801
0.2752790875859355
0.2720993955983421
0.2809549450619342
0.2776524444881042
0.2866308025379328
0.2832054933778663
0.2923066600139315
0.2887585422676284
0.2979825174899302
0.2943115911573905
0.3036583749659289
0.2998646400471526
0.3093342324419275
0.3054176889369147
0.3150100899179262
0.3109707378266767
0.3206859473939249
0.3165237867164388
0.3263618048699236
0.3220768356062009
0.3320376623459222
0.3276298844959630
0.3377135198219209
0.3331829333857251
0.3433893772979196
0.3387359822754872
0.3490652347739183
0.3442890311652493
0.3547410922499169
0.3498420800550113
0.3604169497259156
0.3553951289447734
0.3660928072019142
0.3609481778345355
0.3717686646779129
0.3665012267242976
0.0895919873863251
0.0902049315365295
0.0950218048036781
0.0955111039798548
0.1004516222210311
0.1008172764231801
0.1058814396383842
0.1061234488665053
0.1113112570557372
0.1114296213098306
0.1167410744730902
0.1167357937531559
0.1221708918904433
0.1220419661964811
0.1276007093077963
0.1273481386398064
0.1330305267251493
0.1326543110831316
0.1384603441425024
0.1379604835264569
0.1438901615598554
0.1432666559697822
0.1493199789772084
0.1485728284131075
0.1547497963945615
0.1538790008564327
0.1601796138119145
0.1591851732997580
0.1656094312292675
0.1644913457430832
0.1710392486466206
0.1697975181864085
0.1764690660639736
0.1751036906297338
0.1818988834813266
0.1804098630730590
0.1873287008986796
0.1857160355163843
0.1927585183160327
0.1910222079597096
0.1981883357333857
0.1963283804030348
0.2036181531507387
0.2016345528463601
0.2090479705680918
0.2069407252896854
0.2144777879854448
0.2122468977330106
0.2199076054027979
0.2175530701763359
0.2253374228201509
0.2228592426196612
0.2307672402375039
0.2281654150629865
0.2361970576548570
0.2334715875063117
0.2416268750722100
0.2387777599496370
0.2470566924895631
0.2440839323929622
0.2524865099069161
0.2493901048362875
0.2579163273242691
0.2546962772796127
0.2633461447416222
0.2600024497229380
0.2687759621589751
0.2653086221662633
0.2742057795763282
0.2706147946095885
0.2796355969936812
0.2759209670529138
0.2850654144110342
0.2812271394962391
0.2904952318283873
0.2865333119395644
0.2959250492457404
0.2918394843828896
0.3013548666630934
0.2971456568262149
0.3067846840804464
0.3024518292695402
0.3122145014977994
0.3077580017128654
0.3176443189151524
0.3130641741561907
0.3230741363325055
0.3183703465995160
0.3285039537498586
0.3236765190428412
0.3339337711672116
0.3289826914861665
0.3393635885845646
0.3342888639294918
0.3447934060019177
0.3395950363728170
0.3502232234192706
0.3449012088161423
0.3556530408366237
0.3502073812594675
0.0855050358314172
0.0859805546511229
0.0906871592151395
0.0910382343364830
0.0958692825988617
0.0960959140218432
0.1010514059825840
0.1011535937072034
0.1062335293663062
0.1062112733925636
0.1114156527500285
0.1112689530779237
0.1165977761337508
0.1163266327632839
0.1217798995174730
0.1213843124486441
0.1269620229011953
0.1264419921340042
0.1321441462849175
0.1314996718193644
0.1373262696686398
0.1365573515047246
0.1425083930523620
0.1416150311900848
0.1476905164360843
0.1466727108754449
0.1528726398198065
0.1517303905608051
0.1580547632035288
0.1567880702461653
0.1632368865872511
0.1618457499315254
0.1684190099709733
0.1669034296168856
0.1736011333546956
0.1719611093022458
0.1787832567384178
0.1770187889876059
0.1839653801221401
0.1820764686729661
0.1891475035058623
0.1871341483583263
0.1943296268895846
0.1921918280436864
0.1995117502733069
0.1972495077290466
0.2046938736570291
0.2023071874144068
0.2098759970407514
0.2073648670997670
0.2150581204244736
0.2124225467851271
0.2202402438081959
0.2174802264704873
0.2254223671919182
0.2225379061558475
0.2306044905756404
0.2275955858412076
0.2357866139593627
0.2326532655265678
0.2409687373430849
0.2377109452119280
0.2461508607268072
0.2427686248972881
0.2513329841105294
0.2478263045826483
0.2565151074942517
0.2528839842680085
0.2616972308779739
0.2579416639533686
0.2668793542616962
0.2629993436387288
0.2720614776454184
0.2680570233240890
0.2772436010291407
0.2731147030094492
0.2824257244128630
0.2781723826948093
0.2876078477965852
0.2832300623801695
0.2927899711803075
0.2882877420655297
0.2979720945640297
0.2933454217508898
0.3031542179477519
0.2984031014362500
0.3083363413314742
0.3034607811216102
0.3135184647151965
0.3085184608069704
0.3187005880989188
0.3135761404923305
0.3238827114826410
0.3186338201776907
0.3290648348663632
0.3236914998630508
0.3342469582500855
0.3287491795484110
0.3394290816338077
0.3338068592337712
0.0813920386142891
0.0817299872558571
0.0863248894393976
0.0865376335650251
0.0912577402645060
0.0913452798741932
0.0961905910896144
0.0961529261833613
0.1011234419147229
0.1009605724925293
0.1060562927398313
0.1057682188016974
0.1109891435649398
0.1105758651108655
0.1159219943900482
0.1153835114200335
0.1208548452151566
0.1201911577292016
0.1257876960402650
0.1249988040383696
0.1307205468653735
0.1298064503475377
0.1356533976904819
0.1346140966567058
0.1405862485155903
0.1394217429658738
0.1455190993406988
0.1442293892750419
0.1504519501658072
0.1490370355842099
0.1553848009909156
0.1538446818933780
0.1603176518160241
0.1586523282025461
0.1652505026411325
0.1634599745117141
0.1701833534662409
0.1682676208208822
0.1751162042913494
0.1730752671300503
0.1800490551164578
0.1778829134392183
0.1849819059415662
0.1826905597483864
0.1899147567666747
0.1874982060575545
0.1948476075917831
0.1923058523667225
0.1997804584168915
0.1971134986758906
0.2047133092420000
0.2019211449850586
0.2096461600671084
0.2067287912942267
0.2145790108922169
0.2115364376033948
0.2195118617173253
0.2163440839125629
0.2244447125424337
0.2211517302217309
0.2293775633675421
0.2259593765308990
0.2343104141926506
0.2307670228400670
0.2392432650177590
0.2355746691492351
0.2441761158428674
0.2403823154584031
0.2491089666679759
0.2451899617675712
0.2540418174930843
0.2499976080767393
0.2589746683181927
0.2548052543859073
0.2639075191433012
0.2596129006950754
0.2688403699684096
0.2644205470042434
0.2737732207935181
0.2692281933134115
0.2787060716186265
0.2740358396225796
0.2836389224437349
0.2788434859317476
0.2885717732688433
0.2836511322409157
0.2935046240939518
0.2884587785500838
0.2984374749190603
0.2932664248592519
0.3033703257441687
0.2980740711684199
0.3083031765692771
0.3028817174775880
0.3132360273943855
0.3076893637867560
0.3181688782194940
0.3124970100959241
0.3231017290446024
0.3173046564050921
0.0772542485937369
0.0774545241147371
0.0819363242660846
0.0820106725920745
0.0866183999384322
0.0865668210694120
0.0913004756107799
0.0911229695467495
0.0959825512831276
0.0956791180240870
0.1006646269554753
0.1002352665014245
0.1053467026278230
0.1047914149787619
0.1100287783001707
0.1093475634560994
0.1147108539725184
0.1139037119334369
0.1193929296448661
0.1184598604107743
0.1240750053172138
0.1230160088881118
0.1287570809895615
0.1275721573654493
0.1334391566619091
0.1321283058427868
0.1381212323342568
0.1366844543201243
0.1428033080066045
0.1412406027974617
0.1474853836789522
0.1457967512747992
0.1521674593512999
0.1503528997521367
0.1568495350236476
0.1549090482294741
0.1615316106959953
0.1594651967068116
0.1662136863683430
0.1640213451841491
0.1708957620406907
0.1685774936614866
0.1755778377130383
0.1731336421388240
0.1802599133853861
0.1776897906161615
0.1849419890577337
0.1822459390934990
0.1896240647300814
0.1868020875708365
0.1943061404024291
0.1913582360481740
0.1989882160747768
0.1959143845255114
0.2036702917471245
0.2004705330028489
0.2083523674194722
0.2050266814801864
0.2130344430918199
0.2095828299575239
0.2177165187641676
0.2141389784348613
0.2223985944365152
0.2186951269121988
0.2270806701088629
0.2232512753895363
0.2317627457812106
0.2278074238668737
0.2364448214535583
0.2323635723442112
0.2411268971259060
0.2369197208215487
0.2458089727982537
0.2414758692988862
0.2504910484706014
0.2460320177762237
0.2551731241429491
0.2505881662535611
0.2598551998152968
0.2551443147308986
0.2645372754876444
0.2597004632082361
0.2692193511599921
0.2642566116855735
0.2739014268323398
0.2688127601629110
0.2785835025046875
0.2733689086402485
0.2832655781770352
0.2779250571175860
0.2879476538493829
0.2824812055949235
0.2926297295217306
0.2870373540722609
0.2973118051940783
0.2915935025495984
0.3019938808664260
0.2961496510269359
0.3066759565387737
0.3007057995042733
0.0730929261806842
0.0731554675752528
0.0775228004946650
0.0774587303737971
0.0819526748086459
0.0817619931723414
0.0863825491226267
0.0860652559708856
0.0908124234366076
0.0903685187694299
0.0952422977505884
0.0946717815679742
0.0996721720645693
0.0989750443665185
0.1041020463785502
0.1032783071650628
0.1085319206925310
0.1075815699636070
0.1129617950065119
0.1118848327621513
0.1173916693204927
0.1161880955606956
0.1218215436344736
0.1204913583592399
0.1262514179484544
0.1247946211577842
0.1306812922624353
0.1290978839563285
0.1351111665764162
0.1334011467548727
0.1395410408903970
0.1377044095534170
0.1439709152043779
0.1420076723519613
0.1484007895183587
0.1463109351505056
0.1528306638323396
0.1506141979490498
0.1572605381463204
0.1549174607475941
0.1616904124603013
0.1592207235461384
0.1661202867742821
0.1635239863446827
0.1705501610882630
0.1678272491432270
0.1749800354022439
0.1721305119417713
0.1794099097162247
0.1764337747403155
0.1838397840302056
0.1807370375388598
0.1882696583441864
0.1850403003374041
0.1926995326581673
0.1893435631359484
0.1971294069721482
0.1936468259344927
0.2015592812861290
0.1979500887330370
0.2059891556001099
0.2022533515315812
0.2104190299140908
0.2065566143301255
0.2148489042280716
0.2108598771286698
0.2192787785420525
0.2151631399272141
0.2237086528560333
0.2194664027257583
0.2281385271700141
0.2237696655243026
0.2325684014839950
0.2280729283228470
0.2369982757979759
0.2323761911213912
0.2414281501119568
0.2366794539199355
0.2458580244259376
0.2409827167184798
0.2502878987399185
0.2452859795170240
0.2547177730538993
0.2495892423155683
0.2591476473678802
0.2538925051141126
0.2635775216818610
0.2581957679126569
0.2680073959958419
0.2624990307112012
0.2724372703098228
0.2668022935097455
0.2768671446238036
0.2711055563082898
0.2812970189377845
0.2754088191068340
0.2857268932517653
0.2797120819053783
0.2901567675657462
0.2840153447039226
0.0689093389542498
0.0688341271716723
0.0730856625272346
0.0728831934758883
0.0772619861002195
0.0769322597801043
0.0814383096732043
0.0809813260843203
0.0856146332461891
0.0850303923885363
0.0897909568191740
0.0890794586927523
0.0939672803921588
0.0931285249969684
0.0981436039651437
0.0971775913011844
0.1023199275381285
0.1012266576054004
0.1064962511111133
0.1052757239096164
0.1106725746840982
0.1093247902138324
0.1148488982570830
0.1133738565180484
0.1190252218300678
0.1174229228222644
0.1232015454030527
0.1214719891264805
0.1273778689760375
0.1255210554306965
0.1315541925490224
0.1295701217349125
0.1357305161220072
0.1336191880391285
0.1399068396949920
0.1376682543433445
0.1440831632679768
0.1417173206475605
0.1482594868409617
0.1457663869517765
0.1524358104139465
0.1498154532559925
0.1566121339869314
0.1538645195602086
0.1607884575599162
0.1579135858644246
0.1649647811329011
0.1619626521686406
0.1691411047058859
0.1660117184728566
0.1733174282788707
0.1700607847770726
0.1774937518518556
0.1741098510812887
0.1816700754248404
0.1781589173855047
0.1858463989978253
0.1822079836897207
0.1900227225708101
0.1862570499939367
0.1941990461437949
0.1903061162981527
0.1983753697167797
0.1943551826023688
0.2025516932897646
0.1984042489065848
0.2067280168627494
0.2024533152108008
0.2109043404357342
0.2065023815150168
0.2150806640087191
0.2105514478192328
0.2192569875817039
0.2146005141234488
0.2234333111546888
0.2186495804276648
0.2276096347276736
0.2226986467318809
0.2317859583006584
0.2267477130360969
0.2359622818736433
0.2307967793403129
0.2401386054466281
0.2348458456445289
0.2443149290196129
0.2388949119487449
0.2484912525925978
0.2429439782529609
0.2526675761655827
0.2469930445571770
0.2568438997385675
0.2510421108613929
0.2610202233115523
0.2550911771656090
0.2651965468845371
0.2591402434698250
0.2693728704575220
0.2631893097740410
0.2735491940305068
0.2672383760782570
0.0647047612756303
0.0644918192261441
0.0686262619590018
0.0682854556512114
0.0725477626423733
0.0720790920762787
0.0764692633257448
0.0758727285013460
0.0803907640091164
0.0796663649264133
0.0843122646924879
0.0834600013514806
0.0882337653758594
0.0872536377765479
0.0921552660592310
0.0910472742016152
0.0960767667426025
0.0948409106266825
0.0999982674259740
0.0986345470517498
0.1039197681093456
0.1024281834768171
0.1078412687927171
0.1062218199018844
0.1117627694760886
0.1100154563269517
0.1156842701594601
0.1138090927520190
0.1196057708428317
0.1176027291770863
0.1235272715262032
0.1213963656021536
0.1274487722095747
0.1251900020272209
0.1313702728929463
0.1289836384522882
0.1352917735763178
0.1327772748773555
0.1392132742596893
0.1365709113024228
0.1431347749430608
0.1403645477274901
0.1470562756264324
0.1441581841525574
0.1509777763098039
0.1479518205776247
0.1548992769931755
0.1517454570026920
0.1588207776765470
0.1555390934277593
0.1627422783599185
0.1593327298528266
0.1666637790432901
0.1631263662778939
0.1705852797266616
0.1669200027029612
0.1745067804100331
0.1707136391280285
0.1784282810934047
0.1745072755530958
0.1823497817767762
0.1783009119781631
0.1862712824601477
0.1820945484032304
0.1901927831435192
0.1858881848282977
0.1941142838268908
0.1896818212533650
0.1980357845102623
0.1934754576784323
0.2019572851936338
0.1972690941034996
0.2058787858770053
0.2010627305285669
0.2098002865603769
0.2048563669536342
0.2137217872437484
0.2086500033787015
0.2176432879271200
0.2124436398037688
0.2215647886104915
0.2162372762288361
0.2254862892938630
0.2200309126539034
0.2294077899772345
0.2238245490789707
0.2333292906606061
0.2276181855040380
0.2372507913439776
0.2314118219291053
0.2411722920273491
0.2352054583541726
0.2450937927107207
0.2389990947792399
0.2490152933940922
0.2427927312043072
0.2529367940774637
0.2465863676293745
0.2568582947608353
0.2503800040544418
0.0604804738999169
0.0601298664477332
0.0641459571665786
0.0636669174152470
0.0678114404332402
0.0672039683827607
0.0714769236999018
0.0707410193502744
0.0751424069665635
0.0742780703177881
0.0788078902332251
0.0778151212853019
0.0824733734998867
0.0813521722528156
0.0861388567665484
0.0848892232203293
0.0898043400332100
0.0884262741878430
0.0934698232998716
0.0919633251553567
0.0971353065665333
0.0955003761228704
0.1008007898331949
0.0990374270903842
0.1044662730998565
0.1025744780578979
0.1081317563665181
0.1061115290254116
0.1117972396331798
0.1096485799929253
0.1154627228998414
0.1131856309604390
0.1191282061665030
0.1167226819279528
0.1227936894331647
0.1202597328954665
0.1264591726998263
0.1237967838629802
0.1301246559664880
0.1273338348304939
0.1337901392331496
0.1308708857980076
0.1374556224998112
0.1344079367655213
0.1411211057664729
0.1379449877330351
0.1447865890331345
0.1414820387005488
0.1484520722997961
0.1450190896680625
0.1521175555664577
0.1485561406355762
0.1557830388331194
0.1520931916030900
0.1594485220997810
0.1556302425706037
0.1631140053664427
0.1591672935381174
0.1667794886331043
0.1627043445056311
0.1704449718997659
0.1662413954731448
0.1741104551664275
0.1697784464406586
0.1777759384330892
0.1733154974081723
0.1814414216997508
0.1768525483756860
0.1851069049664124
0.1803895993431997
0.1887723882330740
0.1839266503107135
0.1924378714997357
0.1874637012782272
0.1961033547663973
0.1910007522457409
0.1997688380330590
0.1945378032132546
0.2034343212997206
0.1980748541807683
0.2070998045663822
0.2016119051482821
0.2107652878330439
0.2051489561157958
0.2144307710997055
0.2086860070833095
0.2180962543663671
0.2122230580508232
0.2217617376330288
0.2157601090183369
0.2254272208996904
0.2192971599858507
0.2290927041663520
0.2228342109533644
0.2327581874330137
0.2263712619208781
0.2364236706996753
0.2299083128883918
0.2400891539663369
0.2334453638559055
0.0562377635859663
0.0557495975295114
0.0596461128942067
0.0590289856194827
0.0630544622024471
0.0623083737094540
0.0664628115106874
0.0655877617994252
0.0698711608189278
0.0688671498893965
0.0732795101271682
0.0721465379793677
0.0766878594354086
0.0754259260693390
0.0800962087436490
0.0787053141593102
0.0835045580518894
0.0819847022492815
0.0869129073601297
0.0852640903392528
0.0903212566683701
0.0885434784292240
0.0937296059766105
0.0918228665191953
0.0971379552848509
0.0951022546091665
0.1005463045930913
0.0983816426991378
0.1039546539013317
0.1016610307891091
0.1073630032095720
0.1049404188790803
0.1107713525178124
0.1082198069690516
0.1141797018260528
0.1114991950590229
0.1175880511342932
0.1147785831489941
0.1209964004425335
0.1180579712389654
0.1244047497507739
0.1213373593289366
0.1278130990590143
0.1246167474189079
0.1312214483672547
0.1278961355088792
0.1346297976754951
0.1311755235988504
0.1380381469837355
0.1344549116888217
0.1414464962919758
0.1377342997787929
0.1448548456002162
0.1410136878687642
0.1482631949084566
0.1442930759587355
0.1516715442166970
0.1475724640487067
0.1550798935249374
0.1508518521386780
0.1584882428331778
0.1541312402286492
0.1618965921414181
0.1574106283186205
0.1653049414496585
0.1606900164085918
0.1687132907578989
0.1639694044985630
0.1721216400661393
0.1672487925885343
0.1755299893743797
0.1705281806785055
0.1789383386826200
0.1738075687684768
0.1823466879908604
0.1770869568584481
0.1857550372991008
0.1803663449484193
0.1891633866073412
0.1836457330383906
0.1925717359155816
0.1869251211283618
0.1959800852238220
0.1902045092183331
0.1993884345320623
0.1934838973083043
0.2027967838403027
0.1967632853982756
0.2062051331485431
0.2000426734882469
0.2096134824567835
0.2033220615782181
0.2130218317650239
0.2066014496681894
0.2164301810732643
0.2098808377581607
0.2198385303815046
0.2131602258481319
0.2232468796897450
0.2164396139381032
0.0519779227044398
0.0513523467438235
0.0551280998380422
0.0543730730228720
0.0582782769716447
0.0573937993019204
0.0614284541052471
0.0604145255809689
0.0645786312388495
0.0634352518600173
0.0677288083724519
0.0664559781390658
0.0708789855060543
0.0694767044181142
0.0740291626396567
0.0724974306971626
0.0771793397732591
0.0755181569762111
0.0803295169068615
0.0785388832552595
0.0834796940404640
0.0815596095343080
0.0866298711740664
0.0845803358133564
0.0897800483076688
0.0876010620924049
0.0929302254412712
0.0906217883714533
0.0960804025748736
0.0936425146505017
0.0992305797084760
0.0966632409295502
0.1023807568420785
0.0996839672085986
0.1055309339756809
0.1027046934876471
0.1086811111092833
0.1057254197666955
0.1118312882428857
0.1087461460457439
0.1149814653764881
0.1117668723247924
0.1181316425100905
0.1147875986038408
0.1212818196436929
0.1178083248828893
0.1244319967772954
0.1208290511619377
0.1275821739108978
0.1238497774409862
0.1307323510445002
0.1268705037200346
0.1338825281781026
0.1298912299990831
0.1370327053117050
0.1329119562781315
0.1401828824453074
0.1359326825571799
0.1433330595789098
0.1389534088362284
0.1464832367125123
0.1419741351152768
0.1496334138461147
0.1449948613943253
0.1527835909797171
0.1480155876733737
0.1559337681133195
0.1510363139524221
0.1590839452469219
0.1540570402314706
0.1622341223805243
0.1570777665105190
0.1653842995141267
0.1600984927895675
0.1685344766477292
0.1631192190686159
0.1716846537813316
0.1661399453476644
0.1748348309149340
0.1691606716267128
0.1779850080485364
0.1721813979057613
0.1811351851821388
0.1752021241848097
0.1842853623157412
0.1782228504638581
0.1874355394493436
0.1812435767429066
0.1905857165829460
0.1842643030219550
0.1937358937165485
0.1872850293010035
0.1968860708501509
0.1903057555800519
0.2000362479837533
0.1933264818591004
0.2031864251173557
0.1963472081381488
0.2063366022509581
0.1993679344171972
0.0477022488441362
0.0469394535358562
0.0505932942286293
0.0497005978614948
0.0534843396131224
0.0524617421871334
0.0563753849976156
0.0552228865127720
0.0592664303821087
0.0579840308384106
0.0621574757666018
0.0607451751640492
0.0650485211510949
0.0635063194896879
0.0679395665355880
0.0662674638153264
0.0708306119200811
0.0690286081409651
0.0737216573045742
0.0717897524666036
0.0766127026890673
0.0745508967922422
0.0795037480735604
0.0773120411178809
0.0823947934580535
0.0800731854435194
0.0852858388425466
0.0828343297691581
0.0881768842270397
0.0855954740947967
0.0910679296115328
0.0883566184204353
0.0939589749960259
0.0911177627460739
0.0968500203805190
0.0938789070717125
0.0997410657650121
0.0966400513973511
0.1026321111495052
0.0994011957229897
0.1055231565339984
0.1021623400486283
0.1084142019184915
0.1049234843742669
0.1113052473029846
0.1076846286999055
0.1141962926874777
0.1104457730255441
0.1170873380719708
0.1132069173511827
0.1199783834564639
0.1159680616768213
0.1228694288409570
0.1187292060024599
0.1257604742254501
0.1214903503280985
0.1286515196099432
0.1242514946537371
0.1315425649944363
0.1270126389793757
0.1344336103789294
0.1297737833050143
0.1373246557634225
0.1325349276306529
0.1402157011479156
0.1352960719562915
0.1431067465324087
0.1380572162819301
0.1459977919169018
0.1408183606075687
0.1488888373013949
0.1435795049332073
0.1517798826858880
0.1463406492588459
0.1546709280703812
0.1491017935844845
0.1575619734548743
0.1518629379101231
0.1604530188393674
0.1546240822357617
0.1633440642238605
0.1573852265614003
0.1662351096083536
0.1601463708870389
0.1691261549928467
0.1629075152126775
0.1720172003773398
0.1656686595383161
0.1749082457618329
0.1684298038639547
0.1777992911463260
0.1711909481895933
0.1806903365308191
0.1739520925152319
0.1835813819153122
0.1767132368408705
0.1864724272998053
0.1794743811665091
0.1893634726842984
0.1822355254921477
0.0434120444167326
0.0425122621156291
0.0460430774116861
0.0450129834165484
0.0486741104066395
0.0475137047174678
0.0513051434015930
0.0500144260183872
0.0539361763965465
0.0525151473193065
0.0565672093915000
0.0550158686202259
0.0591982423864535
0.0575165899211453
0.0618292753814070
0.0600173112220646
0.0644603083763605
0.0625180325229840
0.0670913413713140
0.0650187538239033
0.0697223743662675
0.0675194751248227
0.0723534073612210
0.0700201964257420
0.0749844403561744
0.0725209177266614
0.0776154733511279
0.0750216390275808
0.0802465063460814
0.0775223603285001
0.0828775393410349
0.0800230816294195
0.0855085723359884
0.0825238029303388
0.0881396053309419
0.0850245242312582
0.0907706383258954
0.0875252455321775
0.0934016713208489
0.0900259668330969
0.0960327043158023
0.0925266881340163
0.0986637373107558
0.0950274094349356
0.1012947703057093
0.0975281307358550
0.1039258033006628
0.1000288520367743
0.1065568362956163
0.1025295733376937
0.1091878692905698
0.1050302946386130
0.1118189022855233
0.1075310159395324
0.1144499352804768
0.1100317372404518
0.1170809682754303
0.1125324585413711
0.1197120012703838
0.1150331798422905
0.1223430342653372
0.1175339011432099
0.1249740672602907
0.1200346224441292
0.1276051002552442
0.1225353437450486
0.1302361332501977
0.1250360650459679
0.1328671662451512
0.1275367863468873
0.1354981992401047
0.1300375076478066
0.1381292322350582
0.1325382289487260
0.1407602652300117
0.1350389502496454
0.1433912982249652
0.1375396715505647
0.1460223312199186
0.1400403928514841
0.1486533642148721
0.1425411141524034
0.1512843972098256
0.1450418354533228
0.1539154302047791
0.1475425567542421
0.1565464631997326
0.1500432780551615
0.1591774961946861
0.1525439993560809
0.1618085291896396
0.1550447206570002
0.1644395621845931
0.1575454419579196
0.1670705951795466
0.1600461632588389
0.1697016281745000
0.1625468845597583
0.1723326611694535
0.1650476058606777
0.0391086162600577
0.0380721210485361
0.0414788354273340
0.0403116575808029
0.0438490545946102
0.0425511941130698
0.0462192737618864
0.0447907306453366
0.0485894929291627
0.0470302671776034
0.0509597120964389
0.0492698037098703
0.0533299312637151
0.0515093402421371
0.0557001504309913
0.0537488767744039
0.0580703695982676
0.0559884133066708
0.0604405887655438
0.0582279498389376
0.0628108079328200
0.0604674863712044
0.0651810271000962
0.0627070229034713
0.0675512462673725
0.0649465594357381
0.0699214654346487
0.0671860959680049
0.0722916846019249
0.0694256325002718
0.0746619037692011
0.0716651690325386
0.0770321229364774
0.0739047055648054
0.0794023421037536
0.0761442420970722
0.0817725612710298
0.0783837786293391
0.0841427804383061
0.0806233151616059
0.0865129996055823
0.0828628516938727
0.0888832187728585
0.0851023882261396
0.0912534379401347
0.0873419247584064
0.0936236571074110
0.0895814612906732
0.0959938762746872
0.0918209978229401
0.0983640954419634
0.0940605343552069
0.1007343146092397
0.0963000708874737
0.1031045337765159
0.0985396074197406
0.1054747529437921
0.1007791439520074
0.1078449721110683
0.1030186804842742
0.1102151912783446
0.1052582170165410
0.1125854104456208
0.1074977535488079
0.1149556296128970
0.1097372900810747
0.1173258487801732
0.1119768266133415
0.1196960679474495
0.1142163631456084
0.1220662871147257
0.1164558996778752
0.1244365062820019
0.1186954362101420
0.1268067254492782
0.1209349727424089
0.1291769446165544
0.1231745092746757
0.1315471637838306
0.1254140458069425
0.1339173829511068
0.1276535823392093
0.1362876021183831
0.1298931188714762
0.1386578212856593
0.1321326554037430
0.1410280404529355
0.1343721919360098
0.1433982596202117
0.1366117284682767
0.1457684787874880
0.1388512650005435
0.1481386979547642
0.1410908015328103
0.1505089171220404
0.1433303380650772
0.1528791362893167
0.1455698745973440
0.1552493554565929
0.1478094111296108
0.0347932752400163
0.0336203828445587
0.0369019585878961
0.0355980524236504
0.0390106419357759
0.0375757220027421
0.0411193252836557
0.0395533915818338
0.0432280086315354
0.0415310611609255
0.0453366919794152
0.0435087307400172
0.0474453753272950
0.0454864003191089
0.0495540586751748
0.0474640698982006
0.0516627420230546
0.0494417394772923
0.0537714253709343
0.0514194090563840
0.0558801087188141
0.0533970786354756
0.0579887920666939
0.0553747482145673
0.0600974754145737
0.0573524177936590
0.0622061587624534
0.0593300873727507
0.0643148421103332
0.0613077569518424
0.0664235254582130
0.0632854265309341
0.0685322088060928
0.0652630961100258
0.0706408921539726
0.0672407656891175
0.0727495755018523
0.0692184352682092
0.0748582588497321
0.0711961048473009
0.0769669421976119
0.0731737744263925
0.0790756255454916
0.0751514440054842
0.0811843088933714
0.0771291135845759
0.0832929922412512
0.0791067831636676
0.0854016755891310
0.0810844527427593
0.0875103589370108
0.0830621223218510
0.0896190422848906
0.0850397919009427
0.0917277256327703
0.0870174614800344
0.0938364089806501
0.0889951310591261
0.0959450923285299
0.0909728006382178
0.0980537756764097
0.0929504702173095
0.1001624590242894
0.0949281397964011
0.1022711423721692
0.0969058093754928
0.1043798257200490
0.0988834789545845
0.1064885090679288
0.1008611485336762
0.1085971924158085
0.1028388181127679
0.1107058757636883
0.1048164876918596
0.1128145591115681
0.1067941572709513
0.1149232424594479
0.1087718268500430
0.1170319258073277
0.1107494964291347
0.1191406091552074
0.1127271660082264
0.1212492925030872
0.1147048355873180
0.1233579758509670
0.1166825051664097
0.1254666591988468
0.1186601747455014
0.1275753425467266
0.1206378443245931
0.1296840258946063
0.1226155139036848
0.1317927092424861
0.1245931834827765
0.1339013925903659
0.1265708530618682
0.1360100759382457
0.1285485226409599
0.1381187592861254
0.1305261922200516
0.0304673358512869
0.0291584035462790
0.0323138410543952
0.0308736037548837
0.0341603462575035
0.0325888039634884
0.0360068514606118
0.0343040041720930
0.0378533566637201
0.0360192043806976
0.0396998618668284
0.0377344045893023
0.0415463670699367
0.0394496047979069
0.0433928722730450
0.0411648050065116
0.0452393774761533
0.0428800052151162
0.0470858826792616
0.0445952054237209
0.0489323878823698
0.0463104056323255
0.0507788930854781
0.0480256058409302
0.0526253982885864
0.0497408060495348
0.0544719034916947
0.0514560062581395
0.0563184086948030
0.0531712064667441
0.0581649138979113
0.0548864066753488
0.0600114191010196
0.0566016068839534
0.0618579243041279
0.0583168070925581
0.0637044295072362
0.0600320073011627
0.0655509347103445
0.0617472075097674
0.0673974399134528
0.0634624077183720
0.0692439451165611
0.0651776079269767
0.0710904503196694
0.0668928081355813
0.0729369555227777
0.0686080083441860
0.0747834607258860
0.0703232085527906
0.0766299659289943
0.0720384087613953
0.0784764711321026
0.0737536089700000
0.0803229763352109
0.0754688091786046
0.0821694815383192
0.0771840093872092
0.0840159867414275
0.0788992095958139
0.0858624919445358
0.0806144098044185
0.0877089971476441
0.0823296100130232
0.0895555023507524
0.0840448102216278
0.0914020075538607
0.0857600104302325
0.0932485127569690
0.0874752106388371
0.0950950179600772
0.0891904108474418
0.0969415231631855
0.0909056110560464
0.0987880283662939
0.0926208112646511
0.1006345335694021
0.0943360114732557
0.1024810387725104
0.0960512116818604
0.1043275439756187
0.0977664118904650
0.1061740491787270
0.0994816120990697
0.1080205543818353
0.1011968123076743
0.1098670595849436
0.1029120125162790
0.1117135647880519
0.1046272127248837
0.1135600699911602
0.1063424129334883
0.1154065751942685
0.1080576131420929
0.1172530803973768
0.1097728133506976
0.1190995856004851
0.1114880135593022
0.1209460908035934
0.1132032137679069
0.0261321158169134
0.0246875423158154
0.0277158804118779
0.0261397506873339
0.0292996450068423
0.0275919590588525
0.0308834096018068
0.0290441674303710
0.0324671741967712
0.0304963758018896
0.0340509387917357
0.0319485841734081
0.0356347033867001
0.0334007925449267
0.0372184679816646
0.0348530009164452
0.0388022325766290
0.0363052092879638
0.0403859971715935
0.0377574176594823
0.0419697617665579
0.0392096260310009
0.0435535263615224
0.0406618344025194
0.0451372909564868
0.0421140427740380
0.0467210555514513
0.0435662511455565
0.0483048201464157
0.0450184595170751
0.0498885847413802
0.0464706678885936
0.0514723493363446
0.0479228762601122
0.0530561139313091
0.0493750846316307
0.0546398785262735
0.0508272930031493
0.0562236431212380
0.0522795013746678
0.0578074077162024
0.0537317097461864
0.0593911723111669
0.0551839181177049
0.0609749369061314
0.0566361264892235
0.0625587015010958
0.0580883348607420
0.0641424660960603
0.0595405432322606
0.0657262306910247
0.0609927516037791
0.0673099952859891
0.0624449599752977
0.0688937598809536
0.0638971683468162
0.0704775244759181
0.0653493767183348
0.0720612890708825
0.0668015850898533
0.0736450536658469
0.0682537934613719
0.0752288182608114
0.0697060018328904
0.0768125828557759
0.0711582102044090
0.0783963474507403
0.0726104185759275
0.0799801120457048
0.0740626269474461
0.0815638766406692
0.0755148353189646
0.0831476412356336
0.0769670436904832
0.0847314058305981
0.0784192520620017
0.0863151704255626
0.0798714604335203
0.0878989350205270
0.0813236688050388
0.0894826996154915
0.0827758771765574
0.0910664642104559
0.0842280855480760
0.0926502288054204
0.0856802939195945
0.0942339934003848
0.0871325022911131
0.0958177579953493
0.0885847106626316
0.0974015225903137
0.0900369190341502
0.0989852871852782
0.0914891274056687
0.1005690517802426
0.0929413357771873
0.1021528163752071
0.0943935441487058
0.1037365809701715
0.0958457525202244
0.0217889356869145
0.0202091610208086
0.0231094772436972
0.0213979351985032
0.0244300188004799
0.0225867093761978
0.0257505603572626
0.0237754835538924
0.0270711019140453
0.0249642577315871
0.0283916434708280
0.0261530319092817
0.0297121850276107
0.0273418060869763
0.0310327265843935
0.0285305802646709
0.0323532681411761
0.0297193544423656
0.0336738096979588
0.0309081286200602
0.0349943512547415
0.0320969027977548
0.0363148928115243
0.0332856769754494
0.0376354343683069
0.0344744511531440
0.0389559759250896
0.0356632253308387
0.0402765174818724
0.0368519995085333
0.0415970590386551
0.0380407736862279
0.0429176005954377
0.0392295478639225
0.0442381421522204
0.0404183220416172
0.0455586837090031
0.0416070962193118
0.0468792252657858
0.0427958703970064
0.0481997668225685
0.0439846445747010
0.0495203083793512
0.0451734187523956
0.0508408499361339
0.0463621929300903
0.0521613914929166
0.0475509671077849
0.0534819330496993
0.0487397412854795
0.0548024746064820
0.0499285154631741
0.0561230161632647
0.0511172896408688
0.0574435577200475
0.0523060638185634
0.0587640992768301
0.0534948379962580
0.0600846408336128
0.0546836121739526
0.0614051823903956
0.0558723863516472
0.0627257239471782
0.0570611605293419
0.0640462655039609
0.0582499347070365
0.0653668070607436
0.0594387088847311
0.0666873486175263
0.0606274830624257
0.0680078901743090
0.0618162572401204
0.0693284317310917
0.0630050314178150
0.0706489732878745
0.0641938055955096
0.0719695148446571
0.0653825797732042
0.0732900564014398
0.0665713539508988
0.0746105979582225
0.0677601281285935
0.0759311395150052
0.0689489023062881
0.0772516810717879
0.0701376764839827
0.0785722226285706
0.0713264506616773
0.0798927641853533
0.0725152248393720
0.0812133057421360
0.0737039990170666
0.0825338472989187
0.0748927731947612
0.0838543888557014
0.0760815473724558
0.0851749304124841
0.0772703215501504
0.0864954719692668
0.0784590957278451
0.0174391184360314
0.0157246238195844
0.0184960347048818
0.0166496016913247
0.0195529509737322
0.0175745795630650
0.0206098672425825
0.0184995574348052
0.0216667835114329
0.0194245353065455
0.0227236997802833
0.0203495131782857
0.0237806160491337
0.0212744910500260
0.0248375323179841
0.0221994689217663
0.0258944485868345
0.0231244467935065
0.0269513648556849
0.0240494246652468
0.0280082811245352
0.0249744025369870
0.0290651973933856
0.0258993804087273
0.0301221136622360
0.0268243582804676
0.0311790299310864
0.0277493361522078
0.0322359461999368
0.0286743140239481
0.0332928624687872
0.0295992918956883
0.0343497787376376
0.0305242697674286
0.0354066950064880
0.0314492476391689
0.0364636112753383
0.0323742255109091
0.0375205275441887
0.0332992033826494
0.0385774438130391
0.0342241812543896
0.0396343600818895
0.0351491591261299
0.0406912763507399
0.0360741369978702
0.0417481926195903
0.0369991148696104
0.0428051088884407
0.0379240927413507
0.0438620251572910
0.0388490706130909
0.0449189414261414
0.0397740484848312
0.0459758576949918
0.0406990263565715
0.0470327739638422
0.0416240042283117
0.0480896902326926
0.0425489821000520
0.0491466065015430
0.0434739599717922
0.0502035227703934
0.0443989378435325
0.0512604390392438
0.0453239157152728
0.0523173553080941
0.0462488935870130
0.0533742715769445
0.0471738714587533
0.0544311878457949
0.0480988493304935
0.0554881041146453
0.0490238272022338
0.0565450203834957
0.0499488050739741
0.0576019366523461
0.0508737829457143
0.0586588529211965
0.0517987608174546
0.0597157691900469
0.0527237386891948
0.0607726854588972
0.0536487165609351
0.0618296017277476
0.0545736944326754
0.0628865179965980
0.0554986723044156
0.0639434342654484
0.0564236501761559
0.0650003505342988
0.0573486280478962
0.0660572668031492
0.0582736059196364
0.0671141830719996
0.0591985837913767
0.0681710993408499
0.0601235616631169
0.0692280156097003
0.0610485395348572
0.0130839890607360
0.0112352967456169
0.0138769580947199
0.0118961965541826
0.0146699271287039
0.0125570963627483
0.0154628961626879
0.0132179961713140
0.0162558651966719
0.0138788959798797
0.0170488342306559
0.0145397957884454
0.0178418032646399
0.0152006955970111
0.0186347722986239
0.0158615954055768
0.0194277413326079
0.0165224952141425
0.0202207103665919
0.0171833950227081
0.0210136794005759
0.0178442948312738
0.0218066484345599
0.0185051946398395
0.0225996174685439
0.0191660944484052
0.0233925865025279
0.0198269942569709
0.0241855555365119
0.0204878940655366
0.0249785245704959
0.0211487938741023
0.0257714936044799
0.0218096936826680
0.0265644626384639
0.0224705934912337
0.0273574316724479
0.0231314932997994
0.0281504007064319
0.0237923931083651
0.0289433697404159
0.0244532929169308
0.0297363387743999
0.0251141927254965
0.0305293078083839
0.0257750925340622
0.0313222768423679
0.0264359923426279
0.0321152458763519
0.0270968921511936
0.0329082149103359
0.0277577919597593
0.0337011839443199
0.0284186917683250
0.0344941529783039
0.0290795915768907
0.0352871220122879
0.0297404913854564
0.0360800910462719
0.0304013911940221
0.0368730600802559
0.0310622910025878
0.0376660291142399
0.0317231908111535
0.0384589981482239
0.0323840906197192
0.0392519671822079
0.0330449904282849
0.0400449362161919
0.0337058902368506
0.0408379052501758
0.0343667900454163
0.0416308742841598
0.0350276898539820
0.0424238433181438
0.0356885896625477
0.0432168123521278
0.0363494894711134
0.0440097813861118
0.0370103892796791
0.0448027504200958
0.0376712890882448
0.0455957194540798
0.0383321888968105
0.0463886884880638
0.0389930887053762
0.0471816575220478
0.0396539885139419
0.0479746265560318
0.0403148883225076
0.0487675955900158
0.0409757881310733
0.0495605646239998
0.0416366879396390
0.0503535336579838
0.0422975877482047
0.0511465026919678
0.0429584875567704
0.0519394717259518
0.0436193873653361
0.0087248741756253
0.0067425472914219
0.0092536544286935
0.0071391677203291
0.0097824346817617
0.0075357881492363
0.0103112149348299
0.0079324085781435
0.0108399951878981
0.0083290290070506
0.0113687754409663
0.0087256494359578
0.0118975556940345
0.0091222698648650
0.0124263359471027
0.0095188902937722
0.0129551162001709
0.0099155107226793
0.0134838964532391
0.0103121311515865
0.0140126767063073
0.0107087515804937
0.0145414569593755
0.0111053720094008
0.0150702372124437
0.0115019924383080
0.0155990174655119
0.0118986128672152
0.0161277977185801
0.0122952332961224
0.0166565779716483
0.0126918537250295
0.0171853582247165
0.0130884741539367
0.0177141384777847
0.0134850945828439
0.0182429187308529
0.0138817150117511
0.0187716989839211
0.0142783354406582
0.0193004792369893
0.0146749558695654
0.0198292594900575
0.0150715762984726
0.0203580397431257
0.0154681967273798
0.0208868199961939
0.0158648171562869
0.0214156002492621
0.0162614375851941
0.0219443805023303
0.0166580580141013
0.0224731607553985
0.0170546784430084
0.0230019410084667
0.0174512988719156
0.0235307212615349
0.0178479193008228
0.0240595015146031
0.0182445397297300
0.0245882817676713
0.0186411601586371
0.0251170620207395
0.0190377805875443
0.0256458422738077
0.0194344010164515
0.0261746225268759
0.0198310214453587
0.0267034027799441
0.0202276418742658
0.0272321830330123
0.0206242623031730
0.0277609632860805
0.0210208827320802
0.0282897435391487
0.0214175031609873
0.0288185237922169
0.0218141235898945
0.0293473040452851
0.0222107440188017
0.0298760842983533
0.0226073644477089
0.0304048645514215
0.0230039848766160
0.0309336448044896
0.0234006053055232
0.0314624250575578
0.0237972257344304
0.0319912053106260
0.0241938461633376
0.0325199855636942
0.0245904665922447
0.0330487658167625
0.0249870870211519
0.0335775460698306
0.0253837074500591
0.0341063263228988
0.0257803278789662
0.0346351065759670
0.0261769483078734
0.0043631016093209
0.0022477439920054
0.0046275320098858
0.0023799642268293
0.0048919624104507
0.0025121844616531
0.0051563928110156
0.0026444046964770
0.0054208232115805
0.0027766249313008
0.0056852536121454
0.0029088451661247
0.0059496840127103
0.0030410654009485
0.0062141144132752
0.0031732856357723
0.0064785448138401
0.0033055058705962
0.0067429752144050
0.0034377261054200
0.0070074056149699
0.0035699463402439
0.0072718360155348
0.0037021665750677
0.0075362664160997
0.0038343868098916
0.0078006968166646
0.0039666070447154
0.0080651272172295
0.0040988272795393
0.0083295576177944
0.0042310475143631
0.0085939880183593
0.0043632677491870
0.0088584184189242
0.0044954879840108
0.0091228488194891
0.0046277082188347
0.0093872792200540
0.0047599284536585
0.0096517096206189
0.0048921486884824
0.0099161400211838
0.0050243689233062
0.0101805704217487
0.0051565891581301
0.0104450008223136
0.0052888093929539
0.0107094312228785
0.0054210296277778
0.0109738616234434
0.0055532498626016
0.0112382920240083
0.0056854700974255
0.0115027224245732
0.0058176903322493
0.0117671528251381
0.0059499105670732
0.0120315832257030
0.0060821308018970
0.0122960136262679
0.0062143510367209
0.0125604440268328
0.0063465712715447
0.0128248744273977
0.0064787915063685
0.0130893048279626
0.0066110117411924
0.0133537352285275
0.0067432319760162
0.0136181656290924
0.0068754522108401
0.0138825960296573
0.0070076724456639
0.0141470264302222
0.0071398926804878
0.0144114568307871
0.0072721129153116
0.0146758872313520
0.0074043331501355
0.0149403176319169
0.0075365533849593
0.0152047480324818
0.0076687736197832
0.0154691784330467
0.0078009938546070
0.0157336088336116
0.0079332140894309
0.0159980392341765
0.0080654343242547
0.0162624696347414
0.0081976545590786
0.0165269000353063
0.0083298747939024
0.0167913304358712
0.0084620950287263
0.0170557608364361
0.0085943152635501
0.0173201912370010
0.0087265354983740
0.0000000000000000
-0.0022477439920054
0.0000000000000000
-0.0023799642268292
0.0000000000000000
-0.0025121844616530
0.0000000000000000
-0.0026444046964769
0.0000000000000000
-0.0027766249313007
0.0000000000000000
-0.0029088451661246
0.0000000000000000
-0.0030410654009484
0.0000000000000000
-0.0031732856357723
0.0000000000000000
-0.0033055058705961
0.0000000000000000
-0.0034377261054199
0.0000000000000000
-0.0035699463402438
0.0000000000000001
-0.0037021665750676
0.0000000000000001
-0.0038343868098915
0.0000000000000001
-0.0039666070447153
0.0000000000000001
-0.0040988272795392
0.0000000000000001
-0.0042310475143630
0.0000000000000001
-0.0043632677491869
0.0000000000000001
-0.0044954879840107
0.0000000000000001
-0.0046277082188345
0.0000000000000001
-0.0047599284536584
0.0000000000000001
-0.0048921486884822
0.0000000000000001
-0.0050243689233061
0.0000000000000001
-0.0051565891581299
0.0000000000000001
-0.0052888093929538
0.0000000000000001
-0.0054210296277776
0.0000000000000001
-0.0055532498626015
0.0000000000000001
-0.0056854700974253
0.0000000000000001
-0.0058176903322491
0.0000000000000001
-0.0059499105670730
0.0000000000000001
-0.0060821308018968
0.0000000000000001
-0.0062143510367207
0.0000000000000001
-0.0063465712715445
0.0000000000000001
-0.0064787915063684
0.0000000000000001
-0.0066110117411922
0.0000000000000001
-0.0067432319760161
0.0000000000000001
-0.0068754522108399
0.0000000000000001
-0.0070076724456637
0.0000000000000001
-0.0071398926804876
0.0000000000000001
-0.0072721129153114
0.0000000000000001
-0.0074043331501353
0.0000000000000001
-0.0075365533849591
0.0000000000000001
-0.0076687736197830
0.0000000000000001
-0.0078009938546068
0.0000000000000001
-0.0079332140894306
0.0000000000000001
-0.0080654343242545
0.0000000000000001
-0.0081976545590783
0.0000000000000001
-0.0083298747939022
0.0000000000000001
-0.0084620950287260
0.0000000000000001
-0.0085943152635499
0.0000000000000001
-0.0087265354983737
-0.0043631016093209
-0.0067425472914219
-0.0046275320098858
-0.0071391677203290
-0.0048919624104507
-0.0075357881492362
-0.0051563928110156
-0.0079324085781434
-0.0054208232115805
-0.0083290290070506
-0.0056852536121454
-0.0087256494359577
-0.0059496840127103
-0.0091222698648649
-0.0062141144132752
-0.0095188902937721
-0.0064785448138401
-0.0099155107226792
-0.0067429752144050
-0.0103121311515864
-0.0070074056149699
-0.0107087515804936
-0.0072718360155348
-0.0111053720094007
-0.0075362664160998
-0.0115019924383079
-0.0078006968166647
-0.0118986128672151
-0.0080651272172296
-0.0122952332961223
-0.0083295576177945
-0.0126918537250294
-0.0085939880183594
-0.0130884741539366
-0.0088584184189243
-0.0134850945828438
-0.0091228488194892
-0.0138817150117509
-0.0093872792200541
-0.0142783354406581
-0.0096517096206190
-0.0146749558695653
-0.0099161400211839
-0.0150715762984724
-0.0101805704217488
-0.0154681967273796
-0.0104450008223137
-0.0158648171562868
-0.0107094312228786
-0.0162614375851939
-0.0109738616234435
-0.0166580580141011
-0.0112382920240084
-0.0170546784430083
-0.0115027224245733
-0.0174512988719155
-0.0117671528251382
-0.0178479193008226
-0.0120315832257031
-0.0182445397297298
-0.0122960136262680
-0.0186411601586370
-0.0125604440268329
-0.0190377805875441
-0.0128248744273978
-0.0194344010164513
-0.0130893048279627
-0.0198310214453585
-0.0133537352285276
-0.0202276418742656
-0.0136181656290925
-0.0206242623031728
-0.0138825960296574
-0.0210208827320800
-0.0141470264302223
-0.0214175031609871
-0.0144114568307872
-0.0218141235898943
-0.0146758872313521
-0.0222107440188015
-0.0149403176319171
-0.0226073644477087
-0.0152047480324820
-0.0230039848766158
-0.0154691784330469
-0.0234006053055230
-0.0157336088336118
-0.0237972257344302
-0.0159980392341767
-0.0241938461633373
-0.0162624696347416
-0.0245904665922445
-0.0165269000353065
-0.0249870870211517
-0.0167913304358714
-0.0253837074500588
-0.0170557608364363
-0.0257803278789660
-0.0173201912370012
-0.0261769483078732
-0.0087248741756252
-0.0112352967456168
-0.0092536544286934
-0.0118961965541825
-0.0097824346817616
-0.0125570963627482
-0.0103112149348298
-0.0132179961713139
-0.0108399951878980
-0.0138788959798796
-0.0113687754409662
-0.0145397957884453
-0.0118975556940344
-0.0152006955970110
-0.0124263359471026
-0.0158615954055767
-0.0129551162001708
-0.0165224952141424
-0.0134838964532390
-0.0171833950227081
-0.0140126767063072
-0.0178442948312737
-0.0145414569593754
-0.0185051946398394
-0.0150702372124436
-0.0191660944484051
-0.0155990174655118
-0.0198269942569708
-0.0161277977185800
-0.0204878940655365
-0.0166565779716482
-0.0211487938741022
-0.0171853582247164
-0.0218096936826679
-0.0177141384777845
-0.0224705934912336
-0.0182429187308527
-0.0231314932997993
-0.0187716989839209
-0.0237923931083650
-0.0193004792369891
-0.0244532929169307
-0.0198292594900573
-0.0251141927254964
-0.0203580397431255
-0.0257750925340621
-0.0208868199961937
-0.0264359923426278
-0.0214156002492619
-0.0270968921511935
-0.0219443805023301
-0.0277577919597592
-0.0224731607553983
-0.0284186917683249
-0.0230019410084665
-0.0290795915768906
-0.0235307212615347
-0.0297404913854562
-0.0240595015146029
-0.0304013911940219
-0.0245882817676711
-0.0310622910025876
-0.0251170620207393
-0.0317231908111533
-0.0256458422738075
-0.0323840906197190
-0.0261746225268757
-0.0330449904282847
-0.0267034027799439
-0.0337058902368504
-0.0272321830330121
-0.0343667900454161
-0.0277609632860803
-0.0350276898539818
-0.0282897435391485
-0.0356885896625475
-0.0288185237922167
-0.0363494894711132
-0.0293473040452848
-0.0370103892796789
-0.0298760842983530
-0.0376712890882446
-0.0304048645514212
-0.0383321888968103
-0.0309336448044894
-0.0389930887053760
-0.0314624250575576
-0.0396539885139417
-0.0319912053106258
-0.0403148883225074
-0.0325199855636940
-0.0409757881310731
-0.0330487658167622
-0.0416366879396387
-0.0335775460698304
-0.0422975877482044
-0.0341063263228986
-0.0429584875567701
-0.0346351065759668
-0.0436193873653358
-0.0130839890607359
-0.0157246238195842
-0.0138769580947199
-0.0166496016913245
-0.0146699271287039
-0.0175745795630648
-0.0154628961626879
-0.0184995574348050
-0.0162558651966719
-0.0194245353065453
-0.0170488342306559
-0.0203495131782855
-0.0178418032646399
-0.0212744910500258
-0.0186347722986238
-0.0221994689217660
-0.0194277413326078
-0.0231244467935063
-0.0202207103665918
-0.0240494246652465
-0.0210136794005758
-0.0249744025369867
-0.0218066484345598
-0.0258993804087270
-0.0225996174685438
-0.0268243582804672
-0.0233925865025278
-0.0277493361522075
-0.0241855555365118
-0.0286743140239477
-0.0249785245704958
-0.0295992918956880
-0.0257714936044798
-0.0305242697674282
-0.0265644626384638
-0.0314492476391685
-0.0273574316724478
-0.0323742255109087
-0.0281504007064318
-0.0332992033826490
-0.0289433697404158
-0.0342241812543892
-0.0297363387743998
-0.0351491591261295
-0.0305293078083837
-0.0360741369978698
-0.0313222768423677
-0.0369991148696100
-0.0321152458763517
-0.0379240927413503
-0.0329082149103357
-0.0388490706130905
-0.0337011839443197
-0.0397740484848308
-0.0344941529783037
-0.0406990263565710
-0.0352871220122877
-0.0416240042283113
-0.0360800910462717
-0.0425489821000515
-0.0368730600802557
-0.0434739599717918
-0.0376660291142397
-0.0443989378435320
-0.0384589981482237
-0.0453239157152723
-0.0392519671822077
-0.0462488935870125
-0.0400449362161917
-0.0471738714587528
-0.0408379052501757
-0.0480988493304930
-0.0416308742841597
-0.0490238272022332
-0.0424238433181436
-0.0499488050739735
-0.0432168123521276
-0.0508737829457137
-0.0440097813861116
-0.0517987608174540
-0.0448027504200956
-0.0527237386891942
-0.0455957194540796
-0.0536487165609345
-0.0463886884880636
-0.0545736944326747
-0.0471816575220476
-0.0554986723044150
-0.0479746265560316
-0.0564236501761553
-0.0487675955900156
-0.0573486280478955
-0.0495605646239996
-0.0582736059196357
-0.0503535336579836
-0.0591985837913760
-0.0511465026919676
-0.0601235616631162
-0.0519394717259516
-0.0610485395348565
-0.0174391184360313
-0.0202091610208085
-0.0184960347048817
-0.0213979351985031
-0.0195529509737321
-0.0225867093761978
-0.0206098672425825
-0.0237754835538924
-0.0216667835114328
-0.0249642577315870
-0.0227236997802832
-0.0261530319092816
-0.0237806160491336
-0.0273418060869762
-0.0248375323179840
-0.0285305802646708
-0.0258944485868344
-0.0297193544423655
-0.0269513648556848
-0.0309081286200601
-0.0280082811245351
-0.0320969027977547
-0.0290651973933855
-0.0332856769754493
-0.0301221136622359
-0.0344744511531439
-0.0311790299310863
-0.0356632253308386
-0.0322359461999367
-0.0368519995085332
-0.0332928624687871
-0.0380407736862278
-0.0343497787376374
-0.0392295478639224
-0.0354066950064878
-0.0404183220416170
-0.0364636112753382
-0.0416070962193116
-0.0375205275441886
-0.0427958703970063
-0.0385774438130390
-0.0439846445747009
-0.0396343600818894
-0.0451734187523955
-0.0406912763507397
-0.0463621929300901
-0.0417481926195901
-0.0475509671077847
-0.0428051088884405
-0.0487397412854794
-0.0438620251572909
-0.0499285154631740
-0.0449189414261413
-0.0511172896408686
-0.0459758576949917
-0.0523060638185632
-0.0470327739638420
-0.0534948379962578
-0.0480896902326924
-0.0546836121739525
-0.0491466065015428
-0.0558723863516471
-0.0502035227703932
-0.0570611605293417
-0.0512604390392436
-0.0582499347070363
-0.0523173553080940
-0.0594387088847309
-0.0533742715769443
-0.0606274830624255
-0.0544311878457947
-0.0618162572401202
-0.0554881041146451
-0.0630050314178148
-0.0565450203834955
-0.0641938055955094
-0.0576019366523459
-0.0653825797732040
-0.0586588529211963
-0.0665713539508986
-0.0597157691900466
-0.0677601281285932
-0.0607726854588970
-0.0689489023062879
-0.0618296017277474
-0.0701376764839825
-0.0628865179965978
-0.0713264506616771
-0.0639434342654482
-0.0725152248393717
-0.0650003505342986
-0.0737039990170664
-0.0660572668031489
-0.0748927731947610
-0.0671141830719993
-0.0760815473724556
-0.0681710993408497
-0.0772703215501502
-0.0692280156097001
-0.0784590957278448
-0.0217889356869145
-0.0246875423158152
-0.0231094772436972
-0.0261397506873337
-0.0244300188004799
-0.0275919590588523
-0.0257505603572626
-0.0290441674303708
-0.0270711019140453
-0.0304963758018893
-0.0283916434708280
-0.0319485841734079
-0.0297121850276107
-0.0334007925449264
-0.0310327265843934
-0.0348530009164450
-0.0323532681411761
-0.0363052092879635
-0.0336738096979588
-0.0377574176594820
-0.0349943512547414
-0.0392096260310006
-0.0363148928115241
-0.0406618344025191
-0.0376354343683068
-0.0421140427740377
-0.0389559759250895
-0.0435662511455562
-0.0402765174818722
-0.0450184595170748
-0.0415970590386549
-0.0464706678885933
-0.0429176005954376
-0.0479228762601118
-0.0442381421522203
-0.0493750846316304
-0.0455586837090030
-0.0508272930031489
-0.0468792252657857
-0.0522795013746674
-0.0481997668225684
-0.0537317097461860
-0.0495203083793511
-0.0551839181177045
-0.0508408499361338
-0.0566361264892231
-0.0521613914929165
-0.0580883348607416
-0.0534819330496992
-0.0595405432322602
-0.0548024746064819
-0.0609927516037787
-0.0561230161632646
-0.0624449599752972
-0.0574435577200473
-0.0638971683468158
-0.0587640992768300
-0.0653493767183343
-0.0600846408336127
-0.0668015850898529
-0.0614051823903954
-0.0682537934613714
-0.0627257239471781
-0.0697060018328899
-0.0640462655039608
-0.0711582102044085
-0.0653668070607435
-0.0726104185759270
-0.0666873486175261
-0.0740626269474456
-0.0680078901743088
-0.0755148353189641
-0.0693284317310915
-0.0769670436904826
-0.0706489732878742
-0.0784192520620012
-0.0719695148446569
-0.0798714604335197
-0.0732900564014396
-0.0813236688050383
-0.0746105979582223
-0.0827758771765568
-0.0759311395150050
-0.0842280855480753
-0.0772516810717877
-0.0856802939195939
-0.0785722226285704
-0.0871325022911124
-0.0798927641853531
-0.0885847106626310
-0.0812133057421358
-0.0900369190341495
-0.0825338472989185
-0.0914891274056680
-0.0838543888557012
-0.0929413357771866
-0.0851749304124839
-0.0943935441487051
-0.0864954719692666
-0.0958457525202237
-0.0261321158169134
-0.0291584035462790
-0.0277158804118778
-0.0308736037548836
-0.0292996450068423
-0.0325888039634883
-0.0308834096018067
-0.0343040041720929
-0.0324671741967712
-0.0360192043806976
-0.0340509387917356
-0.0377344045893022
-0.0356347033867001
-0.0394496047979069
-0.0372184679816645
-0.0411648050065115
-0.0388022325766290
-0.0428800052151162
-0.0403859971715934
-0.0445952054237208
-0.0419697617665578
-0.0463104056323254
-0.0435535263615223
-0.0480256058409301
-0.0451372909564867
-0.0497408060495347
-0.0467210555514512
-0.0514560062581394
-0.0483048201464156
-0.0531712064667440
-0.0498885847413801
-0.0548864066753487
-0.0514723493363445
-0.0566016068839533
-0.0530561139313090
-0.0583168070925580
-0.0546398785262734
-0.0600320073011626
-0.0562236431212379
-0.0617472075097673
-0.0578074077162023
-0.0634624077183719
-0.0593911723111668
-0.0651776079269765
-0.0609749369061312
-0.0668928081355812
-0.0625587015010957
-0.0686080083441858
-0.0641424660960601
-0.0703232085527905
-0.0657262306910246
-0.0720384087613951
-0.0673099952859890
-0.0737536089699998
-0.0688937598809534
-0.0754688091786044
-0.0704775244759179
-0.0771840093872091
-0.0720612890708823
-0.0788992095958137
-0.0736450536658468
-0.0806144098044184
-0.0752288182608112
-0.0823296100130230
-0.0768125828557757
-0.0840448102216277
-0.0783963474507401
-0.0857600104302323
-0.0799801120457046
-0.0874752106388369
-0.0815638766406690
-0.0891904108474416
-0.0831476412356335
-0.0909056110560462
-0.0847314058305979
-0.0926208112646509
-0.0863151704255624
-0.0943360114732555
-0.0878989350205268
-0.0960512116818602
-0.0894826996154913
-0.0977664118904648
-0.0910664642104557
-0.0994816120990695
-0.0926502288054201
-0.1011968123076741
-0.0942339934003846
-0.1029120125162788
-0.0958177579953490
-0.1046272127248834
-0.0974015225903135
-0.1063424129334881
-0.0989852871852779
-0.1080576131420927
-0.1005690517802424
-0.1097728133506973
-0.1021528163752068
-0.1114880135593020
-0.1037365809701713
-0.1132032137679066
-0.0304673358512868
-0.0336203828445587
-0.0323138410543951
-0.0355980524236504
-0.0341603462575034
-0.0375757220027420
-0.0360068514606117
-0.0395533915818337
-0.0378533566637200
-0.0415310611609254
-0.0396998618668283
-0.0435087307400171
-0.0415463670699366
-0.0454864003191088
-0.0433928722730449
-0.0474640698982005
-0.0452393774761532
-0.0494417394772922
-0.0470858826792615
-0.0514194090563839
-0.0489323878823697
-0.0533970786354755
-0.0507788930854780
-0.0553747482145672
-0.0526253982885863
-0.0573524177936589
-0.0544719034916946
-0.0593300873727506
-0.0563184086948029
-0.0613077569518423
-0.0581649138979112
-0.0632854265309340
-0.0600114191010195
-0.0652630961100257
-0.0618579243041278
-0.0672407656891173
-0.0637044295072361
-0.0692184352682090
-0.0655509347103444
-0.0711961048473007
-0.0673974399134527
-0.0731737744263924
-0.0692439451165610
-0.0751514440054841
-0.0710904503196693
-0.0771291135845758
-0.0729369555227776
-0.0791067831636675
-0.0747834607258858
-0.0810844527427592
-0.0766299659289941
-0.0830621223218508
-0.0784764711321024
-0.0850397919009425
-0.0803229763352107
-0.0870174614800342
-0.0821694815383190
-0.0889951310591259
-0.0840159867414273
-0.0909728006382176
-0.0858624919445356
-0.0929504702173093
-0.0877089971476439
-0.0949281397964010
-0.0895555023507522
-0.0969058093754926
-0.0914020075538605
-0.0988834789545843
-0.0932485127569688
-0.1008611485336760
-0.0950950179600771
-0.1028388181127677
-0.0969415231631854
-0.1048164876918594
-0.0987880283662937
-0.1067941572709511
-0.1006345335694020
-0.1087718268500428
-0.1024810387725102
-0.1107494964291345
-0.1043275439756185
-0.1127271660082261
-0.1061740491787268
-0.1147048355873178
-0.1080205543818351
-0.1166825051664095
-0.1098670595849434
-0.1186601747455012
-0.1117135647880517
-0.1206378443245929
-0.1135600699911600
-0.1226155139036846
-0.1154065751942683
-0.1245931834827763
-0.1172530803973766
-0.1265708530618680
-0.1190995856004849
-0.1285485226409596
-0.1209460908035932
-0.1305261922200513
-0.0347932752400164
-0.0380721210485361
-0.0369019585878962
-0.0403116575808029
-0.0390106419357759
-0.0425511941130697
-0.0411193252836557
-0.0447907306453365
-0.0432280086315355
-0.0470302671776034
-0.0453366919794153
-0.0492698037098702
-0.0474453753272951
-0.0515093402421370
-0.0495540586751748
-0.0537488767744039
-0.0516627420230546
-0.0559884133066707
-0.0537714253709344
-0.0582279498389375
-0.0558801087188142
-0.0604674863712043
-0.0579887920666940
-0.0627070229034712
-0.0600974754145737
-0.0649465594357380
-0.0622061587624535
-0.0671860959680048
-0.0643148421103333
-0.0694256325002716
-0.0664235254582131
-0.0716651690325385
-0.0685322088060929
-0.0739047055648053
-0.0706408921539727
-0.0761442420970721
-0.0727495755018524
-0.0783837786293390
-0.0748582588497322
-0.0806233151616058
-0.0769669421976120
-0.0828628516938726
-0.0790756255454918
-0.0851023882261394
-0.0811843088933716
-0.0873419247584063
-0.0832929922412513
-0.0895814612906731
-0.0854016755891311
-0.0918209978229399
-0.0875103589370109
-0.0940605343552067
-0.0896190422848907
-0.0963000708874736
-0.0917277256327705
-0.0985396074197404
-0.0938364089806503
-0.1007791439520072
-0.0959450923285300
-0.1030186804842741
-0.0980537756764098
-0.1052582170165409
-0.1001624590242896
-0.1074977535488077
-0.1022711423721694
-0.1097372900810745
-0.1043798257200491
-0.1119768266133414
-0.1064885090679289
-0.1142163631456082
-0.1085971924158087
-0.1164558996778750
-0.1107058757636885
-0.1186954362101418
-0.1128145591115683
-0.1209349727424087
-0.1149232424594480
-0.1231745092746755
-0.1170319258073278
-0.1254140458069423
-0.1191406091552076
-0.1276535823392091
-0.1212492925030874
-0.1298931188714760
-0.1233579758509672
-0.1321326554037428
-0.1254666591988469
-0.1343721919360096
-0.1275753425467267
-0.1366117284682765
-0.1296840258946065
-0.1388512650005433
-0.1317927092424863
-0.1410908015328101
-0.1339013925903661
-0.1433303380650769
-0.1360100759382459
-0.1455698745973438
-0.1381187592861256
-0.1478094111296106
-0.0391086162600577
-0.0425122621156290
-0.0414788354273339
-0.0450129834165484
-0.0438490545946101
-0.0475137047174677
-0.0462192737618864
-0.0500144260183871
-0.0485894929291626
-0.0525151473193065
-0.0509597120964388
-0.0550158686202258
-0.0533299312637150
-0.0575165899211452
-0.0557001504309912
-0.0600173112220645
-0.0580703695982675
-0.0625180325229839
-0.0604405887655437
-0.0650187538239032
-0.0628108079328199
-0.0675194751248226
-0.0651810271000961
-0.0700201964257419
-0.0675512462673724
-0.0725209177266613
-0.0699214654346486
-0.0750216390275807
-0.0722916846019248
-0.0775223603285000
-0.0746619037692010
-0.0800230816294194
-0.0770321229364773
-0.0825238029303387
-0.0794023421037535
-0.0850245242312581
-0.0817725612710297
-0.0875252455321774
-0.0841427804383059
-0.0900259668330968
-0.0865129996055821
-0.0925266881340161
-0.0888832187728584
-0.0950274094349355
-0.0912534379401346
-0.0975281307358549
-0.0936236571074108
-0.1000288520367742
-0.0959938762746870
-0.1025295733376936
-0.0983640954419633
-0.1050302946386129
-0.1007343146092395
-0.1075310159395323
-0.1031045337765157
-0.1100317372404516
-0.1054747529437919
-0.1125324585413710
-0.1078449721110682
-0.1150331798422903
-0.1102151912783444
-0.1175339011432097
-0.1125854104456206
-0.1200346224441290
-0.1149556296128968
-0.1225353437450484
-0.1173258487801730
-0.1250360650459678
-0.1196960679474493
-0.1275367863468871
-0.1220662871147255
-0.1300375076478064
-0.1244365062820017
-0.1325382289487258
-0.1268067254492780
-0.1350389502496452
-0.1291769446165542
-0.1375396715505645
-0.1315471637838304
-0.1400403928514839
-0.1339173829511066
-0.1425411141524032
-0.1362876021183828
-0.1450418354533226
-0.1386578212856591
-0.1475425567542419
-0.1410280404529353
-0.1500432780551613
-0.1433982596202115
-0.1525439993560807
-0.1457684787874877
-0.1550447206570000
-0.1481386979547639
-0.1575454419579194
-0.1505089171220402
-0.1600461632588387
-0.1528791362893164
-0.1625468845597581
-0.1552493554565926
-0.1650476058606774
-0.0434120444167326
-0.0469394535358562
-0.0460430774116861
-0.0497005978614948
-0.0486741104066396
-0.0524617421871334
-0.0513051434015931
-0.0552228865127720
-0.0539361763965466
-0.0579840308384106
-0.0565672093915001
-0.0607451751640492
-0.0591982423864536
-0.0635063194896878
-0.0618292753814071
-0.0662674638153264
-0.0644603083763605
-0.0690286081409650
-0.0670913413713140
-0.0717897524666035
-0.0697223743662675
-0.0745508967922421
-0.0723534073612210
-0.0773120411178807
-0.0749844403561745
-0.0800731854435193
-0.0776154733511280
-0.0828343297691579
-0.0802465063460815
-0.0855954740947966
-0.0828775393410350
-0.0883566184204351
-0.0855085723359885
-0.0911177627460737
-0.0881396053309420
-0.0938789070717123
-0.0907706383258955
-0.0966400513973509
-0.0934016713208490
-0.0994011957229895
-0.0960327043158025
-0.1021623400486281
-0.0986637373107559
-0.1049234843742667
-0.1012947703057095
-0.1076846286999053
-0.1039258033006629
-0.1104457730255439
-0.1065568362956164
-0.1132069173511825
-0.1091878692905699
-0.1159680616768211
-0.1118189022855234
-0.1187292060024597
-0.1144499352804769
-0.1214903503280983
-0.1170809682754304
-0.1242514946537369
-0.1197120012703839
-0.1270126389793755
-0.1223430342653374
-0.1297737833050141
-0.1249740672602909
-0.1325349276306527
-0.1276051002552444
-0.1352960719562913
-0.1302361332501978
-0.1380572162819299
-0.1328671662451514
-0.1408183606075685
-0.1354981992401048
-0.1435795049332071
-0.1381292322350583
-0.1463406492588457
-0.1407602652300118
-0.1491017935844843
-0.1433912982249653
-0.1518629379101229
-0.1460223312199188
-0.1546240822357615
-0.1486533642148723
-0.1573852265614001
-0.1512843972098258
-0.1601463708870387
-0.1539154302047793
-0.1629075152126773
-0.1565464631997328
-0.1656686595383159
-0.1591774961946863
-0.1684298038639545
-0.1618085291896398
-0.1711909481895931
-0.1644395621845933
-0.1739520925152317
-0.1670705951795468
-0.1767132368408703
-0.1697016281745002
-0.1794743811665089
-0.1723326611694537
-0.1822355254921475
-0.0477022488441362
-0.0513523467438235
-0.0505932942286293
-0.0543730730228719
-0.0534843396131224
-0.0573937993019204
-0.0563753849976155
-0.0604145255809688
-0.0592664303821086
-0.0634352518600172
-0.0621574757666017
-0.0664559781390657
-0.0650485211510948
-0.0694767044181141
-0.0679395665355879
-0.0724974306971626
-0.0708306119200810
-0.0755181569762110
-0.0737216573045741
-0.0785388832552594
-0.0766127026890672
-0.0815596095343079
-0.0795037480735603
-0.0845803358133563
-0.0823947934580534
-0.0876010620924047
-0.0852858388425465
-0.0906217883714532
-0.0881768842270396
-0.0936425146505016
-0.0910679296115327
-0.0966632409295501
-0.0939589749960258
-0.0996839672085985
-0.0968500203805189
-0.1027046934876469
-0.0997410657650120
-0.1057254197666954
-0.1026321111495051
-0.1087461460457438
-0.1055231565339982
-0.1117668723247922
-0.1084142019184913
-0.1147875986038407
-0.1113052473029844
-0.1178083248828891
-0.1141962926874775
-0.1208290511619376
-0.1170873380719706
-0.1238497774409860
-0.1199783834564637
-0.1268705037200344
-0.1228694288409568
-0.1298912299990829
-0.1257604742254499
-0.1329119562781313
-0.1286515196099430
-0.1359326825571798
-0.1315425649944361
-0.1389534088362282
-0.1344336103789292
-0.1419741351152767
-0.1373246557634223
-0.1449948613943251
-0.1402157011479154
-0.1480155876733735
-0.1431067465324085
-0.1510363139524220
-0.1459977919169017
-0.1540570402314704
-0.1488888373013947
-0.1570777665105188
-0.1517798826858879
-0.1600984927895673
-0.1546709280703810
-0.1631192190686157
-0.1575619734548740
-0.1661399453476642
-0.1604530188393672
-0.1691606716267126
-0.1633440642238602
-0.1721813979057610
-0.1662351096083534
-0.1752021241848095
-0.1691261549928464
-0.1782228504638579
-0.1720172003773396
-0.1812435767429064
-0.1749082457618327
-0.1842643030219548
-0.1777992911463258
-0.1872850293010032
-0.1806903365308189
-0.1903057555800517
-0.1835813819153120
-0.1933264818591001
-0.1864724272998051
-0.1963472081381486
-0.1893634726842982
-0.1993679344171970
-0.0519779227044399
-0.0557495975295114
-0.0551280998380423
-0.0590289856194826
-0.0582782769716447
-0.0623083737094539
-0.0614284541052471
-0.0655877617994251
-0.0645786312388495
-0.0688671498893964
-0.0677288083724520
-0.0721465379793677
-0.0708789855060544
-0.0754259260693389
-0.0740291626396568
-0.0787053141593102
-0.0771793397732592
-0.0819847022492814
-0.0803295169068616
-0.0852640903392527
-0.0834796940404640
-0.0885434784292239
-0.0866298711740665
-0.0918228665191952
-0.0897800483076689
-0.0951022546091664
-0.0929302254412713
-0.0983816426991377
-0.0960804025748737
-0.1016610307891090
-0.0992305797084761
-0.1049404188790802
-0.1023807568420785
-0.1082198069690515
-0.1055309339756810
-0.1114991950590227
-0.1086811111092834
-0.1147785831489940
-0.1118312882428858
-0.1180579712389652
-0.1149814653764882
-0.1213373593289365
-0.1181316425100906
-0.1246167474189077
-0.1212818196436931
-0.1278961355088790
-0.1244319967772955
-0.1311755235988503
-0.1275821739108979
-0.1344549116888215
-0.1307323510445003
-0.1377342997787928
-0.1338825281781027
-0.1410136878687641
-0.1370327053117051
-0.1442930759587353
-0.1401828824453075
-0.1475724640487066
-0.1433330595789100
-0.1508518521386778
-0.1464832367125124
-0.1541312402286491
-0.1496334138461148
-0.1574106283186203
-0.1527835909797172
-0.1606900164085916
-0.1559337681133196
-0.1639694044985628
-0.1590839452469220
-0.1672487925885341
-0.1622341223805245
-0.1705281806785053
-0.1653842995141269
-0.1738075687684766
-0.1685344766477293
-0.1770869568584479
-0.1716846537813317
-0.1803663449484191
-0.1748348309149341
-0.1836457330383904
-0.1779850080485366
-0.1869251211283616
-0.1811351851821390
-0.1902045092183329
-0.1842853623157414
-0.1934838973083041
-0.1874355394493438
-0.1967632853982754
-0.1905857165829462
-0.2000426734882467
-0.1937358937165486
-0.2033220615782179
-0.1968860708501511
-0.2066014496681892
-0.2000362479837535
-0.2098808377581604
-0.2031864251173559
-0.2131602258481317
-0.2063366022509583
-0.2164396139381029
-0.0562377635859662
-0.0601298664477332
-0.0596461128942066
-0.0636669174152469
-0.0630544622024470
-0.0672039683827606
-0.0664628115106874
-0.0707410193502743
-0.0698711608189278
-0.0742780703177880
-0.0732795101271681
-0.0778151212853018
-0.0766878594354085
-0.0813521722528155
-0.0800962087436489
-0.0848892232203292
-0.0835045580518893
-0.0884262741878429
-0.0869129073601296
-0.0919633251553566
-0.0903212566683700
-0.0955003761228703
-0.0937296059766104
-0.0990374270903841
-0.0971379552848508
-0.1025744780578978
-0.1005463045930912
-0.1061115290254115
-0.1039546539013315
-0.1096485799929252
-0.1073630032095719
-0.1131856309604389
-0.1107713525178123
-0.1167226819279526
-0.1141797018260527
-0.1202597328954663
-0.1175880511342930
-0.1237967838629801
-0.1209964004425334
-0.1273338348304938
-0.1244047497507738
-0.1308708857980075
-0.1278130990590142
-0.1344079367655212
-0.1312214483672546
-0.1379449877330350
-0.1346297976754950
-0.1414820387005487
-0.1380381469837353
-0.1450190896680624
-0.1414464962919757
-0.1485561406355761
-0.1448548456002161
-0.1520931916030898
-0.1482631949084565
-0.1556302425706035
-0.1516715442166968
-0.1591672935381173
-0.1550798935249372
-0.1627043445056310
-0.1584882428331776
-0.1662413954731447
-0.1618965921414180
-0.1697784464406584
-0.1653049414496583
-0.1733154974081721
-0.1687132907578987
-0.1768525483756858
-0.1721216400661391
-0.1803895993431995
-0.1755299893743795
-0.1839266503107132
-0.1789383386826199
-0.1874637012782270
-0.1823466879908603
-0.1910007522457407
-0.1857550372991006
-0.1945378032132544
-0.1891633866073410
-0.1980748541807681
-0.1925717359155814
-0.2016119051482818
-0.1959800852238218
-0.2051489561157956
-0.1993884345320621
-0.2086860070833093
-0.2027967838403025
-0.2122230580508230
-0.2062051331485429
-0.2157601090183367
-0.2096134824567833
-0.2192971599858504
-0.2130218317650237
-0.2228342109533641
-0.2164301810732640
-0.2263712619208779
-0.2198385303815044
-0.2299083128883916
-0.2232468796897448
-0.2334453638559053
-0.0604804738999169
-0.0644918192261439
-0.0641459571665785
-0.0682854556512112
-0.0678114404332401
-0.0720790920762785
-0.0714769236999018
-0.0758727285013458
-0.0751424069665634
-0.0796663649264131
-0.0788078902332250
-0.0834600013514804
-0.0824733734998867
-0.0872536377765477
-0.0861388567665483
-0.0910472742016149
-0.0898043400332099
-0.0948409106266822
-0.0934698232998715
-0.0986345470517495
-0.0971353065665332
-0.1024281834768168
-0.1008007898331948
-0.1062218199018841
-0.1044662730998564
-0.1100154563269514
-0.1081317563665180
-0.1138090927520187
-0.1117972396331797
-0.1176027291770860
-0.1154627228998413
-0.1213963656021533
-0.1191282061665029
-0.1251900020272206
-0.1227936894331646
-0.1289836384522878
-0.1264591726998262
-0.1327772748773551
-0.1301246559664878
-0.1365709113024224
-0.1337901392331494
-0.1403645477274897
-0.1374556224998111
-0.1441581841525570
-0.1411211057664727
-0.1479518205776243
-0.1447865890331343
-0.1517454570026916
-0.1484520722997960
-0.1555390934277589
-0.1521175555664576
-0.1593327298528261
-0.1557830388331192
-0.1631263662778935
-0.1594485220997809
-0.1669200027029608
-0.1631140053664425
-0.1707136391280280
-0.1667794886331041
-0.1745072755530953
-0.1704449718997658
-0.1783009119781626
-0.1741104551664274
-0.1820945484032299
-0.1777759384330890
-0.1858881848282972
-0.1814414216997506
-0.1896818212533645
-0.1851069049664122
-0.1934754576784318
-0.1887723882330739
-0.1972690941034990
-0.1924378714997355
-0.2010627305285664
-0.1961033547663971
-0.2048563669536337
-0.1997688380330588
-0.2086500033787009
-0.2034343212997204
-0.2124436398037682
-0.2070998045663821
-0.2162372762288355
-0.2107652878330437
-0.2200309126539028
-0.2144307710997053
-0.2238245490789701
-0.2180962543663669
-0.2276181855040374
-0.2217617376330286
-0.2314118219291047
-0.2254272208996902
-0.2352054583541720
-0.2290927041663518
-0.2389990947792393
-0.2327581874330134
-0.2427927312043065
-0.2364236706996751
-0.2465863676293738
-0.2400891539663367
-0.2503800040544411
-0.0647047612756302
-0.0688341271716722
-0.0686262619590017
-0.0728831934758882
-0.0725477626423732
-0.0769322597801042
-0.0764692633257448
-0.0809813260843202
-0.0803907640091163
-0.0850303923885363
-0.0843122646924878
-0.0890794586927523
-0.0882337653758594
-0.0931285249969683
-0.0921552660592309
-0.0971775913011843
-0.0960767667426024
-0.1012266576054003
-0.0999982674259739
-0.1052757239096163
-0.1039197681093455
-0.1093247902138323
-0.1078412687927170
-0.1133738565180483
-0.1117627694760885
-0.1174229228222644
-0.1156842701594600
-0.1214719891264804
-0.1196057708428316
-0.1255210554306964
-0.1235272715262031
-0.1295701217349124
-0.1274487722095746
-0.1336191880391284
-0.1313702728929462
-0.1376682543433444
-0.1352917735763177
-0.1417173206475604
-0.1392132742596892
-0.1457663869517764
-0.1431347749430607
-0.1498154532559924
-0.1470562756264323
-0.1538645195602084
-0.1509777763098038
-0.1579135858644245
-0.1548992769931753
-0.1619626521686405
-0.1588207776765468
-0.1660117184728565
-0.1627422783599184
-0.1700607847770725
-0.1666637790432899
-0.1741098510812885
-0.1705852797266615
-0.1781589173855045
-0.1745067804100330
-0.1822079836897205
-0.1784282810934045
-0.1862570499939366
-0.1823497817767760
-0.1903061162981526
-0.1862712824601475
-0.1943551826023686
-0.1901927831435191
-0.1984042489065846
-0.1941142838268906
-0.2024533152108006
-0.1980357845102621
-0.2065023815150166
-0.2019572851936337
-0.2105514478192326
-0.2058787858770052
-0.2146005141234487
-0.2098002865603767
-0.2186495804276647
-0.2137217872437482
-0.2226986467318807
-0.2176432879271198
-0.2267477130360967
-0.2215647886104913
-0.2307967793403127
-0.2254862892938628
-0.2348458456445287
-0.2294077899772343
-0.2388949119487447
-0.2333292906606059
-0.2429439782529607
-0.2372507913439774
-0.2469930445571767
-0.2411722920273489
-0.2510421108613928
-0.2450937927107205
-0.2550911771656088
-0.2490152933940920
-0.2591402434698248
-0.2529367940774635
-0.2631893097740408
-0.2568582947608350
-0.2672383760782568
-0.0689093389542497
-0.0731554675752527
-0.0730856625272346
-0.0774587303737970
-0.0772619861002194
-0.0817619931723413
-0.0814383096732043
-0.0860652559708856
-0.0856146332461891
-0.0903685187694298
-0.0897909568191739
-0.0946717815679741
-0.0939672803921588
-0.0989750443665184
-0.0981436039651436
-0.1032783071650627
-0.1023199275381284
-0.1075815699636070
-0.1064962511111132
-0.1118848327621512
-0.1106725746840981
-0.1161880955606955
-0.1148488982570829
-0.1204913583592398
-0.1190252218300678
-0.1247946211577841
-0.1232015454030526
-0.1290978839563284
-0.1273778689760374
-0.1334011467548726
-0.1315541925490223
-0.1377044095534169
-0.1357305161220071
-0.1420076723519612
-0.1399068396949919
-0.1463109351505054
-0.1440831632679767
-0.1506141979490497
-0.1482594868409616
-0.1549174607475940
-0.1524358104139464
-0.1592207235461383
-0.1566121339869312
-0.1635239863446825
-0.1607884575599161
-0.1678272491432269
-0.1649647811329009
-0.1721305119417711
-0.1691411047058858
-0.1764337747403154
-0.1733174282788706
-0.1807370375388597
-0.1774937518518554
-0.1850403003374040
-0.1816700754248403
-0.1893435631359483
-0.1858463989978251
-0.1936468259344925
-0.1900227225708099
-0.1979500887330368
-0.1941990461437948
-0.2022533515315811
-0.1983753697167796
-0.2065566143301254
-0.2025516932897644
-0.2108598771286696
-0.2067280168627492
-0.2151631399272139
-0.2109043404357341
-0.2194664027257582
-0.2150806640087189
-0.2237696655243025
-0.2192569875817037
-0.2280729283228468
-0.2234333111546886
-0.2323761911213910
-0.2276096347276734
-0.2366794539199353
-0.2317859583006583
-0.2409827167184796
-0.2359622818736431
-0.2452859795170239
-0.2401386054466279
-0.2495892423155681
-0.2443149290196127
-0.2538925051141124
-0.2484912525925976
-0.2581957679126567
-0.2526675761655824
-0.2624990307112010
-0.2568438997385672
-0.2668022935097453
-0.2610202233115521
-0.2711055563082895
-0.2651965468845369
-0.2754088191068338
-0.2693728704575217
-0.2797120819053781
-0.2735491940305066
-0.2840153447039224
-0.0730929261806842
-0.0774545241147370
-0.0775228004946650
-0.0820106725920745
-0.0819526748086459
-0.0865668210694120
-0.0863825491226268
-0.0911229695467494
-0.0908124234366076
-0.0956791180240869
-0.0952422977505885
-0.1002352665014244
-0.0996721720645694
-0.1047914149787618
-0.1041020463785502
-0.1093475634560993
-0.1085319206925311
-0.1139037119334368
-0.1129617950065119
-0.1184598604107742
-0.1173916693204928
-0.1230160088881117
-0.1218215436344737
-0.1275721573654492
-0.1262514179484545
-0.1321283058427866
-0.1306812922624354
-0.1366844543201241
-0.1351111665764163
-0.1412406027974616
-0.1395410408903971
-0.1457967512747991
-0.1439709152043780
-0.1503528997521365
-0.1484007895183588
-0.1549090482294740
-0.1528306638323397
-0.1594651967068115
-0.1572605381463205
-0.1640213451841489
-0.1616904124603014
-0.1685774936614864
-0.1661202867742822
-0.1731336421388239
-0.1705501610882631
-0.1776897906161614
-0.1749800354022440
-0.1822459390934988
-0.1794099097162248
-0.1868020875708363
-0.1838397840302057
-0.1913582360481738
-0.1882696583441865
-0.1959143845255113
-0.1926995326581674
-0.2004705330028487
-0.1971294069721483
-0.2050266814801862
-0.2015592812861292
-0.2095828299575237
-0.2059891556001100
-0.2141389784348611
-0.2104190299140909
-0.2186951269121986
-0.2148489042280717
-0.2232512753895361
-0.2192787785420526
-0.2278074238668735
-0.2237086528560334
-0.2323635723442110
-0.2281385271700143
-0.2369197208215485
-0.2325684014839952
-0.2414758692988860
-0.2369982757979760
-0.2460320177762234
-0.2414281501119569
-0.2505881662535609
-0.2458580244259377
-0.2551443147308984
-0.2502878987399186
-0.2597004632082358
-0.2547177730538995
-0.2642566116855733
-0.2591476473678803
-0.2688127601629108
-0.2635775216818612
-0.2733689086402482
-0.2680073959958421
-0.2779250571175857
-0.2724372703098229
-0.2824812055949232
-0.2768671446238038
-0.2870373540722607
-0.2812970189377846
-0.2915935025495981
-0.2857268932517655
-0.2961496510269356
-0.2901567675657463
-0.3007057995042731
-0.0772542485937368
-0.0817299872558570
-0.0819363242660845
-0.0865376335650251
-0.0866183999384322
-0.0913452798741931
-0.0913004756107799
-0.0961529261833612
-0.0959825512831276
-0.1009605724925293
-0.1006646269554752
-0.1057682188016973
-0.1053467026278229
-0.1105758651108654
-0.1100287783001706
-0.1153835114200334
-0.1147108539725183
-0.1201911577292015
-0.1193929296448660
-0.1249988040383695
-0.1240750053172137
-0.1298064503475376
-0.1287570809895614
-0.1346140966567057
-0.1334391566619091
-0.1394217429658737
-0.1381212323342567
-0.1442293892750418
-0.1428033080066044
-0.1490370355842099
-0.1474853836789521
-0.1538446818933779
-0.1521674593512998
-0.1586523282025460
-0.1568495350236475
-0.1634599745117140
-0.1615316106959952
-0.1682676208208821
-0.1662136863683429
-0.1730752671300501
-0.1708957620406905
-0.1778829134392182
-0.1755778377130382
-0.1826905597483862
-0.1802599133853859
-0.1874982060575543
-0.1849419890577336
-0.1923058523667224
-0.1896240647300813
-0.1971134986758904
-0.1943061404024290
-0.2019211449850585
-0.1989882160747767
-0.2067287912942266
-0.2036702917471244
-0.2115364376033946
-0.2083523674194721
-0.2163440839125627
-0.2130344430918197
-0.2211517302217307
-0.2177165187641674
-0.2259593765308988
-0.2223985944365151
-0.2307670228400669
-0.2270806701088628
-0.2355746691492349
-0.2317627457812105
-0.2403823154584030
-0.2364448214535581
-0.2451899617675710
-0.2411268971259058
-0.2499976080767391
-0.2458089727982535
-0.2548052543859072
-0.2504910484706012
-0.2596129006950752
-0.2551731241429489
-0.2644205470042433
-0.2598551998152966
-0.2692281933134114
-0.2645372754876443
-0.2740358396225794
-0.2692193511599920
-0.2788434859317475
-0.2739014268323396
-0.2836511322409155
-0.2785835025046873
-0.2884587785500836
-0.2832655781770350
-0.2932664248592516
-0.2879476538493827
-0.2980740711684197
-0.2926297295217304
-0.3028817174775877
-0.2973118051940781
-0.3076893637867558
-0.3019938808664258
-0.3124970100959238
-0.3066759565387734
-0.3173046564050919
-0.0813920386142892
-0.0859805546511228
-0.0863248894393976
-0.0910382343364830
-0.0912577402645060
-0.0960959140218432
-0.0961905910896145
-0.1011535937072033
-0.1011234419147229
-0.1062112733925635
-0.1060562927398314
-0.1112689530779237
-0.1109891435649398
-0.1163266327632838
-0.1159219943900482
-0.1213843124486440
-0.1208548452151567
-0.1264419921340041
-0.1257876960402651
-0.1314996718193643
-0.1307205468653735
-0.1365573515047245
-0.1356533976904820
-0.1416150311900846
-0.1405862485155904
-0.1466727108754448
-0.1455190993406988
-0.1517303905608050
-0.1504519501658073
-0.1567880702461651
-0.1553848009909157
-0.1618457499315253
-0.1603176518160242
-0.1669034296168855
-0.1652505026411326
-0.1719611093022456
-0.1701833534662410
-0.1770187889876058
-0.1751162042913494
-0.1820764686729660
-0.1800490551164579
-0.1871341483583261
-0.1849819059415663
-0.1921918280436863
-0.1899147567666748
-0.1972495077290465
-0.1948476075917832
-0.2023071874144066
-0.1997804584168917
-0.2073648670997668
-0.2047133092420001
-0.2124225467851270
-0.2096461600671085
-0.2174802264704872
-0.2145790108922170
-0.2225379061558473
-0.2195118617173254
-0.2275955858412075
-0.2244447125424338
-0.2326532655265676
-0.2293775633675423
-0.2377109452119278
-0.2343104141926507
-0.2427686248972880
-0.2392432650177591
-0.2478263045826481
-0.2441761158428676
-0.2528839842680083
-0.2491089666679760
-0.2579416639533685
-0.2540418174930844
-0.2629993436387286
-0.2589746683181929
-0.2680570233240888
-0.2639075191433014
-0.2731147030094490
-0.2688403699684098
-0.2781723826948092
-0.2737732207935182
-0.2832300623801693
-0.2787060716186266
-0.2882877420655295
-0.2836389224437351
-0.2933454217508896
-0.2885717732688435
-0.2984031014362498
-0.2935046240939519
-0.3034607811216100
-0.2984374749190604
-0.3085184608069702
-0.3033703257441688
-0.3135761404923303
-0.3083031765692772
-0.3186338201776905
-0.3132360273943857
-0.3236914998630506
-0.3181688782194941
-0.3287491795484108
-0.3231017290446025
-0.3338068592337710
-0.0855050358314172
-0.0902049315365294
-0.0906871592151394
-0.0955111039798547
-0.0958692825988617
-0.1008172764231800
-0.1010514059825839
-0.1061234488665052
-0.1062335293663062
-0.1114296213098305
-0.1114156527500284
-0.1167357937531558
-0.1165977761337507
-0.1220419661964810
-0.1217798995174729
-0.1273481386398063
-0.1269620229011952
-0.1326543110831315
-0.1321441462849174
-0.1379604835264568
-0.1373262696686397
-0.1432666559697821
-0.1425083930523620
-0.1485728284131073
-0.1476905164360842
-0.1538790008564326
-0.1528726398198064
-0.1591851732997579
-0.1580547632035287
-0.1644913457430831
-0.1632368865872510
-0.1697975181864084
-0.1684190099709732
-0.1751036906297336
-0.1736011333546955
-0.1804098630730589
-0.1787832567384177
-0.1857160355163842
-0.1839653801221399
-0.1910222079597094
-0.1891475035058622
-0.1963283804030347
-0.1943296268895844
-0.2016345528463599
-0.1995117502733067
-0.2069407252896852
-0.2046938736570290
-0.2122468977330105
-0.2098759970407512
-0.2175530701763357
-0.2150581204244735
-0.2228592426196610
-0.2202402438081957
-0.2281654150629863
-0.2254223671919180
-0.2334715875063115
-0.2306044905756403
-0.2387777599496368
-0.2357866139593625
-0.2440839323929621
-0.2409687373430847
-0.2493901048362873
-0.2461508607268070
-0.2546962772796126
-0.2513329841105292
-0.2600024497229378
-0.2565151074942515
-0.2653086221662631
-0.2616972308779738
-0.2706147946095883
-0.2668793542616960
-0.2759209670529136
-0.2720614776454182
-0.2812271394962389
-0.2772436010291405
-0.2865333119395642
-0.2824257244128628
-0.2918394843828894
-0.2876078477965850
-0.2971456568262146
-0.2927899711803073
-0.3024518292695399
-0.2979720945640295
-0.3077580017128652
-0.3031542179477518
-0.3130641741561904
-0.3083363413314740
-0.3183703465995157
-0.3135184647151963
-0.3236765190428410
-0.3187005880989185
-0.3289826914861662
-0.3238827114826408
-0.3342888639294915
-0.3290648348663631
-0.3395950363728167
-0.3342469582500853
-0.3449012088161420
-0.3394290816338075
-0.3502073812594673
-0.0895919873863251
-0.0944018311259554
-0.0950218048036781
-0.0999548800157175
-0.1004516222210312
-0.1055079289054796
-0.1058814396383842
-0.1110609777952416
-0.1113112570557373
-0.1166140266850037
-0.1167410744730903
-0.1221670755747658
-0.1221708918904433
-0.1277201244645279
-0.1276007093077964
-0.1332731733542900
-0.1330305267251494
-0.1388262222440520
-0.1384603441425024
-0.1443792711338141
-0.1438901615598555
-0.1499323200235762
-0.1493199789772085
-0.1554853689133383
-0.1547497963945615
-0.1610384178031004
-0.1601796138119146
-0.1665914666928625
-0.1656094312292676
-0.1721445155826245
-0.1710392486466207
-0.1776975644723866
-0.1764690660639737
-0.1832506133621487
-0.1818988834813267
-0.1888036622519108
-0.1873287008986798
-0.1943567111416728
-0.1927585183160328
-0.1999097600314349
-0.1981883357333858
-0.2054628089211970
-0.2036181531507389
-0.2110158578109591
-0.2090479705680919
-0.2165689067007212
-0.2144777879854450
-0.2221219555904833
-0.2199076054027980
-0.2276750044802453
-0.2253374228201510
-0.2332280533700074
-0.2307672402375041
-0.2387811022597695
-0.2361970576548571
-0.2443341511495316
-0.2416268750722102
-0.2498872000392937
-0.2470566924895632
-0.2554402489290558
-0.2524865099069162
-0.2609932978188178
-0.2579163273242693
-0.2665463467085799
-0.2633461447416223
-0.2720993955983420
-0.2687759621589753
-0.2776524444881041
-0.2742057795763284
-0.2832054933778662
-0.2796355969936814
-0.2887585422676282
-0.2850654144110344
-0.2943115911573903
-0.2904952318283875
-0.2998646400471524
-0.2959250492457405
-0.3054176889369145
-0.3013548666630936
-0.3109707378266766
-0.3067846840804466
-0.3165237867164386
-0.3122145014977996
-0.3220768356062007
-0.3176443189151527
-0.3276298844959628
-0.3230741363325057
-0.3331829333857249
-0.3285039537498587
-0.3387359822754870
-0.3339337711672118
-0.3442890311652491
-0.3393635885845648
-0.3498420800550111
-0.3447934060019179
-0.3553951289447732
-0.3502232234192709
-0.3609481778345353
-0.3556530408366239
-0.3665012267242974
-0.0936516483539780
-0.0985699750031292
-0.0993275058299767
-0.1043682088268426
-0.1050033633059753
-0.1101664426505561
-0.1106792207819740
-0.1159646764742696
-0.1163550782579727
-0.1217629102979831
-0.1220309357339713
-0.1275611441216966
-0.1277067932099700
-0.1333593779454101
-0.1333826506859687
-0.1391576117691235
-0.1390585081619674
-0.1449558455928370
-0.1447343656379660
-0.1507540794165505
-0.1504102231139647
-0.1565523132402639
-0.1560860805899633
-0.1623505470639774
-0.1617619380659620
-0.1681487808876909
-0.1674377955419607
-0.1739470147114044
-0.1731136530179594
-0.1797452485351179
-0.1787895104939580
-0.1855434823588314
-0.1844653679699567
-0.1913417161825448
-0.1901412254459553
-0.1971399500062583
-0.1958170829219540
-0.2029381838299718
-0.2014929403979527
-0.2087364176536853
-0.2071687978739513
-0.2145346514773987
-0.2128446553499500
-0.2203328853011122
-0.2185205128259487
-0.2261311191248257
-0.2241963703019474
-0.2319293529485392
-0.2298722277779460
-0.2377275867722527
-0.2355480852539447
-0.2435258205959661
-0.2412239427299433
-0.2493240544196797
-0.2468998002059420
-0.2551222882433932
-0.2525756576819407
-0.2609205220671066
-0.2582515151579394
-0.2667187558908201
-0.2639273726339380
-0.2725169897145336
-0.2696032301099367
-0.2783152235382471
-0.2752790875859353
-0.2841134573619605
-0.2809549450619340
-0.2899116911856740
-0.2866308025379327
-0.2957099250093875
-0.2923066600139314
-0.3015081588331009
-0.2979825174899300
-0.3073063926568145
-0.3036583749659287
-0.3131046264805279
-0.3093342324419274
-0.3189028603042414
-0.3150100899179260
-0.3247010941279549
-0.3206859473939247
-0.3304993279516684
-0.3263618048699233
-0.3362975617753818
-0.3320376623459220
-0.3420957955990953
-0.3377135198219207
-0.3478940294228088
-0.3433893772979194
-0.3536922632465223
-0.3490652347739180
-0.3594904970702358
-0.3547410922499167
-0.3652887308939493
-0.3604169497259154
-0.3710869647176627
-0.3660928072019140
-0.3768851985413762
-0.3717686646779127
-0.3826834323650897
-0.0976827821223184
-0.1027080935110482
-0.1036029507357922
-0.1087497460705216
-0.1095231193492661
-0.1147913986299950
-0.1154432879627399
-0.1208330511894685
-0.1213634565762138
-0.1268747037489419
-0.1272836251896876
-0.1329163563084153
-0.1332037938031614
-0.1389580088678887
-0.1391239624166353
-0.1449996614273621
-0.1450441310301091
-0.1510413139868356
-0.1509642996435830
-0.1570829665463090
-0.1568844682570568
-0.1631246191057824
-0.1628046368705307
-0.1691662716652559
-0.1687248054840045
-0.1752079242247293
-0.1746449740974783
-0.1812495767842027
-0.1805651427109522
-0.1872912293436761
-0.1864853113244260
-0.1933328819031495
-0.1924054799378999
-0.1993745344626230
-0.1983256485513737
-0.2054161870220964
-0.2042458171648475
-0.2114578395815698
-0.2101659857783214
-0.2174994921410432
-0.2160861543917952
-0.2235411447005166
-0.2220063230052690
-0.2295827972599900
-0.2279264916187429
-0.2356244498194635
-0.2338466602322168
-0.2416661023789369
-0.2397668288456906
-0.2477077549384104
-0.2456869974591644
-0.2537494074978838
-0.2516071660726383
-0.2597910600573572
-0.2575273346861122
-0.2658327126168307
-0.2634475032995860
-0.2718743651763040
-0.2693676719130598
-0.2779160177357775
-0.2752878405265337
-0.2839576702952509
-0.2812080091400075
-0.2899993228547243
-0.2871281777534813
-0.2960409754141977
-0.2930483463669551
-0.3020826279736711
-0.2989685149804290
-0.3081242805331446
-0.3048886835939028
-0.3141659330926180
-0.3108088522073767
-0.3202075856520915
-0.3167290208208505
-0.3262492382115649
-0.3226491894343244
-0.3322908907710383
-0.3285693580477982
-0.3383325433305117
-0.3344895266612721
-0.3443741958899851
-0.3404096952747459
-0.3504158484494586
-0.3463298638882197
-0.3564575010089320
-0.3522500325016936
-0.3624991535684054
-0.3581702011151675
-0.3685408061278788
-0.3640903697286413
-0.3745824586873522
-0.3700105383421151
-0.3806241112468257
-0.3759307069555889
-0.3866657638062991
-0.3818508755690628
-0.3927074163657725
-0.3877710441825366
-0.3987490689252459
-0.1016841607689501
-0.1068149261387282
-0.1078468371791894
-0.1130981570880652
-0.1140095135894288
-0.1193813880374021
-0.1201721899996682
-0.1256646189867391
-0.1263348664099077
-0.1319478499360760
-0.1324975428201470
-0.1382310808854130
-0.1386602192303864
-0.1445143118347499
-0.1448228956406258
-0.1507975427840869
-0.1509855720508652
-0.1570807737334239
-0.1571482484611046
-0.1633640046827608
-0.1633109248713440
-0.1696472356320977
-0.1694736012815834
-0.1759304665814347
-0.1756362776918228
-0.1822136975307717
-0.1817989541020622
-0.1884969284801086
-0.1879616305123016
-0.1947801594294456
-0.1941243069225410
-0.2010633903787825
-0.2002869833327804
-0.2073466213281195
-0.2064496597430198
-0.2136298522774564
-0.2126123361532592
-0.2199130832267934
-0.2187750125634986
-0.2261963141761303
-0.2249376889737380
-0.2324795451254673
-0.2311003653839774
-0.2387627760748042
-0.2372630417942168
-0.2450460070241412
-0.2434257182044562
-0.2513292379734782
-0.2495883946146956
-0.2576124689228151
-0.2557510710249350
-0.2638956998721521
-0.2619137474351744
-0.2701789308214891
-0.2680764238454138
-0.2764621617708260
-0.2742391002556532
-0.2827453927201630
-0.2804017766658926
-0.2890286236694999
-0.2865644530761320
-0.2953118546188369
-0.2927271294863714
-0.3015950855681738
-0.2988898058966107
-0.3078783165175107
-0.3050524823068502
-0.3141615474668477
-0.3112151587170895
-0.3204447784161846
-0.3173778351273289
-0.3267280093655216
-0.3235405115375684
-0.3330112403148586
-0.3297031879478078
-0.3392944712641955
-0.3358658643580472
-0.3455777022135325
-0.3420285407682865
-0.3518609331628694
-0.3481912171785260
-0.3581441641122064
-0.3543538935887653
-0.3644273950615433
-0.3605165699990047
-0.3707106260108803
-0.3666792464092441
-0.3769938569602173
-0.3728419228194835
-0.3832770879095542
-0.3790045992297230
-0.3895603188588912
-0.3851672756399623
-0.3958435498082281
-0.3913299520502017
-0.4021267807575651
-0.3974926284604411
-0.4084100117069020
-0.4036553048706805
-0.4146932426562390
-0.1056545654351748
-0.1108892219051669
-0.1120578724312460
-0.1174121173113531
-0.1184611794273172
-0.1239350127175394
-0.1248644864233884
-0.1304579081237257
-0.1312677934194596
-0.1369808035299120
-0.1376711004155308
-0.1435036989360983
-0.1440744074116020
-0.1500265943422846
-0.1504777144076732
-0.1565494897484709
-0.1568810214037444
-0.1630723851546571
-0.1632843283998156
-0.1695952805608434
-0.1696876353958868
-0.1761181759670297
-0.1760909423919580
-0.1826410713732160
-0.1824942493880292
-0.1891639667794023
-0.1888975563841004
-0.1956868621855886
-0.1953008633801716
-0.2022097575917749
-0.2017041703762428
-0.2087326529979611
-0.2081074773723140
-0.2152555484041474
-0.2145107843683852
-0.2217784438103337
-0.2209140913644564
-0.2283013392165200
-0.2273173983605276
-0.2348242346227063
-0.2337207053565988
-0.2413471300288925
-0.2401240123526700
-0.2478700254350788
-0.2465273193487413
-0.2543929208412651
-0.2529306263448124
-0.2609158162474514
-0.2593339333408837
-0.2674387116536377
-0.2657372403369548
-0.2739616070598240
-0.2721405473330261
-0.2804845024660103
-0.2785438543290973
-0.2870073978721966
-0.2849471613251685
-0.2935302932783829
-0.2913504683212397
-0.3000531886845691
-0.2977537753173108
-0.3065760840907554
-0.3041570823133821
-0.3130989794969417
-0.3105603893094532
-0.3196218749031280
-0.3169636963055245
-0.3261447703093143
-0.3233670033015957
-0.3326676657155005
-0.3297703102976668
-0.3391905611216868
-0.3361736172937381
-0.3457134565278732
-0.3425769242898093
-0.3522363519340594
-0.3489802312858805
-0.3587592473402457
-0.3553835382819517
-0.3652821427464320
-0.3617868452780229
-0.3718050381526183
-0.3681901522740941
-0.3783279335588046
-0.3745934592701652
-0.3848508289649908
-0.3809967662662365
-0.3913737243711771
-0.3874000732623077
-0.3978966197773635
-0.3938033802583789
-0.4044195151835497
-0.4002066872544501
-0.4109424105897360
-0.4066099942505213
-0.4174653059959223
-0.4130133012465925
-0.4239882014021086
-0.4194166082426637
-0.4305110968082949
-0.1095927866972694
-0.1149297397404053
-0.1162347737698311
-0.1216903126663115
-0.1228767608423929
-0.1284508855922177
-0.1295187479149547
-0.1352114585181239
-0.1361607349875165
-0.1419720314440301
-0.1428027220600783
-0.1487326043699363
-0.1494447091326400
-0.1554931772958425
-0.1560866962052018
-0.1622537502217486
-0.1627286832777636
-0.1690143231476548
-0.1693706703503254
-0.1757748960735610
-0.1760126574228872
-0.1825354689994672
-0.1826546444954489
-0.1892960419253734
-0.1892966315680107
-0.1960566148512796
-0.1959386186405725
-0.2028171877771858
-0.2025806057131343
-0.2095777607030920
-0.2092225927856961
-0.2163383336289982
-0.2158645798582579
-0.2230989065549044
-0.2225065669308196
-0.2298594794808106
-0.2291485540033814
-0.2366200524067168
-0.2357905410759432
-0.2433806253326229
-0.2424325281485049
-0.2501411982585292
-0.2490745152210667
-0.2569017711844353
-0.2557165022936285
-0.2636623441103416
-0.2623584893661903
-0.2704229170362478
-0.2690004764387521
-0.2771834899621539
-0.2756424635113138
-0.2839440628880601
-0.2822844505838756
-0.2907046358139664
-0.2889264376564374
-0.2974652087398725
-0.2955684247289992
-0.3042257816657787
-0.3022104118015610
-0.3109863545916849
-0.3088523988741227
-0.3177469275175911
-0.3154943859466846
-0.3245075004434973
-0.3221363730192463
-0.3312680733694035
-0.3287783600918081
-0.3380286462953097
-0.3354203471643699
-0.3447892192212159
-0.3420623342369317
-0.3515497921471221
-0.3487043213094934
-0.3583103650730283
-0.3553463083820552
-0.3650709379989345
-0.3619882954546170
-0.3718315109248407
-0.3686302825271788
-0.3785920838507468
-0.3752722695997406
-0.3853526567766530
-0.3819142566723023
-0.3921132297025592
-0.3885562437448641
-0.3988738026284654
-0.3951982308174259
-0.4056343755543716
-0.4018402178899877
-0.4123949484802779
-0.4084822049625495
-0.4191555214061840
-0.4151241920351113
-0.4259160943320902
-0.4217661791076730
-0.4326766672579964
-0.4284081661802348
-0.4394372401839026
-0.4350501532527966
-0.4461978131098088
-0.1134976249348867
-0.1189352488635693
-0.1203762688703343
-0.1259314399731910
-0.1272549128057820
-0.1329276310828127
-0.1341335567412297
-0.1399238221924345
-0.1410122006766774
-0.1469200133020562
-0.1478908446121251
-0.1539162044116779
-0.1547694885475727
-0.1609123955212997
-0.1616481324830204
-0.1679085866309214
-0.1685267764184681
-0.1749047777405431
-0.1754054203539158
-0.1819009688501648
-0.1822840642893634
-0.1888971599597865
-0.1891627082248111
-0.1958933510694083
-0.1960413521602588
-0.2028895421790300
-0.2029199960957065
-0.2098857332886517
-0.2097986400311542
-0.2168819243982734
-0.2166772839666019
-0.2238781155078952
-0.2235559279020495
-0.2308743066175169
-0.2304345718374972
-0.2378704977271386
-0.2373132157729448
-0.2448666888367603
-0.2441918597083925
-0.2518628799463820
-0.2510705036438402
-0.2588590710560038
-0.2579491475792879
-0.2658552621656254
-0.2648277915147356
-0.2728514532752472
-0.2717064354501832
-0.2798476443848689
-0.2785850793856309
-0.2868438354944907
-0.2854637233210786
-0.2938400266041124
-0.2923423672565263
-0.3008362177137341
-0.2992210111919740
-0.3078324088233559
-0.3060996551274217
-0.3148285999329776
-0.3129782990628693
-0.3218247910425993
-0.3198569429983170
-0.3288209821522210
-0.3267355869337647
-0.3358171732618427
-0.3336142308692123
-0.3428133643714644
-0.3404928748046600
-0.3498095554810862
-0.3473715187401077
-0.3568057465907079
-0.3542501626755554
-0.3638019377003296
-0.3611288066110031
-0.3707981288099514
-0.3680074505464507
-0.3777943199195731
-0.3748860944818984
-0.3847905110291948
-0.3817647384173461
-0.3917867021388165
-0.3886433823527938
-0.3987828932484382
-0.3955220262882415
-0.4057790843580600
-0.4024006702236891
-0.4127752754676817
-0.4092793141591368
-0.4197714665773034
-0.4161579580945845
-0.4267676576869252
-0.4230366020300322
-0.4337638487965469
-0.4299152459654799
-0.4407600399061686
-0.4367938899009275
-0.4477562310157903
-0.4436725338363752
-0.4547524221254120
-0.4505511777718229
-0.4617486132350337
-0.1173678906964727
-0.1229045291577779
-0.1244810961932286
-0.1301342073435296
-0.1315943016899845
-0.1373638855292812
-0.1387075071867405
-0.1445935637150328
-0.1458207126834964
-0.1518232419007845
-0.1529339181802523
-0.1590529200865362
-0.1600471236770083
-0.1662825982722878
-0.1671603291737642
-0.1735122764580394
-0.1742735346705201
-0.1807419546437911
-0.1813867401672760
-0.1879716328295427
-0.1884999456640319
-0.1952013110152943
-0.1956131511607879
-0.2024309892010460
-0.2027263566575438
-0.2096606673867976
-0.2098395621542997
-0.2168903455725493
-0.2169527676510556
-0.2241200237583009
-0.2240659731478116
-0.2313497019440526
-0.2311791786445675
-0.2385793801298042
-0.2382923841413234
-0.2458090583155558
-0.2454055896380793
-0.2530387365013075
-0.2525187951348352
-0.2602684146870591
-0.2596320006315911
-0.2674980928728107
-0.2667452061283471
-0.2747277710585624
-0.2738584116251030
-0.2819574492443141
-0.2809716171218589
-0.2891871274300657
-0.2880848226186148
-0.2964168056158173
-0.2951980281153708
-0.3036464838015690
-0.3023112336121267
-0.3108761619873207
-0.3094244391088827
-0.3181058401730723
-0.3165376446056385
-0.3253355183588240
-0.3236508501023945
-0.3325651965445756
-0.3307640555991504
-0.3397948747303272
-0.3378772610959063
-0.3470245529160789
-0.3449904665926622
-0.3542542311018305
-0.3521036720894182
-0.3614839092875821
-0.3592168775861740
-0.3687135874733338
-0.3663300830829300
-0.3759432656590854
-0.3734432885796859
-0.3831729438448371
-0.3805564940764419
-0.3904026220305887
-0.3876696995731978
-0.3976323002163403
-0.3947829050699537
-0.4048619784020920
-0.4018961105667096
-0.4120916565878436
-0.4090093160634655
-0.4193213347735953
-0.4161225215602214
-0.4265510129593469
-0.4232357270569774
-0.4337806911450985
-0.4303489325537333
-0.4410103693308502
-0.4374621380504892
-0.4482400475166018
-0.4445753435472451
-0.4554697257023535
-0.4516885490440011
-0.4626994038881052
-0.4588017545407570
-0.4699290820738568
-0.4659149600375129
-0.4771587602596084
-0.1212024050615842
-0.1268363715418021
-0.1285480053683469
-0.1342973345736728
-0.1358936056751096
-0.1417582976055435
-0.1432392059818723
-0.1492192606374142
-0.1505848062886350
-0.1566802236692849
-0.1579304065953976
-0.1641411867011557
-0.1652760069021603
-0.1716021497330264
-0.1726216072089230
-0.1790631127648971
-0.1799672075156857
-0.1865240757967678
-0.1873128078224484
-0.1939850388286385
-0.1946584081292110
-0.2014460018605092
-0.2020040084359737
-0.2089069648923799
-0.2093496087427364
-0.2163679279242506
-0.2166952090494991
-0.2238288909561214
-0.2240408093562618
-0.2312898539879921
-0.2313864096630245
-0.2387508170198628
-0.2387320099697871
-0.2462117800517335
-0.2460776102765498
-0.2536727430836042
-0.2534232105833125
-0.2611337061154749
-0.2607688108900751
-0.2685946691473456
-0.2681144111968378
-0.2760556321792163
-0.2754600115036005
-0.2835165952110870
-0.2828056118103632
-0.2909775582429577
-0.2901512121171259
-0.2984385212748284
-0.2974968124238886
-0.3058994843066992
-0.3048424127306513
-0.3133604473385699
-0.3121880130374139
-0.3208214103704407
-0.3195336133441767
-0.3282823734023113
-0.3268792136509394
-0.3357433364341820
-0.3342248139577020
-0.3432042994660527
-0.3415704142644647
-0.3506652624979235
-0.3489160145712273
-0.3581262255297942
-0.3562616148779900
-0.3655871885616648
-0.3636072151847527
-0.3730481515935355
-0.3709528154915154
-0.3805091146254063
-0.3782984157982781
-0.3879700776572770
-0.3856440161050407
-0.3954310406891478
-0.3929896164118035
-0.4028920037210184
-0.4003352167185661
-0.4103529667528891
-0.4076808170253288
-0.4178139297847598
-0.4150264173320915
-0.4252748928166306
-0.4223720176388542
-0.4327358558485013
-0.4297176179456169
-0.4401968188803719
-0.4370632182523795
-0.4476577819122426
-0.4444088185591422
-0.4551187449441134
-0.4517544188659049
-0.4625797079759841
-0.4591000191726676
-0.4700406710078548
-0.4664456194794303
-0.4775016340397255
-0.4737912197861929
-0.4849625970715962
-0.4811368200929556
-0.4924235601034669
-0.1250000000000000
-0.1307295783383632
-0.1325757575757576
-0.1384195535347375
-0.1401515151515152
-0.1461095287311118
-0.1477272727272728
-0.1537995039274861
-0.1553030303030303
-0.1614894791238604
-0.1628787878787879
-0.1691794543202348
-0.1704545454545455
-0.1768694295166091
-0.1780303030303031
-0.1845594047129833
-0.1856060606060606
-0.1922493799093576
-0.1931818181818182
-0.1999393551057320
-0.2007575757575758
-0.2076293303021063
-0.2083333333333334
-0.2153193054984806
-0.2159090909090910
-0.2230092806948549
-0.2234848484848485
-0.2306992558912292
-0.2310606060606061
-0.2383892310876035
-0.2386363636363637
-0.2460792062839778
-0.2462121212121213
-0.2537691814803521
-0.2537878787878788
-0.2614591566767264
-0.2613636363636364
-0.2691491318731007
-0.2689393939393940
-0.2768391070694750
-0.2765151515151515
-0.2845290822658493
-0.2840909090909091
-0.2922190574622236
-0.2916666666666667
-0.2999090326585980
-0.2992424242424243
-0.3075990078549722
-0.3068181818181819
-0.3152889830513466
-0.3143939393939394
-0.3229789582477208
-0.3219696969696970
-0.3306689334440952
-0.3295454545454546
-0.3383589086404695
-0.3371212121212122
-0.3460488838368438
-0.3446969696969698
-0.3537388590332181
-0.3522727272727273
-0.3614288342295924
-0.3598484848484849
-0.3691188094259667
-0.3674242424242425
-0.3768087846223410
-0.3750000000000001
-0.3844987598187153
-0.3825757575757577
-0.3921887350150896
-0.3901515151515152
-0.3998787102114639
-0.3977272727272728
-0.4075686854078382
-0.4053030303030304
-0.4152586606042126
-0.4128787878787880
-0.4229486358005868
-0.4204545454545456
-0.4306386109969612
-0.4280303030303031
-0.4383285861933355
-0.4356060606060607
-0.4460185613897097
-0.4431818181818183
-0.4537085365860841
-0.4507575757575759
-0.4613985117824583
-0.4583333333333335
-0.4690884869788327
-0.4659090909090911
-0.4767784621752070
-0.4734848484848486
-0.4844684373715813
-0.4810606060606062
-0.4921584125679556
-0.4886363636363638
-0.4998483877643299
-0.4962121212121213
-0.5075383629607042
-0.1287595187275135
-0.1345829636389565
-0.1365631259231204
-0.1424996085588951
-0.1443667331187273
-0.1504162534788337
-0.1521703403143342
-0.1583328983987723
-0.1599739475099411
-0.1662495433187109
-0.1677775547055479
-0.1741661882386496
-0.1755811619011548
-0.1820828331585882
-0.1833847690967617
-0.1899994780785268
-0.1911883762923686
-0.1979161229984654
-0.1989919834879755
-0.2058327679184040
-0.2067955906835823
-0.2137494128383426
-0.2145991978791892
-0.2216660577582813
-0.2224028050747961
-0.2295827026782199
-0.2302064122704030
-0.2374993475981585
-0.2380100194660099
-0.2454159925180971
-0.2458136266616168
-0.2533326374380357
-0.2536172338572236
-0.2612492823579743
-0.2614208410528305
-0.2691659272779129
-0.2692244482484374
-0.2770825721978515
-0.2770280554440442
-0.2849992171177902
-0.2848316626396512
-0.2929158620377288
-0.2926352698352580
-0.3008325069576674
-0.3004388770308650
-0.3087491518776060
-0.3082424842264718
-0.3166657967975446
-0.3160460914220787
-0.3245824417174833
-0.3238496986176856
-0.3324990866374219
-0.3316533058132924
-0.3404157315573605
-0.3394569130088994
-0.3483323764772991
-0.3472605202045063
-0.3562490213972378
-0.3550641274001131
-0.3641656663171764
-0.3628677345957200
-0.3720823112371150
-0.3706713417913269
-0.3799989561570536
-0.3784749489869337
-0.3879156010769922
-0.3862785561825406
-0.3958322459969308
-0.3940821633781475
-0.4037488909168694
-0.4018857705737544
-0.4116655358368080
-0.4096893777693613
-0.4195821807567467
-0.4174929849649682
-0.4274988256766853
-0.4252965921605750
-0.4354154705966239
-0.4331001993561819
-0.4433321155165625
-0.4409038065517888
-0.4512487604365011
-0.4487074137473956
-0.4591654053564397
-0.4565110209430026
-0.4670820502763784
-0.4643146281386094
-0.4749986951963170
-0.4721182353342164
-0.4829153401162556
-0.4799218425298232
-0.4908319850361942
-0.4877254497254301
-0.4987486299561328
-0.4955290569210370
-0.5066652748760715
-0.5033326641166438
-0.5145819197960101
-0.5111362713122507
-0.5224985647159487
-0.1324798160583012
-0.1383953536650909
-0.1405088958194104
-0.1465362568218610
-0.1485379755805195
-0.1546771599786310
-0.1565670553416287
-0.1628180631354011
-0.1645961351027379
-0.1709589662921711
-0.1726252148638470
-0.1790998694489412
-0.1806542946249562
-0.1872407726057113
-0.1886833743860654
-0.1953816757624813
-0.1967124541471745
-0.2035225789192514
-0.2047415339082837
-0.2116634820760214
-0.2127706136693928
-0.2198043852327914
-0.2207996934305020
-0.2279452883895615
-0.2288287731916112
-0.2360861915463316
-0.2368578529527203
-0.2442270947031016
-0.2448869327138295
-0.2523679978598717
-0.2529160124749387
-0.2605089010166417
-0.2609450922360478
-0.2686498041734118
-0.2689741719971570
-0.2767907073301819
-0.2770032517582661
-0.2849316104869519
-0.2850323315193753
-0.2930725136437219
-0.2930614112804845
-0.3012134168004920
-0.3010904910415936
-0.3093543199572620
-0.3091195708027028
-0.3174952231140321
-0.3171486505638120
-0.3256361262708022
-0.3251777303249211
-0.3337770294275722
-0.3332068100860303
-0.3419179325843423
-0.3412358898471394
-0.3500588357411124
-0.3492649696082487
-0.3581997388978824
-0.3572940493693578
-0.3663406420546524
-0.3653231291304669
-0.3744815452114225
-0.3733522088915761
-0.3826224483681925
-0.3813812886526853
-0.3907633515249626
-0.3894103684137944
-0.3989042546817326
-0.3974394481749036
-0.4070451578385027
-0.4054685279360127
-0.4151860609952727
-0.4134976076971219
-0.4233269641520428
-0.4215266874582311
-0.4314678673088129
-0.4295557672193403
-0.4396087704655829
-0.4375848469804494
-0.4477496736223530
-0.4456139267415586
-0.4558905767791230
-0.4536430065026678
-0.4640314799358931
-0.4616720862637769
-0.4721723830926631
-0.4697011660248860
-0.4803132862494331
-0.4777302457859952
-0.4884541894062032
-0.4857593255471044
-0.4965950925629733
-0.4937884053082136
-0.5047359957197434
-0.5018174850693228
-0.5128768988765134
-0.5098465648304319
-0.5210178020332834
-0.5178756445915410
-0.5291587051900535
-0.5259047243526502
-0.5372996083468236
-0.1361597587537568
-0.1421655871258332
-0.1444118653448935
-0.1505282687214704
-0.1526639719360303
-0.1588909503171076
-0.1609160785271671
-0.1672536319127449
-0.1691681851183039
-0.1756163135083821
-0.1774202917094406
-0.1839789951040194
-0.1856723983005774
-0.1923416766996566
-0.1939245048917142
-0.2007043582952939
-0.2021766114828510
-0.2090670398909311
-0.2104287180739877
-0.2174297214865684
-0.2186808246651245
-0.2257924030822056
-0.2269329312562613
-0.2341550846778429
-0.2351850378473981
-0.2425177662734801
-0.2434371444385348
-0.2508804478691173
-0.2516892510296716
-0.2592431294647546
-0.2599413576208084
-0.2676058110603918
-0.2681934642119452
-0.2759684926560291
-0.2764455708030819
-0.2843311742516663
-0.2846976773942187
-0.2926938558473036
-0.2929497839853555
-0.3010565374429408
-0.3012018905764922
-0.3094192190385780
-0.3094539971676290
-0.3177819006342152
-0.3177061037587658
-0.3261445822298525
-0.3259582103499026
-0.3345072638254898
-0.3342103169410394
-0.3428699454211270
-0.3424624235321761
-0.3512326270167643
-0.3507145301233129
-0.3595953086124016
-0.3589666367144497
-0.3679579902080388
-0.3672187433055865
-0.3763206718036761
-0.3754708498967232
-0.3846833533993133
-0.3837229564878600
-0.3930460349949505
-0.3919750630789968
-0.4014087165905877
-0.4002271696701336
-0.4097713981862250
-0.4084792762612703
-0.4181340797818622
-0.4167313828524071
-0.4264967613774995
-0.4249834894435439
-0.4348594429731367
-0.4332355960346806
-0.4432221245687740
-0.4414877026258174
-0.4515848061644113
-0.4497398092169542
-0.4599474877600485
-0.4579919158080910
-0.4683101693556857
-0.4662440223992277
-0.4766728509513229
-0.4744961289903645
-0.4850355325469602
-0.4827482355815013
-0.4933982141425974
-0.4910003421726380
-0.5017608957382347
-0.4992524487637749
-0.5101235773338719
-0.5075045553549117
-0.5184862589295092
-0.5157566619460484
-0.5268489405251464
-0.5240087685371851
-0.5352116221207837
-0.5322608751283220
-0.5435743037164209
-0.5405129817194587
-0.5519369853120581
-0.1397982258676867
-0.1458925155715478
-0.1482708456172434
-0.1544744282522271
-0.1567434653668002
-0.1630563409329064
-0.1652160851163570
-0.1716382536135856
-0.1736887048659138
-0.1802201662942649
-0.1821613246154705
-0.1888020789749442
-0.1906339443650273
-0.1973839916556235
-0.1991065641145841
-0.2059659043363028
-0.2075791838641408
-0.2145478170169821
-0.2160518036136976
-0.2231297296976613
-0.2245244233632543
-0.2317116423783406
-0.2329970431128111
-0.2402935550590199
-0.2414696628623679
-0.2488754677396992
-0.2499422826119246
-0.2574573804203785
-0.2584149023614815
-0.2660392931010577
-0.2668875221110382
-0.2746212057817370
-0.2753601418605950
-0.2832031184624163
-0.2838327616101517
-0.2917850311430956
-0.2923053813597085
-0.3003669438237749
-0.3007780011092652
-0.3089488565044541
-0.3092506208588220
-0.3175307691851334
-0.3177232406083788
-0.3261126818658127
-0.3261958603579356
-0.3346945945464920
-0.3346684801074923
-0.3432765072271713
-0.3431410998570491
-0.3518584199078506
-0.3516137196066059
-0.3604403325885298
-0.3600863393561626
-0.3690222452692092
-0.3685589591057195
-0.3776041579498884
-0.3770315788552762
-0.3861860706305677
-0.3855041986048330
-0.3947679833112470
-0.3939768183543897
-0.4033498959919263
-0.4024494381039465
-0.4119318086726055
-0.4109220578535033
-0.4205137213532848
-0.4193946776030600
-0.4290956340339641
-0.4278672973526167
-0.4376775467146434
-0.4363399171021735
-0.4462594593953226
-0.4448125368517303
-0.4548413720760020
-0.4532851566012871
-0.4634232847566813
-0.4617577763508439
-0.4720051974373605
-0.4702303961004006
-0.4805871101180398
-0.4787030158499574
-0.4891690227987191
-0.4871756355995142
-0.4977509354793984
-0.4956482553490709
-0.5063328481600776
-0.5041208750986277
-0.5149147608407569
-0.5125934948481845
-0.5234966735214363
-0.5210661145977412
-0.5320785862021155
-0.5295387343472980
-0.5406604988827948
-0.5380113540968547
-0.5492424115634741
-0.5464839738464116
-0.5578243242441533
-0.5549565935959683
-0.5664062369248326
-0.1433941090877615
-0.1495750037437269
-0.1520846611536865
-0.1583735333757108
-0.1607752132196114
-0.1671720630076948
-0.1694657652855364
-0.1759705926396787
-0.1781563173514613
-0.1847691222716626
-0.1868468694173862
-0.1935676519036466
-0.1955374214833112
-0.2023661815356305
-0.2042279735492361
-0.2111647111676145
-0.2129185256151611
-0.2199632407995984
-0.2216090776810860
-0.2287617704315823
-0.2302996297470109
-0.2375603000635663
-0.2389901818129359
-0.2463588296955502
-0.2476807338788608
-0.2551573593275341
-0.2563712859447858
-0.2639558889595181
-0.2650618380107108
-0.2727544185915020
-0.2737523900766357
-0.2815529482234860
-0.2824429421425606
-0.2903514778554699
-0.2911334942084856
-0.2991500074874538
-0.2998240462744105
-0.3079485371194378
-0.3085145983403354
-0.3167470667514217
-0.3172051504062603
-0.3255455963834056
-0.3258957024721853
-0.3343441260153895
-0.3345862545381103
-0.3431426556473735
-0.3432768066040352
-0.3519411852793575
-0.3519673586699602
-0.3607397149113414
-0.3606579107358851
-0.3695382445433253
-0.3693484628018100
-0.3783367741753093
-0.3780390148677350
-0.3871353038072932
-0.3867295669336600
-0.3959338334392771
-0.3954201189995849
-0.4047323630712611
-0.4041106710655098
-0.4135308927032450
-0.4128012231314347
-0.4223294223352289
-0.4214917751973597
-0.4311279519672129
-0.4301823272632846
-0.4399264815991968
-0.4388728793292095
-0.4487250112311807
-0.4475634313951345
-0.4575235408631647
-0.4562539834610594
-0.4663220704951486
-0.4649445355269844
-0.4751206001271326
-0.4736350875929093
-0.4839191297591165
-0.4823256396588343
-0.4927176593911004
-0.4910161917247592
-0.5015161890230844
-0.4997067437906841
-0.5103147186550683
-0.5083972958566091
-0.5191132482870522
-0.5170878479225340
-0.5279117779190361
-0.5257783999884590
-0.5367103075510201
-0.5344689520543839
-0.5455088371830040
-0.5431595041203089
-0.5543073668149879
-0.5518500561862338
-0.5631058964469720
-0.5605406082521588
-0.5719044260789559
-0.5692311603180837
-0.5807029557109398
-0.1469463130731183
-0.1532119299208000
-0.1558521502290648
-0.1622243963867294
-0.1647579873850114
-0.1712368628526588
-0.1736638245409579
-0.1802493293185882
-0.1825696616969045
-0.1892617957845176
-0.1914754988528511
-0.1982742622504471
-0.2003813360087977
-0.2072867287163765
-0.2092871731647442
-0.2162991951823059
-0.2181930103206907
-0.2253116616482353
-0.2270988474766373
-0.2343241281141647
-0.2360046846325839
-0.2433365945800941
-0.2449105217885304
-0.2523490610460235
-0.2538163589444770
-0.2613615275119529
-0.2627221961004235
-0.2703739939778824
-0.2716280332563701
-0.2793864604438118
-0.2805338704123167
-0.2883989269097412
-0.2894397075682633
-0.2974113933756706
-0.2983455447242098
-0.3064238598416000
-0.3072513818801563
-0.3154363263075294
-0.3161572190361029
-0.3244487927734588
-0.3250630561920494
-0.3334612592393882
-0.3339688933479960
-0.3424737257053176
-0.3428747305039426
-0.3514861921712470
-0.3517805676598892
-0.3604986586371765
-0.3606864048158357
-0.3695111251031059
-0.3695922419717823
-0.3785235915690353
-0.3784980791277288
-0.3875360580349647
-0.3874039162836754
-0.3965485245008941
-0.3963097534396220
-0.4055609909668235
-0.4052155905955686
-0.4145734574327529
-0.4141214277515151
-0.4235859238986823
-0.4230272649074617
-0.4325983903646117
-0.4319331020634082
-0.4416108568305411
-0.4408389392193548
-0.4506233232964706
-0.4497447763753013
-0.4596357897624000
-0.4586506135312479
-0.4686482562283294
-0.4675564506871944
-0.4776607226942589
-0.4764622878431410
-0.4866731891601883
-0.4853681249990876
-0.4956856556261177
-0.4942739621550342
-0.5046981220920470
-0.5031797993109807
-0.5137105885579765
-0.5120856364669273
-0.5227230550239058
-0.5209914736228738
-0.5317355214898353
-0.5298973107788204
-0.5407479879557646
-0.5388031479347670
-0.5497604544216941
-0.5477089850907135
-0.5587729208876235
-0.5566148222466600
-0.5677853873535529
-0.5655206594026067
-0.5767978538194823
-0.5744264965585532
-0.5858103202854117
-0.5833323337144998
-0.5948227867513411
-0.1504537557880121
-0.1568021862598220
-0.1595721652297098
-0.1660258442751056
-0.1686905746714075
-0.1752495022903893
-0.1778089841131052
-0.1844731603056729
-0.1869273935548029
-0.1936968183209566
-0.1960458029965006
-0.2029204763362402
-0.2051642124381983
-0.2121441343515239
-0.2142826218798960
-0.2213677923668075
-0.2234010313215937
-0.2305914503820912
-0.2325194407632914
-0.2398151083973748
-0.2416378502049891
-0.2490387664126584
-0.2507562596466869
-0.2582624244279421
-0.2598746690883845
-0.2674860824432257
-0.2689930785300822
-0.2767097404585094
-0.2781114879717800
-0.2859333984737931
-0.2872298974134777
-0.2951570564890767
-0.2963483068551753
-0.3043807145043603
-0.3054667162968731
-0.3136043725196440
-0.3145851257385707
-0.3228280305349276
-0.3237035351802684
-0.3320516885502112
-0.3328219446219661
-0.3412753465654949
-0.3419403540636638
-0.3504990045807785
-0.3510587635053616
-0.3597226625960622
-0.3601771729470593
-0.3689463206113459
-0.3692955823887570
-0.3781699786266295
-0.3784139918304547
-0.3873936366419131
-0.3875324012721523
-0.3966172946571969
-0.3966508107138501
-0.4058409526724805
-0.4057692201555478
-0.4150646106877641
-0.4148876295972455
-0.4242882687030478
-0.4240060390389432
-0.4335119267183314
-0.4331244484806409
-0.4427355847336150
-0.4422428579223386
-0.4519592427488986
-0.4513612673640363
-0.4611829007641823
-0.4604796768057340
-0.4704065587794660
-0.4695980862474317
-0.4796302167947496
-0.4787164956891294
-0.4888538748100333
-0.4878349051308271
-0.4980775328253169
-0.4969533145725248
-0.5073011908406005
-0.5060717240142225
-0.5165248488558842
-0.5151901334559202
-0.5257485068711678
-0.5243085428976179
-0.5349721648864515
-0.5334269523393156
-0.5441958229017351
-0.5425453617810133
-0.5534194809170188
-0.5516637712227110
-0.5626431389323024
-0.5607821806644088
-0.5718667969475861
-0.5699005901061065
-0.5810904549628697
-0.5790189995478041
-0.5903141129781534
-0.5881374089895018
-0.5995377709934370
-0.5972558184311996
-0.6087614290087207
-0.1539153688314145
-0.1603446791339323
-0.1632435730030154
-0.1697767190829871
-0.1725717771746163
-0.1792087590320420
-0.1818999813462172
-0.1886407989810968
-0.1912281855178181
-0.1980728389301516
-0.2005563896894189
-0.2075048788792065
-0.2098845938610198
-0.2169369188282613
-0.2192127980326207
-0.2263689587773162
-0.2285410022042216
-0.2358009987263710
-0.2378692063758225
-0.2452330386754258
-0.2471974105474233
-0.2546650786244806
-0.2565256147190242
-0.2640971185735355
-0.2658538188906251
-0.2735291585225904
-0.2751820230622260
-0.2829611984716452
-0.2845102272338269
-0.2923932384207000
-0.2938384314054278
-0.3018252783697549
-0.3031666355770287
-0.3112573183188097
-0.3124948397486295
-0.3206893582678645
-0.3218230439202304
-0.3301213982169194
-0.3311512480918313
-0.3395534381659742
-0.3404794522634321
-0.3489854781150291
-0.3498076564350330
-0.3584175180640838
-0.3591358606066339
-0.3678495580131388
-0.3684640647782348
-0.3772815979621936
-0.3777922689498357
-0.3867136379112484
-0.3871204731214366
-0.3961456778603032
-0.3964486772930375
-0.4055777178093581
-0.4057768814646384
-0.4150097577584130
-0.4151050856362393
-0.4244417977074678
-0.4244332898078401
-0.4338738376565227
-0.4337614939794410
-0.4433058776055775
-0.4430896981510419
-0.4527379175546323
-0.4524179023226428
-0.4621699575036872
-0.4617461064942436
-0.4716019974527420
-0.4710743106658445
-0.4810340374017968
-0.4804025148374454
-0.4904660773508516
-0.4897307190090462
-0.4998981172999065
-0.4990589231806472
-0.5093301572489614
-0.5083871273522481
-0.5187621971980162
-0.5177153315238490
-0.5281942371470710
-0.5270435356954498
-0.5376262770961259
-0.5363717398670507
-0.5470583170451807
-0.5456999440386515
-0.5564903569942355
-0.5550281482102525
-0.5659223969432904
-0.5643563523818533
-0.5753544368923452
-0.5736845565534543
-0.5847864768414001
-0.5830127607250551
-0.5942185167904549
-0.5923409648966560
-0.6036505567395097
-0.6016691690682568
-0.6130825966885646
-0.6109973732398577
-0.6225146366376194
-0.1573300977624594
-0.1638383294654847
-0.1668652552026084
-0.1734758782575720
-0.1764004126427575
-0.1831134270496593
-0.1859355700829066
-0.1927509758417467
-0.1954707275230556
-0.2023885246338340
-0.2050058849632047
-0.2120260734259213
-0.2145410424033538
-0.2216636222180087
-0.2240761998435028
-0.2313011710100960
-0.2336113572836518
-0.2409387198021833
-0.2431465147238009
-0.2505762685942706
-0.2526816721639499
-0.2602138173863580
-0.2622168296040990
-0.2698513661784453
-0.2717519870442481
-0.2794889149705326
-0.2812871444843971
-0.2891264637626200
-0.2908223019245462
-0.2987640125547073
-0.3003574593646952
-0.3084015613467946
-0.3098926168048443
-0.3180391101388820
-0.3194277742449934
-0.3276766589309693
-0.3289629316851424
-0.3373142077230566
-0.3384980891252914
-0.3469517565151439
-0.3480332465654405
-0.3565893053072313
-0.3575684040055895
-0.3662268540993186
-0.3671035614457386
-0.3758644028914060
-0.3766387188858877
-0.3855019516834933
-0.3861738763260367
-0.3951395004755807
-0.3957090337661858
-0.4047770492676679
-0.4052441912063348
-0.4144145980597553
-0.4147793486464839
-0.4240521468518427
-0.4243145060866330
-0.4336896956439300
-0.4338496635267820
-0.4433272444360173
-0.4433848209669310
-0.4529647932281047
-0.4529199784070801
-0.4626023420201920
-0.4624551358472291
-0.4722398908122793
-0.4719902932873782
-0.4818774396043666
-0.4815254507275273
-0.4915149883964540
-0.4910606081676763
-0.5011525371885412
-0.5005957656078254
-0.5107900859806287
-0.5101309230479745
-0.5204276347727160
-0.5196660804881235
-0.5300651835648034
-0.5292012379282726
-0.5397027323568906
-0.5387363953684216
-0.5493402811489779
-0.5482715528085707
-0.5589778299410653
-0.5578067102487198
-0.5686153787331526
-0.5673418676888687
-0.5782529275252399
-0.5768770251290178
-0.5878904763173274
-0.5864121825691669
-0.5975280251094146
-0.5959473400093159
-0.6071655739015019
-0.6054824974494650
-0.6168031226935893
-0.6150176548896140
-0.6264406714856766
-0.6245528123297631
-0.6360782202777640
-0.1606969024216348
-0.1672820730547442
-0.1704361086290066
-0.1771221949991409
-0.1801753148363784
-0.1869623169435377
-0.1899145210437503
-0.1968024388879344
-0.1996537272511220
-0.2066425608323311
-0.2093929334584938
-0.2164826827767279
-0.2191321396658657
-0.2263228047211246
-0.2288713458732375
-0.2361629266655213
-0.2386105520806093
-0.2460030486099180
-0.2483497582879811
-0.2558431705543147
-0.2580889644953528
-0.2656832924987114
-0.2678281707027247
-0.2755234144431082
-0.2775673769100965
-0.2853635363875049
-0.2873065831174683
-0.2952036583319017
-0.2970457893248401
-0.3050437802762984
-0.3067849955322119
-0.3148839022206951
-0.3165242017395837
-0.3247240241650918
-0.3262634079469555
-0.3345641461094885
-0.3360026141543273
-0.3444042680538852
-0.3457418203616991
-0.3542443899982819
-0.3554810265690709
-0.3640845119426786
-0.3652202327764427
-0.3739246338870753
-0.3749594389838146
-0.3837647558314721
-0.3846986451911864
-0.3936048777758688
-0.3944378513985582
-0.4034449997202655
-0.4041770576059300
-0.4132851216646622
-0.4139162638133018
-0.4231252436090590
-0.4236554700206737
-0.4329653655534558
-0.4333946762280455
-0.4428054874978525
-0.4431338824354172
-0.4526456094422492
-0.4528730886427890
-0.4624857313866459
-0.4626122948501609
-0.4723258533310426
-0.4723515010575327
-0.4821659752754393
-0.4820907072649044
-0.4920060972198360
-0.4918299134722762
-0.5018462191642328
-0.5015691196796480
-0.5116863411086294
-0.5113083258870198
-0.5215264630530262
-0.5210475320943917
-0.5313665849974230
-0.5307867383017635
-0.5412067069418196
-0.5405259445091353
-0.5510468288862164
-0.5502651507165071
-0.5608869508306130
-0.5600043569238788
-0.5707270727750098
-0.5697435631312507
-0.5805671947194065
-0.5794827693386225
-0.5904073166638032
-0.5892219755459943
-0.6002474386082000
-0.5989611817533662
-0.6100875605525967
-0.6087003879607380
-0.6199276824969934
-0.6184395941681098
-0.6297678044413901
-0.6281788003754816
-0.6396079263857868
-0.6379180065828534
-0.6494480483301835
-0.1640147572476268
-0.1706748609040535
-0.1739550455656647
-0.1807145586042919
-0.1838953338837027
-0.1907542563045304
-0.1938356222017407
-0.2007939540047688
-0.2037759105197787
-0.2108336517050073
-0.2137161988378167
-0.2208733494052458
-0.2236564871558547
-0.2309130471054842
-0.2335967754738927
-0.2409527448057226
-0.2435370637919307
-0.2509924425059610
-0.2534773521099686
-0.2610321402061995
-0.2634176404280066
-0.2710718379064379
-0.2733579287460446
-0.2811115356066764
-0.2832982170640826
-0.2911512333069148
-0.2932385053821206
-0.3011909310071533
-0.3031787937001586
-0.3112306287073917
-0.3131190820181965
-0.3212703264076301
-0.3230593703362346
-0.3313100241078686
-0.3329996586542725
-0.3413497218081070
-0.3429399469723105
-0.3513894195083455
-0.3528802352903485
-0.3614291172085839
-0.3628205236083865
-0.3714688149088223
-0.3727608119264244
-0.3815085126090608
-0.3827011002444625
-0.3915482103092993
-0.3926413885625005
-0.4015879080095377
-0.4025816768805384
-0.4116276057097761
-0.4125219651985764
-0.4216673034100146
-0.4224622535166144
-0.4317070011102531
-0.4324025418346524
-0.4417466988104915
-0.4423428301526904
-0.4517863965107299
-0.4522831184707284
-0.4618260942109684
-0.4622234067887663
-0.4718657919112068
-0.4721636951068043
-0.4819054896114452
-0.4821039834248423
-0.4919451873116837
-0.4920442717428803
-0.5019848850119221
-0.5019845600609183
-0.5120245827121606
-0.5119248483789562
-0.5220642804123989
-0.5218651366969942
-0.5321039781126374
-0.5318054250150323
-0.5421436758128759
-0.5417457133330702
-0.5521833735131143
-0.5516860016511083
-0.5622230712133528
-0.5616262899691462
-0.5722627689135912
-0.5715665782871842
-0.5823024666138297
-0.5815068666052221
-0.5923421643140681
-0.5914471549232602
-0.6023818620143065
-0.6013874432412982
-0.6124215597145450
-0.6113277315593362
-0.6224612574147834
-0.6212680198773741
-0.6325009551150219
-0.6312083081954121
-0.6425406528152603
-0.6411485965134501
-0.6525803505154988
-0.6510888848314881
-0.6626200482157372
-0.1672826515897146
-0.1740156595373670
-0.1774209941103033
-0.1842518748042709
-0.1875593366308921
-0.1944880900711749
-0.1976976791514808
-0.2047243053380788
-0.2078360216720696
-0.2149605206049828
-0.2179743641926584
-0.2251967358718867
-0.2281127067132472
-0.2354329511387907
-0.2382510492338359
-0.2456691664056946
-0.2483893917544246
-0.2559053816725985
-0.2585277342750134
-0.2661415969395025
-0.2686660767956022
-0.2763778122064064
-0.2788044193161909
-0.2866140274733104
-0.2889427618367797
-0.2968502427402143
-0.2990811043573685
-0.3070864580071183
-0.3092194468779572
-0.3173226732740222
-0.3193577893985460
-0.3275588885409261
-0.3294961319191347
-0.3377951038078301
-0.3396344744397235
-0.3480313190747340
-0.3497728169603123
-0.3582675343416379
-0.3599111594809010
-0.3685037496085419
-0.3700495020014897
-0.3787399648754458
-0.3801878445220785
-0.3889761801423497
-0.3903261870426673
-0.3992123954092537
-0.4004645295632561
-0.4094486106761577
-0.4106028720838448
-0.4196848259430616
-0.4207412146044336
-0.4299210412099655
-0.4308795571250223
-0.4401572564768695
-0.4410178996456112
-0.4503934717437735
-0.4511562421661999
-0.4606296870106774
-0.4612945846867887
-0.4708659022775813
-0.4714329272073774
-0.4811021175444853
-0.4815712697279662
-0.4913383328113892
-0.4917096122485549
-0.5015745480782932
-0.5018479547691437
-0.5118107633451970
-0.5119862972897324
-0.5220469786121010
-0.5221246398103212
-0.5322831938790049
-0.5322629823309100
-0.5425194091459089
-0.5424013248514987
-0.5527556244128129
-0.5525396673720875
-0.5629918396797168
-0.5626780098926762
-0.5732280549466208
-0.5728163524132650
-0.5834642702135246
-0.5829546949338538
-0.5937004854804286
-0.5930930374544425
-0.6039367007473325
-0.6032313799750313
-0.6141729160142365
-0.6133697224956201
-0.6244091312811405
-0.6235080650162088
-0.6346453465480444
-0.6336464075367976
-0.6448815618149484
-0.6437847500573863
-0.6551177770818523
-0.6539230925779751
-0.6653539923487563
-0.6640614350985639
-0.6755902076156601
-0.1704995900156246
-0.1773034513150578
-0.1808328985014200
-0.1877330660982965
-0.1911662069872154
-0.1981626808815352
-0.2014995154730109
-0.2085922956647739
-0.2118328239588063
-0.2190219104480126
-0.2221661324446017
-0.2294515252312513
-0.2324994409303972
-0.2398811400144900
-0.2428327494161926
-0.2503107547977287
-0.2531660579019880
-0.2607403695809674
-0.2634993663877834
-0.2711699843642060
-0.2738326748735789
-0.2815995991474447
-0.2841659833593743
-0.2920292139306834
-0.2944992918451698
-0.3024588287139221
-0.3048326003309652
-0.3128884434971608
-0.3151659088167607
-0.3233180582803996
-0.3254992173025560
-0.3337476730636382
-0.3358325257883515
-0.3441772878468769
-0.3461658342741469
-0.3546069026301156
-0.3564991427599423
-0.3650365174133542
-0.3668324512457377
-0.3754661321965930
-0.3771657597315332
-0.3858957469798316
-0.3874990682173286
-0.3963253617630703
-0.3978323767031240
-0.4067549765463091
-0.4081656851889195
-0.4171845913295478
-0.4184989936747149
-0.4276142061127864
-0.4288323021605103
-0.4380438208960251
-0.4391656106463058
-0.4484734356792639
-0.4494989191321013
-0.4589030504625026
-0.4598322276178967
-0.4693326652457412
-0.4701655361036921
-0.4797622800289800
-0.4804988445894875
-0.4901918948122186
-0.4908321530752829
-0.5006215095954574
-0.5011654615610783
-0.5110511243786960
-0.5114987700468738
-0.5214807391619347
-0.5218320785326692
-0.5319103539451734
-0.5321653870184646
-0.5423399687284121
-0.5424986955042600
-0.5527695835116508
-0.5528320039900555
-0.5631991982948895
-0.5631653124758510
-0.5736288130781282
-0.5734986209616464
-0.5840584278613669
-0.5838319294474418
-0.5944880426446055
-0.5941652379332372
-0.6049176574278442
-0.6044985464190327
-0.6153472722110830
-0.6148318549048281
-0.6257768869943217
-0.6251651633906236
-0.6362065017775603
-0.6354984718764189
-0.6466361165607991
-0.6458317803622144
-0.6570657313440378
-0.6561650888480098
-0.6674953461272765
-0.6664983973338052
-0.6779249609105151
-0.6768317058196006
-0.6883545756937538
-0.1736645926147493
-0.1805372347439010
-0.1841897194398857
-0.1911570720817775
-0.1947148462650220
-0.2017769094196541
-0.2052399730901583
-0.2123967467575306
-0.2157650999152946
-0.2230165840954071
-0.2262902267404309
-0.2336364214332837
-0.2368153535655673
-0.2442562587711602
-0.2473404803907036
-0.2548760961090367
-0.2578656072158400
-0.2654959334469132
-0.2683907340409762
-0.2761157707847897
-0.2789158608661126
-0.2867356081226662
-0.2894409876912489
-0.2973554454605428
-0.2999661145163852
-0.3079752827984193
-0.3104912413415216
-0.3185951201362959
-0.3210163681666579
-0.3292149574741724
-0.3315414949917942
-0.3398347948120489
-0.3420666218169305
-0.3504546321499254
-0.3525917486420668
-0.3610744694878020
-0.3631168754672032
-0.3716943068256785
-0.3736420022923395
-0.3823141441635550
-0.3841671291174758
-0.3929339815014316
-0.3946922559426121
-0.4035538188393080
-0.4052173827677485
-0.4141736561771847
-0.4157425095928848
-0.4247934935150612
-0.4262676364180211
-0.4354133308529377
-0.4367927632431574
-0.4460331681908142
-0.4473178900682938
-0.4566530055286908
-0.4578430168934302
-0.4672728428665673
-0.4683681437185664
-0.4778926802044438
-0.4788932705437028
-0.4885125175423203
-0.4894183973688391
-0.4991323548801969
-0.4999435241939754
-0.5097521922180734
-0.5104686510191118
-0.5203720295559500
-0.5209937778442481
-0.5309918668938264
-0.5315189046693843
-0.5416117042317029
-0.5420440314945206
-0.5522315415695794
-0.5525691583196569
-0.5628513789074561
-0.5630942851447933
-0.5734712162453326
-0.5736194119699297
-0.5840910535832091
-0.5841445387950660
-0.5947108909210856
-0.5946696656202023
-0.6053307282589622
-0.6051947924453386
-0.6159505655968387
-0.6157199192704750
-0.6265704029347152
-0.6262450460956113
-0.6371902402725917
-0.6367701729207477
-0.6478100776104683
-0.6472952997458840
-0.6584299149483448
-0.6578204265710202
-0.6690497522862213
-0.6683455533961565
-0.6796695896240978
-0.6788706802212929
-0.6902894269619744
-0.6893958070464292
-0.7009092642998509
-0.1767766952966369
-0.1837160247821376
-0.1874904344055239
-0.1945228497693222
-0.1982041735144110
-0.2053296747565068
-0.2089179126232981
-0.2161364997436913
-0.2196316517321852
-0.2269433247308759
-0.2303453908410723
-0.2377501497180605
-0.2410591299499594
-0.2485569747052450
-0.2517728690588464
-0.2593637996924296
-0.2624866081677335
-0.2701706246796142
-0.2732003472766206
-0.2809774496667987
-0.2839140863855077
-0.2917842746539833
-0.2946278254943948
-0.3025910996411679
-0.3053415646032819
-0.3133979246283524
-0.3160553037121689
-0.3242047496155370
-0.3267690428210561
-0.3350115746027216
-0.3374827819299431
-0.3458183995899061
-0.3481965210388302
-0.3566252245770907
-0.3589102601477173
-0.3674320495642752
-0.3696239992566043
-0.3782388745514598
-0.3803377383654914
-0.3890456995386443
-0.3910514774743785
-0.3998525245258289
-0.4017652165832656
-0.4106593495130135
-0.4124789556921527
-0.4214661745001981
-0.4231926948010398
-0.4322729994873826
-0.4339064339099268
-0.4430798244745672
-0.4446201730188140
-0.4538866494617518
-0.4553339121277010
-0.4646934744489364
-0.4660476512365881
-0.4755002994361209
-0.4767613903454752
-0.4863071244233055
-0.4874751294543623
-0.4971139494104901
-0.4981888685632494
-0.5079207743976746
-0.5089026076721365
-0.5187275993848591
-0.5196163467810235
-0.5295344243720437
-0.5303300858899106
-0.5403412493592283
-0.5410438249987977
-0.5511480743464129
-0.5517575641076847
-0.5619548993335974
-0.5624713032165718
-0.5727617243207820
-0.5731850423254590
-0.5835685493079666
-0.5838987814343460
-0.5943753742951512
-0.5946125205432331
-0.6051821992823357
-0.6053262596521202
-0.6159890242695203
-0.6160399987610072
-0.6267958492567048
-0.6267537378698943
-0.6376026742438894
-0.6374674769787814
-0.6484094992310739
-0.6481812160876685
-0.6592163242182586
-0.6588949551965556
-0.6700231492054431
-0.6696086943054427
-0.6808299741926277
-0.6803224334143297
-0.6916367991798122
-0.6910361725232168
-0.7024436241669968
-0.7017499116321039
-0.7132504491541813
-0.1798349500846628
-0.1868388531395286
-0.1907340379685817
-0.1978293739124421
-0.2016331258525007
-0.2088198946853556
-0.2125322137364197
-0.2198104154582690
-0.2234313016203386
-0.2308009362311824
-0.2343303895042576
-0.2417914570040959
-0.2452294773881766
-0.2527819777770093
-0.2561285652720955
-0.2637724985499228
-0.2670276531560145
-0.2747630193228362
-0.2779267410399334
-0.2857535400957497
-0.2888258289238523
-0.2967440608686631
-0.2997249168077714
-0.3077345816415766
-0.3106240046916903
-0.3187251024144900
-0.3215230925756092
-0.3297156231874035
-0.3324221804595282
-0.3407061439603170
-0.3433212683434472
-0.3516966647332304
-0.3542203562273661
-0.3626871855061438
-0.3651194441112851
-0.3736777062790573
-0.3760185319952040
-0.3846682270519707
-0.3869176198791230
-0.3956587478248841
-0.3978167077630419
-0.4066492685977976
-0.4087157956469609
-0.4176397893707110
-0.4196148835308799
-0.4286303101436245
-0.4305139714147989
-0.4396208309165380
-0.4414130592987178
-0.4506113516894514
-0.4523121471826367
-0.4616018724623648
-0.4632112350665557
-0.4725923932352784
-0.4741103229504747
-0.4835829140081918
-0.4850094108343936
-0.4945734347811053
-0.4959084987183126
-0.5055639555540187
-0.5068075866022316
-0.5165544763269321
-0.5177066744861505
-0.5275449970998456
-0.5286057623700694
-0.5385355178727590
-0.5395048502539884
-0.5495260386456724
-0.5504039381379073
-0.5605165594185859
-0.5613030260218262
-0.5715070801914993
-0.5722021139057453
-0.5824976009644128
-0.5831012017896643
-0.5934881217373262
-0.5940002896735832
-0.6044786425102397
-0.6048993775575021
-0.6154691632831532
-0.6157984654414211
-0.6264596840560666
-0.6266975533253401
-0.6374502048289801
-0.6375966412092590
-0.6484407256018935
-0.6484957290931780
-0.6594312463748069
-0.6593948169770970
-0.6704217671477204
-0.6702939048610159
-0.6814122879206339
-0.6811929927449348
-0.6924028086935473
-0.6920920806288539
-0.7033933294664607
-0.7029911685127728
-0.7143838502393742
-0.7138902563966917
-0.7253743710122876
-0.1828384254047926
-0.1899047685723046
-0.1939195420959922
-0.2010756373118519
-0.2050006587871917
-0.2122465060513993
-0.2160817754783913
-0.2234173747909466
-0.2271628921695908
-0.2345882435304940
-0.2382440088607904
-0.2457591122700413
-0.2493251255519900
-0.2569299810095886
-0.2604062422431895
-0.2681008497491359
-0.2714873589343890
-0.2792717184886833
-0.2825684756255886
-0.2904425872282306
-0.2936495923167881
-0.3016134559677779
-0.3047307090079877
-0.3127843247073253
-0.3158118256991873
-0.3239551934468726
-0.3268929423903868
-0.3351260621864200
-0.3379740590815864
-0.3462969309259673
-0.3490551757727859
-0.3574677996655146
-0.3601362924639855
-0.3686386684050619
-0.3712174091551850
-0.3798095371446092
-0.3822985258463845
-0.3909804058841566
-0.3933796425375841
-0.4021512746237039
-0.4044607592287836
-0.4133221433632512
-0.4155418759199832
-0.4244930121027986
-0.4266229926111828
-0.4356638808423459
-0.4377041093023823
-0.4468347495818933
-0.4487852259935819
-0.4580056183214406
-0.4598663426847814
-0.4691764870609879
-0.4709474593759810
-0.4803473558005353
-0.4820285760671806
-0.4915182245400826
-0.4931096927583801
-0.5026890932796300
-0.5041908094495797
-0.5138599620191773
-0.5152719261407792
-0.5250308307587246
-0.5263530428319788
-0.5362016994982719
-0.5374341595231783
-0.5473725682378192
-0.5485152762143779
-0.5585434369773665
-0.5595963929055774
-0.5697143057169138
-0.5706775095967769
-0.5808851744564612
-0.5817586262879765
-0.5920560431960086
-0.5928397429791761
-0.6032269119355559
-0.6039208596703757
-0.6143977806751032
-0.6150019763615752
-0.6255686494146505
-0.6260830930527748
-0.6367395181541979
-0.6371642097439743
-0.6479103868937452
-0.6482453264351739
-0.6590812556332926
-0.6593264431263733
-0.6702521243728399
-0.6704075598175729
-0.6814229931123873
-0.6814886765087725
-0.6925938618519346
-0.6925697931999720
-0.7037647305914819
-0.7036509098911716
-0.7149355993310292
-0.7147320265823711
-0.7261064680705765
-0.7258131432735707
-0.7372773368101239
-0.1857862063693486
-0.1929128371729248
-0.1970459764523394
-0.2042606511242733
-0.2083057465353302
-0.2156084650756219
-0.2195655166183211
-0.2269562790269704
-0.2308252867013119
-0.2383040929783189
-0.2420850567843027
-0.2496519069296674
-0.2533448268672935
-0.2609997208810159
-0.2646045969502844
-0.2723475348323645
-0.2758643670332752
-0.2836953487837129
-0.2871241371162660
-0.2950431627350615
-0.2983839071992568
-0.3063909766864100
-0.3096436772822477
-0.3177387906377585
-0.3209034473652385
-0.3290866045891070
-0.3321632174482293
-0.3404344185404556
-0.3434229875312201
-0.3517822324918041
-0.3546827576142110
-0.3631300464431526
-0.3659425276972018
-0.3744778603945011
-0.3772022977801926
-0.3858256743458496
-0.3884620678631834
-0.3971734882971981
-0.3997218379461742
-0.4085213022485466
-0.4109816080291650
-0.4198691161998951
-0.4222413781121558
-0.4312169301512436
-0.4335011481951467
-0.4425647441025922
-0.4447609182781376
-0.4539125580539407
-0.4560206883611284
-0.4652603720052892
-0.4672804584441192
-0.4766081859566377
-0.4785402285271100
-0.4879559999079863
-0.4897999986101009
-0.4993038138593349
-0.5010597686930917
-0.5106516278106834
-0.5123195387760825
-0.5219994417620318
-0.5235793088590733
-0.5333472557133804
-0.5348390789420642
-0.5446950696647289
-0.5460988490250549
-0.5560428836160773
-0.5573586191080457
-0.5673906975674259
-0.5686183891910366
-0.5787385115187744
-0.5798781592740274
-0.5900863254701230
-0.5911379293570183
-0.6014341394214715
-0.6023976994400091
-0.6127819533728200
-0.6136574695229999
-0.6241297673241685
-0.6249172396059908
-0.6354775812755170
-0.6361770096889815
-0.6468253952268656
-0.6474367797719723
-0.6581732091782141
-0.6586965498549632
-0.6695210231295625
-0.6699563199379540
-0.6808688370809111
-0.6812160900209449
-0.6922166510322596
-0.6924758601039357
-0.7035644649836081
-0.7037356301869265
-0.7149122789349567
-0.7149954002699174
-0.7262600928863052
-0.7262551703529081
-0.7376079068376536
-0.7375149404358989
-0.7489557207890022
-0.1886773950556930
-0.1958621426545535
-0.2001123886954320
-0.2073834451636448
-0.2115473823351709
-0.2189047476727363
-0.2229823759749099
-0.2304260501818276
-0.2344173696146489
-0.2419473526909190
-0.2458523632543878
-0.2534686552000104
-0.2572873568941269
-0.2649899577091018
-0.2687223505338658
-0.2765112602181932
-0.2801573441736048
-0.2880325627272845
-0.2915923378133437
-0.2995538652363759
-0.3030273314530827
-0.3110751677454673
-0.3144623250928217
-0.3225964702545587
-0.3258973187325607
-0.3341177727636501
-0.3373323123722996
-0.3456390752727415
-0.3487673060120386
-0.3571603777818328
-0.3602022996517776
-0.3686816802909242
-0.3716372932915165
-0.3802029828000156
-0.3830722869312555
-0.3917242853091070
-0.3945072805709944
-0.4032455878181983
-0.4059422742107334
-0.4147668903272897
-0.4173772678504724
-0.4262881928363811
-0.4288122614902113
-0.4378094953454724
-0.4402472551299504
-0.4493307978545639
-0.4516822487696893
-0.4608521003636553
-0.4631172424094283
-0.4723734028727467
-0.4745522360491672
-0.4838947053818380
-0.4859872296889062
-0.4954160078909294
-0.4974222233286453
-0.5069373104000209
-0.5088572169683843
-0.5184586129091122
-0.5202922106081231
-0.5299799154182036
-0.5317272042478621
-0.5415012179272949
-0.5431621978876011
-0.5530225204363863
-0.5545971915273401
-0.5645438229454777
-0.5660321851670790
-0.5760651254545690
-0.5774671788068180
-0.5875864279636605
-0.5889021724465570
-0.5991077304727518
-0.6003371660862958
-0.6106290329818432
-0.6117721597260349
-0.6221503354909346
-0.6232071533657739
-0.6336716380000260
-0.6346421470055128
-0.6451929405091174
-0.6460771406452518
-0.6567142430182087
-0.6575121342849908
-0.6682355455273001
-0.6689471279247298
-0.6797568480363915
-0.6803821215644686
-0.6912781505454828
-0.6918171152042077
-0.7027994530545743
-0.7032521088439467
-0.7143207555636657
-0.7146871024836856
-0.7258420580727570
-0.7261220961234246
-0.7373633605818484
-0.7375570897631636
-0.7488846630909398
-0.7489920834029026
-0.7604059656000312
-0.1915111107797445
-0.1987517866301703
-0.2031178447663956
-0.2104430681966509
-0.2147245787530468
-0.2221343497631315
-0.2263313127396980
-0.2338256313296121
-0.2379380467263492
-0.2455169128960927
-0.2495447807130004
-0.2572081944625734
-0.2611515146996516
-0.2688994760290540
-0.2727582486863028
-0.2805907575955345
-0.2843649826729539
-0.2922820391620152
-0.2959717166596051
-0.3039733207284958
-0.3075784506462563
-0.3156646022949763
-0.3191851846329075
-0.3273558838614570
-0.3307919186195586
-0.3390471654279376
-0.3423986526062098
-0.3507384469944182
-0.3540053865928610
-0.3624297285608988
-0.3656121205795122
-0.3741210101273794
-0.3772188545661634
-0.3858122916938600
-0.3888255885528145
-0.3975035732603406
-0.4004323225394657
-0.4091948548268212
-0.4120390565261169
-0.4208861363933018
-0.4236457905127681
-0.4325774179597824
-0.4352525244994192
-0.4442686995262630
-0.4468592584860705
-0.4559599810927437
-0.4584659924727216
-0.4676512626592242
-0.4700727264593728
-0.4793425442257048
-0.4816794604460240
-0.4910338257921855
-0.4932861944326751
-0.5027251073586662
-0.5048929284193264
-0.5144163889251467
-0.5164996624059776
-0.5261076704916273
-0.5281063963926288
-0.5377989520581079
-0.5397131303792799
-0.5494902336245885
-0.5513198643659311
-0.5611815151910691
-0.5629265983525823
-0.5728727967575497
-0.5745333323392334
-0.5845640783240303
-0.5861400663258846
-0.5962553598905109
-0.5977468003125358
-0.6079466414569915
-0.6093535342991869
-0.6196379230234722
-0.6209602682858382
-0.6313292045899528
-0.6325670022724894
-0.6430204861564334
-0.6441737362591405
-0.6547117677229140
-0.6557804702457917
-0.6664030492893945
-0.6673872042324429
-0.6780943308558751
-0.6789939382190940
-0.6897856124223557
-0.6906006722057452
-0.7014768939888364
-0.7022074061923965
-0.7131681755553170
-0.7138141401790477
-0.7248594571217977
-0.7254208741656988
-0.7365507386882783
-0.7370276081523500
-0.7482420202547588
-0.7486343421390012
-0.7599333018212394
-0.7602410761256523
-0.7716245833877200
-0.1942864903642426
-0.2015808888862278
-0.2060614291741967
-0.2134385882324765
-0.2178363679841508
-0.2252962875787252
-0.2296113067941050
-0.2371539869249739
-0.2413862456040591
-0.2490116862712226
-0.2531611844140131
-0.2608693856174713
-0.2649361232239673
-0.2727270849637200
-0.2767110620339214
-0.2845847843099686
-0.2884860008438754
-0.2964424836562173
-0.3002609396538296
-0.3083001830024660
-0.3120358784637836
-0.3201578823487147
-0.3238108172737377
-0.3320155816949634
-0.3355857560836918
-0.3438732810412121
-0.3473606948936459
-0.3557309803874609
-0.3591356337036001
-0.3675886797337095
-0.3709105725135541
-0.3794463790799582
-0.3826855113235083
-0.3913040784262069
-0.3944604501334623
-0.4031617777724556
-0.4062353889434164
-0.4150194771187043
-0.4180103277533705
-0.4268771764649529
-0.4297852665633246
-0.4387348758112016
-0.4415602053732787
-0.4505925751574503
-0.4533351441832328
-0.4624502745036991
-0.4651100829931870
-0.4743079738499478
-0.4768850218031410
-0.4861656731961965
-0.4886599606130951
-0.4980233725424452
-0.5004348994230492
-0.5098810718886939
-0.5122098382330034
-0.5217387712349426
-0.5239847770429574
-0.5335964705811913
-0.5357597158529116
-0.5454541699274400
-0.5475346546628657
-0.5573118692736887
-0.5593095934728197
-0.5691695686199373
-0.5710845322827738
-0.5810272679661860
-0.5828594710927280
-0.5928849673124347
-0.5946344099026820
-0.6047426666586834
-0.6064093487126361
-0.6166003660049321
-0.6181842875225902
-0.6284580653511809
-0.6299592263325444
-0.6403157646974296
-0.6417341651424985
-0.6521734640436782
-0.6535091039524525
-0.6640311633899268
-0.6652840427624066
-0.6758888627361755
-0.6770589815723608
-0.6877465620824242
-0.6888339203823148
-0.6996042614286729
-0.7006088591922689
-0.7114619607749216
-0.7123837980022231
-0.7233196601211704
-0.7241587368121771
-0.7351773594674190
-0.7359336756221313
-0.7470350588136677
-0.7477086144320854
-0.7588927581599164
-0.7594835532420394
-0.7707504575061651
-0.7712584920519935
-0.7826081568524138
-0.1970026884016805
-0.2043485876507728
-0.2089422452745096
-0.2163690928067006
-0.2208818021473388
-0.2283895979626284
-0.2328213590201679
-0.2404101031185562
-0.2447609158929970
-0.2524306082744840
-0.2567004727658261
-0.2644511134304119
-0.2686400296386553
-0.2764716185863397
-0.2805795865114844
-0.2884921237422675
-0.2925191433843135
-0.3005126288981952
-0.3044587002571426
-0.3125331340541231
-0.3163982571299717
-0.3245536392100509
-0.3283378140028009
-0.3365741443659787
-0.3402773708756300
-0.3485946495219065
-0.3522169277484591
-0.3606151546778343
-0.3641564846212883
-0.3726356598337621
-0.3760960414941174
-0.3846561649896900
-0.3880355983669465
-0.3966766701456177
-0.3999751552397756
-0.4086971753015455
-0.4119147121126047
-0.4207176804574734
-0.4238542689854338
-0.4327381856134012
-0.4357938258582629
-0.4447586907693289
-0.4477333827310921
-0.4567791959252567
-0.4596729396039212
-0.4687997010811846
-0.4716124964767504
-0.4808202062371124
-0.4835520533495795
-0.4928407113930403
-0.4954916102224086
-0.5048612165489680
-0.5074311670952377
-0.5168817217048959
-0.5193707239680669
-0.5289022268608238
-0.5313102808408960
-0.5409227320167516
-0.5432498377137251
-0.5529432371726793
-0.5551893945865543
-0.5649637423286071
-0.5671289514593834
-0.5769842474845349
-0.5790685083322125
-0.5890047526404627
-0.5910080652050416
-0.6010252577963905
-0.6029476220778707
-0.6130457629523183
-0.6148871789506998
-0.6250662681082462
-0.6268267358235289
-0.6370867732641741
-0.6387662926963581
-0.6491072784201019
-0.6507058495691872
-0.6611277835760296
-0.6626454064420163
-0.6731482887319574
-0.6745849633148455
-0.6851687938878852
-0.6865245201876746
-0.6971892990438130
-0.6984640770605037
-0.7092098041997408
-0.7104036339333328
-0.7212303093556686
-0.7223431908061620
-0.7332508145115965
-0.7342827476789912
-0.7452713196675242
-0.7462223045518203
-0.7572918248234521
-0.7581618614246494
-0.7693123299793799
-0.7701014182974785
-0.7813328351353077
-0.7820409751703076
-0.7933533402912355
-0.1996588775118232
-0.2070540398559499
-0.2117594155428428
-0.2192336892592411
-0.2238599535738624
-0.2314133386625323
-0.2359604916048820
-0.2435929880658235
-0.2480610296359016
-0.2557726374691147
-0.2601615676669211
-0.2679522868724059
-0.2722621056979407
-0.2801319362756970
-0.2843626437289604
-0.2923115856789882
-0.2964631817599799
-0.3044912350822794
-0.3085637197909995
-0.3166708844855705
-0.3206642578220191
-0.3288505338888617
-0.3327647958530387
-0.3410301832921529
-0.3448653338840583
-0.3532098326954440
-0.3569658719150778
-0.3653894820987353
-0.3690664099460975
-0.3775691315020264
-0.3811669479771170
-0.3897487809053176
-0.3932674860081366
-0.4019284303086088
-0.4053680240391562
-0.4141080797118999
-0.4174685620701758
-0.4262877291151911
-0.4295691001011954
-0.4384673785184822
-0.4416696381322149
-0.4506470279217734
-0.4537701761632345
-0.4628266773250646
-0.4658707141942542
-0.4750063267283558
-0.4779712522252738
-0.4871859761316470
-0.4900717902562933
-0.4993656255349381
-0.5021723282873130
-0.5115452749382293
-0.5142728663183325
-0.5237249243415205
-0.5263734043493522
-0.5359045737448117
-0.5384739423803717
-0.5480842231481029
-0.5505744804113913
-0.5602638725513941
-0.5626750184424109
-0.5724435219546852
-0.5747755564734305
-0.5846231713579764
-0.5868760945044500
-0.5968028207612676
-0.5989766325354696
-0.6089824701645588
-0.6110771705664892
-0.6211621195678498
-0.6231777085975088
-0.6333417689711410
-0.6352782466285284
-0.6455214183744323
-0.6473787846595480
-0.6577010677777234
-0.6594793226905676
-0.6698807171810146
-0.6715798607215872
-0.6820603665843058
-0.6836803987526068
-0.6942400159875970
-0.6957809367836263
-0.7064196653908881
-0.7078814748146459
-0.7185993147941793
-0.7199820128456654
-0.7307789641974705
-0.7320825508766852
-0.7429586136007617
-0.7441830889077047
-0.7551382630040528
-0.7562836269387243
-0.7673179124073440
-0.7683841649697439
-0.7794975618106352
-0.7804847030007634
-0.7916772112139263
-0.7925852410317831
-0.8038568606172175
-0.2022542485937368
-0.2096964213948095
-0.2145120818418421
-0.2220315050062689
-0.2267699150899473
-0.2343665886177283
-0.2390277483380526
-0.2467016722291877
-0.2512855815861579
-0.2590367558406471
-0.2635434148342631
-0.2713718394521065
-0.2758012480823684
-0.2837069230635659
-0.2880590813304737
-0.2960420066750252
-0.3003169145785790
-0.3083770902864846
-0.3125747478266842
-0.3207121738979440
-0.3248325810747895
-0.3330472575094033
-0.3370904143228947
-0.3453823411208627
-0.3493482475710000
-0.3577174247323222
-0.3616060808191052
-0.3700525083437816
-0.3738639140672105
-0.3823875919552409
-0.3861217473153158
-0.3947226755667003
-0.3983795805634210
-0.4070577591781597
-0.4106374138115263
-0.4193928427896190
-0.4228952470596316
-0.4317279264010784
-0.4351530803077368
-0.4440630100125378
-0.4474109135558421
-0.4563980936239972
-0.4596687468039473
-0.4687331772354565
-0.4719265800520526
-0.4810682608469160
-0.4841844133001579
-0.4934033444583754
-0.4964422465482631
-0.5057384280698347
-0.5087000797963684
-0.5180735116812941
-0.5209579130444737
-0.5304085952927536
-0.5332157462925790
-0.5427436789042129
-0.5454735795406842
-0.5550787625156723
-0.5577314127887895
-0.5674138461271317
-0.5699892460368947
-0.5797489297385910
-0.5822470792850000
-0.5920840133500505
-0.5945049125331052
-0.6044190969615099
-0.6067627457812105
-0.6167541805729692
-0.6190205790293157
-0.6290892641844286
-0.6312784122774210
-0.6414243477958880
-0.6435362455255262
-0.6537594314073474
-0.6557940787736316
-0.6660945150188068
-0.6680519120217369
-0.6784295986302662
-0.6803097452698421
-0.6907646822417255
-0.6925675785179474
-0.7030997658531849
-0.7048254117660526
-0.7154348494646443
-0.7170832450141579
-0.7277699330761036
-0.7293410782622631
-0.7401050166875630
-0.7415989115103685
-0.7524401002990225
-0.7538567447584738
-0.7647751839104818
-0.7661145780065790
-0.7771102675219412
-0.7783724112546843
-0.7894453511334006
-0.7906302445027895
-0.8017804347448599
-0.8028880777508948
-0.8141155183563193
-0.2047880110722479
-0.2122749273723374
-0.2171994056826871
-0.2247616878060043
-0.2296108002931264
-0.2372484482396712
-0.2420221949035657
-0.2497352086733381
-0.2544335895140050
-0.2622219691070050
-0.2668449841244442
-0.2747087295406719
-0.2792563787348835
-0.2871954899743388
-0.2916677733453228
-0.2996822504080057
-0.3040791679557620
-0.3121690108416726
-0.3164905625662013
-0.3246557712753395
-0.3289019571766406
-0.3371425317090064
-0.3413133517870798
-0.3496292921426734
-0.3537247463975191
-0.3621160525763402
-0.3661361410079583
-0.3746028130100072
-0.3785475356183977
-0.3870895734436741
-0.3909589302288369
-0.3995763338773410
-0.4033703248392762
-0.4120630943110078
-0.4157817194497154
-0.4245498547446747
-0.4281931140601546
-0.4370366151783416
-0.4406045086705939
-0.4495233756120085
-0.4530159032810332
-0.4620101360456754
-0.4654272978914724
-0.4744968964793423
-0.4778386925019118
-0.4869836569130093
-0.4902500871123510
-0.4994704173466762
-0.5026614817227903
-0.5119571777803431
-0.5150728763332295
-0.5244439382140100
-0.5274842709436688
-0.5369306986476770
-0.5398956655541082
-0.5494174590813439
-0.5523070601645474
-0.5619042195150108
-0.5647184547749866
-0.5743909799486776
-0.5771298493854259
-0.5868777403823445
-0.5895412439958652
-0.5993645008160114
-0.6019526386063044
-0.6118512612496784
-0.6143640332167437
-0.6243380216833452
-0.6267754278271830
-0.6368247821170121
-0.6391868224376221
-0.6493115425506790
-0.6515982170480614
-0.6617983029843459
-0.6640096116585008
-0.6742850634180129
-0.6764210062689401
-0.6867718238516798
-0.6888324008793794
-0.6992585842853467
-0.7012437954898185
-0.7117453447190135
-0.7136551901002578
-0.7242321051526804
-0.7260665847106971
-0.7367188655863474
-0.7384779793211363
-0.7492056260200143
-0.7508893739315756
-0.7616923864536812
-0.7633007685420149
-0.7741791468873481
-0.7757121631524542
-0.7866659073210150
-0.7881235577628934
-0.7991526677546820
-0.8005349523733327
-0.8116394281883488
-0.8129463469837720
-0.8241261886220157
-0.2072593931387605
-0.2147887723506343
-0.2198205684805035
-0.2274234060183187
-0.2323817438222466
-0.2400580396860031
-0.2449429191639896
-0.2526926733536874
-0.2575040945057327
-0.2653273070213718
-0.2700652698474758
-0.2779619406890562
-0.2826264451892188
-0.2905965743567406
-0.2951876205309619
-0.3032312080244249
-0.3077487958727049
-0.3158658416921093
-0.3203099712144480
-0.3285004753597937
-0.3328711465561910
-0.3411351090274780
-0.3454323218979341
-0.3537697426951624
-0.3579934972396772
-0.3664043763628468
-0.3705546725814202
-0.3790390100305312
-0.3831158479231633
-0.3916736436982156
-0.3956770232649063
-0.4043082773658999
-0.4082381986066494
-0.4169429110335843
-0.4207993739483925
-0.4295775447012686
-0.4333605492901355
-0.4422121783689530
-0.4459217246318785
-0.4548468120366373
-0.4584828999736216
-0.4674814457043217
-0.4710440753153646
-0.4801160793720061
-0.4836052506571078
-0.4927507130396905
-0.4961664259988508
-0.5053853467073749
-0.5087276013405939
-0.5180199803750593
-0.5212887766823369
-0.5306546140427436
-0.5338499520240799
-0.5432892477104281
-0.5464111273658231
-0.5559238813781124
-0.5589723027075661
-0.5685585150457968
-0.5715334780493092
-0.5811931487134812
-0.5840946533910523
-0.5938277823811655
-0.5966558287327953
-0.6064624160488499
-0.6092170040745384
-0.6190970497165342
-0.6217781794162813
-0.6317316833842186
-0.6343393547580244
-0.6443663170519029
-0.6469005300997674
-0.6570009507195873
-0.6594617054415105
-0.6696355843872718
-0.6720228807832537
-0.6822702180549561
-0.6845840561249967
-0.6949048517226405
-0.6971452314667398
-0.7075394853903249
-0.7097064068084828
-0.7201741190580092
-0.7222675821502259
-0.7328087527256936
-0.7348287574919689
-0.7454433863933779
-0.7473899328337119
-0.7580780200610623
-0.7599511081754551
-0.7707126537287468
-0.7725122835171981
-0.7833472873964311
-0.7850734588589412
-0.7959819210641155
-0.7976346342006843
-0.8086165547317998
-0.8101958095424273
-0.8212511883994842
-0.8227569848841704
-0.8338858220671685
-0.2096676419863560
-0.2172371905881676
-0.2223747718037109
-0.2300158488580598
-0.2350819016210658
-0.2427945071279520
-0.2477890314384208
-0.2555731653978442
-0.2604961612557756
-0.2683518236677364
-0.2732032910731306
-0.2811304819376287
-0.2859104208904855
-0.2939091402075209
-0.2986175507078404
-0.3066877984774131
-0.3113246805251953
-0.3194664567473053
-0.3240318103425502
-0.3322451150171975
-0.3367389401599051
-0.3450237732870897
-0.3494460699772600
-0.3578024315569819
-0.3621531997946149
-0.3705810898268741
-0.3748603296119699
-0.3833597480967664
-0.3875674594293248
-0.3961384063666586
-0.4002745892466797
-0.4089170646365508
-0.4129817190640346
-0.4216957229064430
-0.4256888488813895
-0.4344743811763352
-0.4383959786987444
-0.4472530394462274
-0.4511031085160992
-0.4600316977161196
-0.4638102383334542
-0.4728103559860118
-0.4765173681508091
-0.4855890142559040
-0.4892244979681641
-0.4983676725257963
-0.5019316277855189
-0.5111463307956885
-0.5146387576028738
-0.5239249890655807
-0.5273458874202288
-0.5367036473354728
-0.5400530172375837
-0.5494823056053652
-0.5527601470549387
-0.5622609638752574
-0.5654672768722936
-0.5750396221451496
-0.5781744066896485
-0.5878182804150418
-0.5908815365070034
-0.6005969386849339
-0.6035886663243583
-0.6133755969548261
-0.6162957961417131
-0.6261542552247183
-0.6290029259590680
-0.6389329134946106
-0.6417100557764229
-0.6517115717645028
-0.6544171855937778
-0.6644902300343950
-0.6671243154111327
-0.6772688883042872
-0.6798314452284877
-0.6900475465741794
-0.6925385750458426
-0.7028262048440717
-0.7052457048631975
-0.7156048631139639
-0.7179528346805524
-0.7283835213838561
-0.7306599644979073
-0.7411621796537482
-0.7433670943152623
-0.7539408379236404
-0.7560742241326172
-0.7667194961935326
-0.7687813539499722
-0.7794981544634250
-0.7814884837673270
-0.7922768127333172
-0.7941956135846819
-0.8050554710032093
-0.8069027434020368
-0.8178341292731015
-0.8196098732193917
-0.8306127875429937
-0.8323170030367466
-0.8433914458128859
-0.2120120240391065
-0.2196194362730238
-0.2248612376172341
-0.2325382266420252
-0.2377104511953618
-0.2454570170110266
-0.2505596647734895
-0.2583758073800280
-0.2634088783516171
-0.2712945977490294
-0.2762580919297448
-0.2842133881180308
-0.2891073055078725
-0.2971321784870322
-0.3019565190860002
-0.3100509688560336
-0.3148057326641278
-0.3229697592250350
-0.3276549462422555
-0.3358885495940364
-0.3405041598203831
-0.3488073399630378
-0.3533533733985108
-0.3617261303320392
-0.3662025869766385
-0.3746449207010406
-0.3790518005547661
-0.3875637110700421
-0.3919010141328939
-0.4004825014390434
-0.4047502277110215
-0.4134012918080448
-0.4175994412891492
-0.4263200821770462
-0.4304486548672768
-0.4392388725460476
-0.4432978684454045
-0.4521576629150490
-0.4561470820235321
-0.4650764532840503
-0.4689962956016598
-0.4779952436530517
-0.4818455091797874
-0.4909140340220531
-0.4946947227579152
-0.5038328243910546
-0.5075439363360428
-0.5167516147600560
-0.5203931499141705
-0.5296704051290574
-0.5332423634922981
-0.5425891954980588
-0.5460915770704258
-0.5555079858670603
-0.5589407906485535
-0.5684267762360616
-0.5717900042266812
-0.5813455666050631
-0.5846392178048089
-0.5942643569740644
-0.5974884313829365
-0.6071831473430658
-0.6103376449610641
-0.6201019377120672
-0.6231868585391919
-0.6330207280810686
-0.6360360721173195
-0.6459395184500700
-0.6488852856954471
-0.6588583088190714
-0.6617344992735747
-0.6717770991880728
-0.6745837128517024
-0.6846958895570743
-0.6874329264298302
-0.6976146799260756
-0.7002821400079579
-0.7105334702950771
-0.7131313535860855
-0.7234522606640784
-0.7259805671642131
-0.7363710510330798
-0.7388297807423408
-0.7492898414020812
-0.7516789943204685
-0.7622086317710826
-0.7645282078985961
-0.7751274221400840
-0.7773774214767238
-0.7880462125090855
-0.7902266350548515
-0.8009650028780868
-0.8030758486329792
-0.8138837932470883
-0.8159250622111068
-0.8268025836160896
-0.8287742757892345
-0.8397213739850911
-0.8416234893673621
-0.8526401643540924
-0.2142918251755280
-0.2219347837500900
-0.2272792085194994
-0.2349897710295070
-0.2402665918634708
-0.2480447583089241
-0.2532539752074423
-0.2610997455883411
-0.2662413585514136
-0.2741547328677582
-0.2792287418953850
-0.2872097201471753
-0.2922161252393564
-0.3002647074265923
-0.3052035085833278
-0.3133196947060094
-0.3181908919272992
-0.3263746819854265
-0.3311782752712706
-0.3394296692648435
-0.3441656586152420
-0.3524846565442605
-0.3571530419592134
-0.3655396438236777
-0.3701404253031848
-0.3785946311030947
-0.3831278086471562
-0.3916496183825118
-0.3961151919911276
-0.4047046056619288
-0.4091025753350990
-0.4177595929413458
-0.4220899586790703
-0.4308145802207629
-0.4350773420230418
-0.4438695675001800
-0.4480647253670131
-0.4569245547795970
-0.4610521087109845
-0.4699795420590140
-0.4740394920549559
-0.4830345293384311
-0.4870268753989273
-0.4960895166178482
-0.5000142587428987
-0.5091445038972653
-0.5130016420868702
-0.5221994911766823
-0.5259890254308416
-0.5352544784560994
-0.5389764087748129
-0.5483094657355164
-0.5519637921187843
-0.5613644530149335
-0.5649511754627558
-0.5744194402943507
-0.5779385588067272
-0.5874744275737677
-0.5909259421506986
-0.6005294148531847
-0.6039133254946699
-0.6135844021326018
-0.6169007088386413
-0.6266393894120188
-0.6298880921826127
-0.6396943766914358
-0.6428754755265841
-0.6527493639708529
-0.6558628588705555
-0.6658043512502699
-0.6688502422145268
-0.6788593385296869
-0.6818376255584983
-0.6919143258091042
-0.6948250089024697
-0.7049693130885212
-0.7078123922464411
-0.7180243003679382
-0.7207997755904125
-0.7310792876473553
-0.7337871589343838
-0.7441342749267723
-0.7467745422783553
-0.7571892622061893
-0.7597619256223266
-0.7702442494856064
-0.7727493089662980
-0.7832992367650234
-0.7857366923102695
-0.7963542240444406
-0.7987240756542409
-0.8094092113238577
-0.8117114589982123
-0.8224641986032747
-0.8246988423421836
-0.8355191858826917
-0.8376862256861550
-0.8485741731621088
-0.8506736090301265
-0.8616291604415258
-0.2165063509461096
-0.2241825277420953
-0.2296279479731465
-0.2373697352563362
-0.2427495450001834
-0.2505569427705772
-0.2558711420272204
-0.2637441502848181
-0.2689927390542574
-0.2769313577990590
-0.2821143360812943
-0.2901185653132999
-0.2952359331083313
-0.3033057728275408
-0.3083575301353682
-0.3164929803417817
-0.3214791271624052
-0.3296801878560225
-0.3346007241894421
-0.3428673953702635
-0.3477223212164790
-0.3560546028845044
-0.3608439182435160
-0.3692418103987453
-0.3739655152705529
-0.3824290179129862
-0.3870871122975899
-0.3956162254272271
-0.4002087093246269
-0.4088034329414680
-0.4133303063516638
-0.4219906404557089
-0.4264519033787007
-0.4351778479699498
-0.4395735004057377
-0.4483650554841907
-0.4526950974327746
-0.4615522629984316
-0.4658166944598115
-0.4747394705126725
-0.4789382914868485
-0.4879266780269134
-0.4920598885138854
-0.5011138855411542
-0.5051814855409225
-0.5143010930553953
-0.5183030825679593
-0.5274883005696361
-0.5314246795949963
-0.5406755080838770
-0.5445462766220333
-0.5538627155981179
-0.5576678736490701
-0.5670499231123589
-0.5707894706761072
-0.5802371306265998
-0.5839110677031442
-0.5934243381408407
-0.5970326647301810
-0.6066115456550816
-0.6101542617572180
-0.6197987531693224
-0.6232758587842550
-0.6329859606835634
-0.6363974558112918
-0.6461731681978042
-0.6495190528383288
-0.6593603757120451
-0.6626406498653657
-0.6725475832262860
-0.6757622468924026
-0.6857347907405269
-0.6888838439194396
-0.6989219982547679
-0.7020054409464767
-0.7121092057690088
-0.7151270379735135
-0.7252964132832497
-0.7282486350005505
-0.7384836207974905
-0.7413702320275875
-0.7516708283117315
-0.7544918290546243
-0.7648580358259723
-0.7676134260816613
-0.7780452433402133
-0.7807350231086982
-0.7912324508544542
-0.7938566201357352
-0.8044196583686951
-0.8069782171627722
-0.8176068658829361
-0.8200998141898092
-0.8307940733971769
-0.8332214112168460
-0.8439812809114178
-0.8463430082438830
-0.8571684884256587
-0.8594646052709199
-0.8703556959398996
-0.2186549267848490
-0.2263619835644457
-0.2319067405293853
-0.2396773943623542
-0.2451585542739216
-0.2529928051602628
-0.2584103680184579
-0.2663082159581714
-0.2716621817629942
-0.2796236267560799
-0.2849139955075305
-0.2929390375539886
-0.2981658092520668
-0.3062544483518971
-0.3114176229966031
-0.3195698591498057
-0.3246694367411394
-0.3328852699477142
-0.3379212504856757
-0.3462006807456228
-0.3511730642302120
-0.3595160915435314
-0.3644248779747483
-0.3728315023414400
-0.3776766917192846
-0.3861469131393485
-0.3909285054638209
-0.3994623239372571
-0.4041803192083572
-0.4127777347351657
-0.4174321329528936
-0.4260931455330743
-0.4306839466974298
-0.4394085563309828
-0.4439357604419661
-0.4527239671288913
-0.4571875741865024
-0.4660393779267999
-0.4704393879310387
-0.4793547887247085
-0.4836912016755750
-0.4926701995226170
-0.4969430154201113
-0.5059856103205256
-0.5101948291646476
-0.5193010211184342
-0.5234466429091840
-0.5326164319163428
-0.5366984566537203
-0.5459318427142513
-0.5499502703982565
-0.5592472535121599
-0.5632020841427928
-0.5725626643100685
-0.5764538978873293
-0.5858780751079772
-0.5897057116318655
-0.5991934859058857
-0.6029575253764018
-0.6125088967037943
-0.6162093391209381
-0.6258243075017028
-0.6294611528654744
-0.6391397182996114
-0.6427129666100106
-0.6524551290975199
-0.6559647803545470
-0.6657705398954284
-0.6692165940990833
-0.6790859506933370
-0.6824684078436195
-0.6924013614912456
-0.6957202215881558
-0.7057167722891543
-0.7089720353326923
-0.7190321830870628
-0.7222238490772285
-0.7323475938849714
-0.7354756628217648
-0.7456630046828799
-0.7487274765663011
-0.7589784154807885
-0.7619792903108374
-0.7722938262786970
-0.7752311040553737
-0.7856092370766056
-0.7884829177999100
-0.7989246478745141
-0.8017347315444464
-0.8122400586724228
-0.8149865452889826
-0.8255554694703314
-0.8282383590335189
-0.8388708802682400
-0.8414901727780553
-0.8521862910661485
-0.8547419865225915
-0.8655017018640571
-0.8679938002671278
-0.8788171126619656
-0.2207368982147317
-0.2284724873337844
-0.2341148920459276
-0.2419120454122423
-0.2474928858771235
-0.2553516034907002
-0.2608708797083193
-0.2687911615691581
-0.2742488735395152
-0.2822307196476160
-0.2876268673707111
-0.2956702777260740
-0.3010048612019069
-0.3091098358045319
-0.3143828550331028
-0.3225493938829898
-0.3277608488642987
-0.3359889519614477
-0.3411388426954945
-0.3494285100399055
-0.3545168365266904
-0.3628680681183635
-0.3678948303578863
-0.3763076261968214
-0.3812728241890821
-0.3897471842752793
-0.3946508180202780
-0.4031867423537372
-0.4080288118514739
-0.4166263004321951
-0.4214068056826697
-0.4300658585106530
-0.4347847995138656
-0.4435054165891109
-0.4481627933450614
-0.4569449746675688
-0.4615407871762573
-0.4703845327460267
-0.4749187810074531
-0.4838240908244846
-0.4882967748386490
-0.4972636489029425
-0.5016747686698448
-0.5107032069814004
-0.5150527625010408
-0.5241427650598584
-0.5284307563322366
-0.5375823231383162
-0.5418087501634324
-0.5510218812167742
-0.5551867439946283
-0.5644614392952321
-0.5685647378258242
-0.5779009973736901
-0.5819427316570202
-0.5913405554521479
-0.5953207254882160
-0.6047801135306058
-0.6086987193194119
-0.6182196716090638
-0.6220767131506076
-0.6316592296875216
-0.6354547069818035
-0.6450987877659795
-0.6488327008129994
-0.6585383458444374
-0.6622106946441952
-0.6719779039228954
-0.6755886884753911
-0.6854174620013532
-0.6889666823065870
-0.6988570200798111
-0.7023446761377828
-0.7122965781582691
-0.7157226699689787
-0.7257361362367269
-0.7291006638001746
-0.7391756943151849
-0.7424786576313704
-0.7526152523936428
-0.7558566514625663
-0.7660548104721007
-0.7692346452937622
-0.7794943685505585
-0.7826126391249580
-0.7929339266290165
-0.7959906329561539
-0.8063734847074744
-0.8093686267873498
-0.8198130427859324
-0.8227466206185456
-0.8332526008643902
-0.8361246144497415
-0.8466921589428481
-0.8495026082809374
-0.8601317170213061
-0.8628806021121332
-0.8735712750997640
-0.8762585959433291
-0.8870108331782218
-0.2227516310470919
-0.2305133961702186
-0.2362517298984309
-0.2440730077096432
-0.2497518287497697
-0.2576326192490678
-0.2632519276011087
-0.2711922307884925
-0.2767520264524476
-0.2847518423279171
-0.2902521253037865
-0.2983114538673418
-0.3037522241551254
-0.3118710654067663
-0.3172523230064643
-0.3254306769461909
-0.3307524218578032
-0.3389902884856156
-0.3442525207091421
-0.3525499000250402
-0.3577526195604810
-0.3661095115644648
-0.3712527184118199
-0.3796691231038894
-0.3847528172631588
-0.3932287346433140
-0.3982529161144977
-0.4067883461827387
-0.4117530149658367
-0.4203479577221633
-0.4252531138171756
-0.4339075692615880
-0.4387532126685145
-0.4474671808010126
-0.4522533115198533
-0.4610267923404371
-0.4657534103711922
-0.4745864038798618
-0.4792535092225311
-0.4881460154192864
-0.4927536080738700
-0.5017056269587110
-0.5062537069252089
-0.5152652384981357
-0.5197538057765480
-0.5288248500375603
-0.5332539046278868
-0.5423844615769849
-0.5467540034792256
-0.5559440731164096
-0.5602541023305646
-0.5695036846558341
-0.5737542011819035
-0.5830632961952589
-0.5872543000332425
-0.5966229077346835
-0.6007543988845814
-0.6101825192741080
-0.6142544977359202
-0.6237421308135327
-0.6277545965872592
-0.6373017423529573
-0.6412546954385980
-0.6508613538923819
-0.6547547942899370
-0.6644209654318065
-0.6682548931412758
-0.6779805769712312
-0.6817549919926147
-0.6915401885106558
-0.6952550908439536
-0.7050998000500803
-0.7087551896952925
-0.7186594115895051
-0.7222552885466316
-0.7322190231289297
-0.7357553873979704
-0.7457786346683543
-0.7492554862493093
-0.7593382462077789
-0.7627555851006482
-0.7728978577472035
-0.7762556839519871
-0.7864574692866281
-0.7897557828033260
-0.8000170808260527
-0.8032558816546649
-0.8135766923654774
-0.8167559805060038
-0.8271363039049020
-0.8302560793573428
-0.8406959154443266
-0.8437561782086817
-0.8542555269837513
-0.8572562770600205
-0.8678151385231759
-0.8707563759113595
-0.8813747500626005
-0.8842564747626983
-0.8949343616020251
-0.2246985115747917
-0.2324840883931459
-0.2383166031853851
-0.2461596230045074
-0.2519346947959786
-0.2598351576158690
-0.2655527864065720
-0.2735106922272305
-0.2791708780171654
-0.2871862268385920
-0.2927889696277589
-0.3008617614499536
-0.3064070612383524
-0.3145372960613151
-0.3200251528489458
-0.3282128306726766
-0.3336432444595392
-0.3418883652840381
-0.3472613360701326
-0.3555638998953996
-0.3608794276807261
-0.3692394345067612
-0.3744975192913195
-0.3829149691181227
-0.3881156109019129
-0.3965905037294842
-0.4017337025125064
-0.4102660383408458
-0.4153517941230999
-0.4239415729522073
-0.4289698857336933
-0.4376171075635688
-0.4425879773442867
-0.4512926421749303
-0.4562060689548801
-0.4649681767862918
-0.4698241605654735
-0.4786437113976533
-0.4834422521760670
-0.4923192460090148
-0.4970603437866604
-0.5059947806203764
-0.5106784353972538
-0.5196703152317379
-0.5242965270078473
-0.5333458498430995
-0.5379146186184408
-0.5470213844544610
-0.5515327102290342
-0.5606969190658225
-0.5651508018396276
-0.5743724536771840
-0.5787688934502211
-0.5880479882885457
-0.5923869850608146
-0.6017235228999072
-0.6060050766714080
-0.6153990575112687
-0.6196231682820014
-0.6290745921226302
-0.6332412598925948
-0.6427501267339917
-0.6468593515031883
-0.6564256613453532
-0.6604774431137816
-0.6701011959567147
-0.6740955347243751
-0.6837767305680762
-0.6877136263349686
-0.6974522651794377
-0.7013317179455619
-0.7111277997907992
-0.7149498095561554
-0.7248033344021608
-0.7285679011667489
-0.7384788690135223
-0.7421859927773423
-0.7521544036248838
-0.7558040843879358
-0.7658299382362455
-0.7694221759985291
-0.7795054728476070
-0.7830402676091226
-0.7931810074589685
-0.7966583592197161
-0.8068565420703300
-0.8102764508303094
-0.8205320766816915
-0.8238945424409030
-0.8342076112930531
-0.8375126340514965
-0.8478831459044146
-0.8511307256620898
-0.8615586805157761
-0.8647488172726833
-0.8752342151271376
-0.8783669088832767
-0.8889097497384991
-0.8919850004938701
-0.9025852843498606
-0.2265769467591625
-0.2343839637106248
-0.2403088829263845
-0.2481712556936027
-0.2540408190936064
-0.2619585476765807
-0.2677727552608284
-0.2757458396595586
-0.2815046914280504
-0.2895331316425365
-0.2952366275952724
-0.3033204236255145
-0.3089685637624944
-0.3171077156084924
-0.3227004999297163
-0.3308950075914703
-0.3364324360969383
-0.3446822995744483
-0.3501643722641603
-0.3584695915574262
-0.3638963084313822
-0.3722568835404041
-0.3776282445986042
-0.3860441755233820
-0.3913601807658262
-0.3998314675063600
-0.4050921169330481
-0.4136187594893380
-0.4188240531002702
-0.4274060514723159
-0.4325559892674921
-0.4411933434552938
-0.4462879254347141
-0.4549806354382717
-0.4600198616019360
-0.4687679274212496
-0.4737517977691579
-0.4825552194042276
-0.4874837339363799
-0.4963425113872055
-0.5012156701036019
-0.5101298033701834
-0.5149476062708238
-0.5239170953531613
-0.5286795424380459
-0.5377043873361393
-0.5424114786052678
-0.5514916793191172
-0.5561434147724899
-0.5652789713020951
-0.5698753509397118
-0.5790662632850730
-0.5836072871069338
-0.5928535552680511
-0.5973392232741558
-0.6066408472510291
-0.6110711594413778
-0.6204281392340070
-0.6248030956085997
-0.6342154312169849
-0.6385350317758217
-0.6480027231999628
-0.6522669679430436
-0.6617900151829407
-0.6659989041102656
-0.6755773071659186
-0.6797308402774875
-0.6893645991488966
-0.6934627764447094
-0.7031518911318745
-0.7071947126119315
-0.7169391831148524
-0.7209266487791534
-0.7307264750978304
-0.7346585849463755
-0.7445137670808083
-0.7483905211135974
-0.7583010590637862
-0.7621224572808194
-0.7720883510467641
-0.7758543934480413
-0.7858756430297421
-0.7895863296152633
-0.7996629350127200
-0.8033182657824852
-0.8134502269956979
-0.8170502019497072
-0.8272375189786758
-0.8307821381169292
-0.8410248109616538
-0.8445140742841513
-0.8548121029446317
-0.8582460104513732
-0.8685993949276097
-0.8719779466185952
-0.8823866869105876
-0.8857098827858171
-0.8961739788935655
-0.8994418189530391
-0.9099612708765434
-0.2283863644106502
-0.2362124434022290
-0.2422279622537200
-0.2501072930141248
-0.2560695600967897
-0.2640021426260206
-0.2699111579398594
-0.2778969922379165
-0.2837527557829291
-0.2917918418498123
-0.2975943536259988
-0.3056866914617081
-0.3114359514690686
-0.3195815410736039
-0.3252775493121383
-0.3334763906854997
-0.3391191471552080
-0.3473712402973956
-0.3529607449982776
-0.3612660899092914
-0.3668023428413473
-0.3751609395211872
-0.3806439406844171
-0.3890557891330830
-0.3944855385274868
-0.4029506387449788
-0.4083271363705565
-0.4168454883568747
-0.4221687342136262
-0.4307403379687705
-0.4360103320566959
-0.4446351875806663
-0.4498519298997656
-0.4585300371925621
-0.4636935277428353
-0.4724248868044579
-0.4775351255859051
-0.4863197364163537
-0.4913767234289748
-0.5002145860282495
-0.5052183212720445
-0.5141094356401453
-0.5190599191151142
-0.5280042852520412
-0.5329015169581839
-0.5418991348639371
-0.5467431148012536
-0.5557939844758329
-0.5605847126443233
-0.5696888340877287
-0.5744263104873930
-0.5835836836996245
-0.5882679083304627
-0.5974785333115205
-0.6021095061735325
-0.6113733829234163
-0.6159511040166022
-0.6252682325353121
-0.6297927018596720
-0.6391630821472079
-0.6436342997027417
-0.6530579317591036
-0.6574758975458114
-0.6669527813709994
-0.6713174953888811
-0.6808476309828952
-0.6851590932319507
-0.6947424805947912
-0.6990006910750204
-0.7086373302066870
-0.7128422889180901
-0.7225321798185828
-0.7266838867611598
-0.7364270294304787
-0.7405254846042296
-0.7503218790423745
-0.7543670824472993
-0.7642167286542703
-0.7682086802903690
-0.7781115782661661
-0.7820502781334387
-0.7920064278780619
-0.7958918759765085
-0.8059012774899577
-0.8097334738195782
-0.8197961271018535
-0.8235750716626479
-0.8336909767137493
-0.8374166695057176
-0.8475858263256452
-0.8512582673487873
-0.8614806759375411
-0.8650998651918570
-0.8753755255494369
-0.8789414630349267
-0.8892703751613327
-0.8927830608779964
-0.9031652247732285
-0.9066246587210661
-0.9170600743851243
-0.2301262133631101
-0.2379689704953314
-0.2440732565972379
-0.2519671452303510
-0.2580202998313658
-0.2659653199653705
-0.2719673430654937
-0.2799634947003899
-0.2859143862996216
-0.2939616694354095
-0.2998614295337494
-0.3079598441704290
-0.3138084727678774
-0.3219580189054485
-0.3277555160020053
-0.3359561936404680
-0.3417025592361331
-0.3499543683754874
-0.3556496024702610
-0.3639525431105069
-0.3695966457043889
-0.3779507178455264
-0.3835436889385168
-0.3919488925805459
-0.3974907321726447
-0.4059470673155655
-0.4114377754067725
-0.4199452420505850
-0.4253848186409004
-0.4339434167856044
-0.4393318618750283
-0.4479415915206240
-0.4532789051091562
-0.4619397662556434
-0.4672259483432841
-0.4759379409906629
-0.4811729915774119
-0.4899361157256824
-0.4951200348115398
-0.5039342904607019
-0.5090670780456676
-0.5179324651957213
-0.5230141212797955
-0.5319306399307409
-0.5369611645139235
-0.5459288146657605
-0.5509082077480514
-0.5599269894007799
-0.5648552509821793
-0.5739251641357994
-0.5788022942163071
-0.5879233388708189
-0.5927493374504350
-0.6019215136058385
-0.6066963806845630
-0.6159196883408580
-0.6206434239186909
-0.6299178630758775
-0.6345904671528187
-0.6439160378108969
-0.6485375103869466
-0.6579142125459164
-0.6624845536210745
-0.6719123872809359
-0.6764315968552024
-0.6859105620159553
-0.6903786400893301
-0.6999087367509749
-0.7043256833234580
-0.7139069114859944
-0.7182727265575859
-0.7279050862210138
-0.7322197697917138
-0.7419032609560334
-0.7461668130258418
-0.7559014356910529
-0.7601138562599696
-0.7698996104260724
-0.7740608994940975
-0.7838977851610919
-0.7880079427282254
-0.7978959598961114
-0.8019549859623533
-0.8118941346311309
-0.8159020291964811
-0.8258923093661503
-0.8298490724306090
-0.8398904841011698
-0.8437961156647370
-0.8538886588361895
-0.8577431588988649
-0.8678868335712089
-0.8716902021329928
-0.8818850083062284
-0.8856372453671206
-0.8958831830412479
-0.8995842886012485
-0.9098813577762673
-0.9135313318353764
-0.9238795325112868
-0.2317959636416968
-0.2396530099347639
-0.2458442038624057
-0.2537502458132794
-0.2598924440831146
-0.2678474816917950
-0.2739406843038235
-0.2819447175703105
-0.2879889245245324
-0.2960419534488260
-0.3020371647452413
-0.3101391893273416
-0.3160854049659502
-0.3242364252058570
-0.3301336451866591
-0.3383336610843726
-0.3441818854073680
-0.3524308969628881
-0.3582301256280769
-0.3665281328414036
-0.3722783658487858
-0.3806253687199191
-0.3863266060694947
-0.3947226045984347
-0.4003748462902036
-0.4088198404769502
-0.4144230865109125
-0.4229170763554658
-0.4284713267316214
-0.4370143122339812
-0.4425195669523303
-0.4511115481124968
-0.4565678071730392
-0.4652087839910123
-0.4706160473937481
-0.4793060198695278
-0.4846642876144570
-0.4934032557480433
-0.4987125278351659
-0.5075004916265589
-0.5127607680558748
-0.5215977275050744
-0.5268090082765836
-0.5356949633835898
-0.5408572484972927
-0.5497921992621054
-0.5549054887180015
-0.5638894351406210
-0.5689537289387104
-0.5779866710191365
-0.5830019691594193
-0.5920839068976520
-0.5970502093801282
-0.6061811427761676
-0.6110984496008371
-0.6202783786546832
-0.6251466898215461
-0.6343756145331987
-0.6391949300422549
-0.6484728504117141
-0.6532431702629639
-0.6625700862902296
-0.6672914104836727
-0.6766673221687451
-0.6813396507043816
-0.6907645580472607
-0.6953878909250905
-0.7048617939257762
-0.7094361311457994
-0.7189590298042917
-0.7234843713665082
-0.7330562656828072
-0.7375326115872172
-0.7471535015613229
-0.7515808518079261
-0.7612507374398383
-0.7656290920286350
-0.7753479733183538
-0.7796773322493439
-0.7894452091968693
-0.7937255724700528
-0.8035424450753849
-0.8077738126907617
-0.8176396809539004
-0.8218220529114706
-0.8317369168324159
-0.8358702931321794
-0.8458341527109314
-0.8499185333528885
-0.8599313885894471
-0.8639667735735973
-0.8740286244679625
-0.8780150137943062
-0.8881258603464780
-0.8920632540150151
-0.9022230962249935
-0.9061114942357240
-0.9163203321035090
-0.9201597344564328
-0.9304175679820246
-0.2333951066243004
-0.2412640487457994
-0.2475402646015307
-0.2554560516131993
-0.2616854225787610
-0.2696480544805993
-0.2758305805559914
-0.2838400573479993
-0.2899757385332217
-0.2980320602153992
-0.3041208965104520
-0.3122240630827992
-0.3182660544876824
-0.3264160659501992
-0.3324112124649127
-0.3406080688175991
-0.3465563704421430
-0.3548000716849991
-0.3607015284193734
-0.3689920745523990
-0.3748466863966037
-0.3831840774197990
-0.3889918443738341
-0.3973760802871990
-0.4031370023510644
-0.4115680831545989
-0.4172821603282947
-0.4257600860219989
-0.4314273183055251
-0.4399520888893989
-0.4455724762827554
-0.4541440917567988
-0.4597176342599857
-0.4683360946241988
-0.4738627922372159
-0.4825280974915988
-0.4880079502144463
-0.4967201003589987
-0.5021531081916766
-0.5109121032263987
-0.5162982661689069
-0.5251041060937985
-0.5304434241461372
-0.5392961089611985
-0.5445885821233677
-0.5534881118285986
-0.5587337401005980
-0.5676801146959986
-0.5728788980778283
-0.5818721175633985
-0.5870240560550586
-0.5960641204307985
-0.6011692140322890
-0.6102561232981984
-0.6153143720095193
-0.6244481261655984
-0.6294595299867497
-0.6386401290329984
-0.6436046879639800
-0.6528321319003983
-0.6577498459412103
-0.6670241347677983
-0.6718950039184406
-0.6812161376351983
-0.6860401618956710
-0.6954081405025982
-0.7001853198729012
-0.7096001433699981
-0.7143304778501315
-0.7237921462373981
-0.7284756358273619
-0.7379841491047980
-0.7426207938045921
-0.7521761519721981
-0.7567659517818226
-0.7663681548395981
-0.7709111097590529
-0.7805601577069980
-0.7850562677362832
-0.7947521605743980
-0.7992014257135135
-0.8089441634417979
-0.8133465836907439
-0.8231361663091978
-0.8274917416679741
-0.8373281691765978
-0.8416368996452045
-0.8515201720439978
-0.8557820576224349
-0.8657121749113978
-0.8699272155996652
-0.8799041777787978
-0.8840723735768955
-0.8940961806461977
-0.8982175315541259
-0.9082881835135976
-0.9123626895313561
-0.9224801863809976
-0.9265078475085865
-0.9366721892483976
-0.2349231551964771
-0.2428015961904096
-0.2491609221780818
-0.2570840430251396
-0.2633986891596864
-0.2713664898598696
-0.2776364561412911
-0.2856489366945996
-0.2918742231228958
-0.2999313835293295
-0.3061119901045005
-0.3142138303640595
-0.3203497570861052
-0.3284962771987895
-0.3345875240677098
-0.3427787240335195
-0.3488252910493145
-0.3570611708682495
-0.3630630580309192
-0.3713436177029794
-0.3773008250125238
-0.3856260645377094
-0.3915385919941285
-0.3999085113724394
-0.4057763589757332
-0.4141909582071693
-0.4200141259573378
-0.4284734050418994
-0.4342518929389426
-0.4427558518766294
-0.4484896599205472
-0.4570382987113593
-0.4627274269021519
-0.4713207455460893
-0.4769651938837565
-0.4856031923808192
-0.4912029608653612
-0.4998856392155492
-0.5054407278469659
-0.5141680860502792
-0.5196784948285705
-0.5284505328850091
-0.5339162618101752
-0.5427329797197391
-0.5481540287917800
-0.5570154265544691
-0.5623917957733846
-0.5712978733891991
-0.5766295627549892
-0.5855803202239291
-0.5908673297365939
-0.5998627670586590
-0.6051050967181986
-0.6141452138933892
-0.6193428636998034
-0.6284276607281191
-0.6335806306814080
-0.6427101075628491
-0.6478183976630126
-0.6569925543975790
-0.6620561646446174
-0.6712750012323090
-0.6762939316262220
-0.6855574480670390
-0.6905316986078267
-0.6998398949017689
-0.7047694655894313
-0.7141223417364989
-0.7190072325710359
-0.7284047885712288
-0.7332449995526407
-0.7426872354059588
-0.7474827665342453
-0.7569696822406888
-0.7617205335158501
-0.7712521290754188
-0.7759583004974547
-0.7855345759101489
-0.7901960674790593
-0.7998170227448788
-0.8044338344606641
-0.8140994695796088
-0.8186716014422687
-0.8283819164143387
-0.8329093684238734
-0.8426643632490687
-0.8471471354054780
-0.8569468100837987
-0.8613849023870828
-0.8712292569185287
-0.8756226693686875
-0.8855117037532587
-0.8898604363502921
-0.8997941505879886
-0.9040982033318967
-0.9140765974227186
-0.9183359703135014
-0.9283590442574485
-0.9325737372951061
-0.9426414910921785
-0.2363796438998292
-0.2442651839167483
-0.2507056829240613
-0.2586337241471453
-0.2650317219482933
-0.2730022643775423
-0.2793577609725255
-0.2873708046079392
-0.2936837999967575
-0.3017393448383362
-0.3080098390209896
-0.3161078850687332
-0.3223358780452217
-0.3304764252991301
-0.3366619170694538
-0.3448449655295271
-0.3509879560936858
-0.3592135057599240
-0.3653139951179178
-0.3735820459903210
-0.3796400341421499
-0.3879505862207179
-0.3939660731663820
-0.4023191264511150
-0.4082921121906141
-0.4166876666815119
-0.4226181512148461
-0.4310562069119089
-0.4369441902390783
-0.4454247471423058
-0.4512702292633103
-0.4597932873727028
-0.4655962682875424
-0.4741618276030997
-0.4799223073117744
-0.4885303678334967
-0.4942483463360065
-0.5028989080638936
-0.5085743853602386
-0.5172674482942906
-0.5229004243844706
-0.5316359885246875
-0.5372264634087027
-0.5460045287550844
-0.5515525024329349
-0.5603730689854816
-0.5658785414571669
-0.5747416092158785
-0.5802045804813990
-0.5891101494462754
-0.5945306195056310
-0.6034786896766724
-0.6088566585298631
-0.6178472299070694
-0.6231826975540953
-0.6322157701374663
-0.6375087365783273
-0.6465843103678633
-0.6518347756025594
-0.6609528505982603
-0.6661608146267914
-0.6753213908286572
-0.6804868536510235
-0.6896899310590542
-0.6948128926752556
-0.7040584712894511
-0.7091389316994876
-0.7184270115198480
-0.7234649707237197
-0.7327955517502450
-0.7377910097479518
-0.7471640919806419
-0.7521170487721838
-0.7615326322110390
-0.7664430877964160
-0.7759011724414360
-0.7807691268206480
-0.7902697126718329
-0.7950951658448802
-0.8046382529022299
-0.8094212048691122
-0.8190067931326268
-0.8237472438933442
-0.8333753333630237
-0.8380732829175763
-0.8477438735934207
-0.8523993219418083
-0.8621124138238176
-0.8667253609660405
-0.8764809540542147
-0.8810513999902726
-0.8908494942846117
-0.8953774390145046
-0.9052180345150086
-0.9097034780387367
-0.9195865747454055
-0.9240295170629688
-0.9339551149758025
-0.9383555560872008
-0.9483236552061994
-0.2377641290737884
-0.2456543661018160
-0.2521740762903816
-0.2601046229313346
-0.2665840235069749
-0.2745548797608532
-0.2809939707235681
-0.2890051365903718
-0.2954039179401613
-0.3034553934198904
-0.3098138651567546
-0.3179056502494090
-0.3242238123733478
-0.3323559070789276
-0.3386337595899410
-0.3468061639084462
-0.3530437068065342
-0.3612564207379648
-0.3674536540231275
-0.3757066775674833
-0.3818636012397207
-0.3901569343970019
-0.3962735484563140
-0.4046071912265205
-0.4106834956729072
-0.4190574480560391
-0.4250934428895005
-0.4335077048855577
-0.4395033901060937
-0.4479579617150763
-0.4539133373226869
-0.4624082185445949
-0.4683232845392801
-0.4768584753741135
-0.4827332317558734
-0.4913087322036320
-0.4971431789724666
-0.5057589890331506
-0.5115531261890598
-0.5202092458626691
-0.5259630734056531
-0.5346595026921878
-0.5403730206222462
-0.5491097595217064
-0.5547829678388396
-0.5635600163512250
-0.5691929150554328
-0.5780102731807436
-0.5836028622720261
-0.5924605300102622
-0.5980128094886192
-0.6069107868397807
-0.6124227567052125
-0.6213610436692995
-0.6268327039218058
-0.6358113004988181
-0.6412426511383991
-0.6502615573283366
-0.6556525983549922
-0.6647118141578552
-0.6700625455715855
-0.6791620709873738
-0.6844724927881787
-0.6936123278168923
-0.6988824400047720
-0.7080625846464109
-0.7132923872213651
-0.7225128414759295
-0.7277023344379584
-0.7369630983054480
-0.7421122816545516
-0.7514133551349667
-0.7565222288711448
-0.7658636119644854
-0.7709321760877381
-0.7803138687940039
-0.7853421233043314
-0.7947641256235225
-0.7997520705209246
-0.8092143824530410
-0.8141620177375178
-0.8236646392825596
-0.8285719649541110
-0.8381148961120782
-0.8429819121707043
-0.8525651529415967
-0.8573918593872975
-0.8670154097711154
-0.8718018066038908
-0.8814656666006341
-0.8862117538204840
-0.8959159234301526
-0.9006217010370773
-0.9103661802596712
-0.9150316482536704
-0.9248164370891898
-0.9294415954702637
-0.9392666939187083
-0.9438515426868569
-0.9537169507482269
-0.2390761889907588
-0.2469687195872619
-0.2535656549901987
-0.2614962913276890
-0.2680551209896387
-0.2760238630681162
-0.2825445869890786
-0.2905514348085433
-0.2970340529885185
-0.3050790065489705
-0.3115235189879585
-0.3196065782893977
-0.3260129849873984
-0.3341341500298249
-0.3405024509868383
-0.3486617217702520
-0.3549919169862782
-0.3631892935106792
-0.3694813829857182
-0.3777168652511063
-0.3839708489851581
-0.3922444369915335
-0.3984603149845981
-0.4067720087319607
-0.4129497809840380
-0.4212995804723879
-0.4274392469834779
-0.4358271522128150
-0.4419287129829179
-0.4503547239532422
-0.4564181789823578
-0.4648822956936693
-0.4709076449817977
-0.4794098674340965
-0.4853971109812376
-0.4939374391745237
-0.4998865769806775
-0.5084650109149509
-0.5143760429801174
-0.5229925826553780
-0.5288655089795574
-0.5375201543958051
-0.5433549749789973
-0.5520477261362323
-0.5578444409784373
-0.5665752978766596
-0.5723339069778772
-0.5811028696170867
-0.5868233729773171
-0.5956304413575139
-0.6013128389767570
-0.6101580130979410
-0.6158023049761969
-0.6246855848383683
-0.6302917709756370
-0.6392131565787954
-0.6447812369750769
-0.6537407283192226
-0.6592707029745168
-0.6682683000596498
-0.6737601689739567
-0.6827958718000769
-0.6882496349733966
-0.6973234435405040
-0.7027391009728365
-0.7118510152809312
-0.7172285669722764
-0.7263785870213584
-0.7317180329717164
-0.7409061587617856
-0.7462074989711563
-0.7554337305022126
-0.7606969649705962
-0.7699613022426399
-0.7751864309700363
-0.7844888739830671
-0.7896758969694762
-0.7990164457234943
-0.8041653629689161
-0.8135440174639214
-0.8186548289683561
-0.8280715892043485
-0.8331442949677960
-0.8425991609447757
-0.8476337609672359
-0.8571267326852029
-0.8621232269666758
-0.8716543044256300
-0.8766126929661158
-0.8861818761660573
-0.8911021589655557
-0.9007094479064844
-0.9055916249649956
-0.9152370196469116
-0.9200810909644356
-0.9297645913873387
-0.9345705569638755
-0.9442921631277659
-0.9490600229633154
-0.9588197348681931
-0.2403154239845798
-0.2482078440082817
-0.2548799951351604
-0.2628083054205336
-0.2694445662857409
-0.2774087668327855
-0.2840091374363216
-0.2920092282450373
-0.2985737085869021
-0.3066096896572892
-0.3131382797374827
-0.3212101510695411
-0.3277028508880633
-0.3358106124817929
-0.3422674220386439
-0.3504110738940448
-0.3568319931892245
-0.3650115353062967
-0.3713965643398051
-0.3796119967185485
-0.3859611354903856
-0.3942124581308004
-0.4005257066409663
-0.4088129195430523
-0.4150902777915468
-0.4234133809553041
-0.4296548489421274
-0.4380138423675560
-0.4442194200927080
-0.4526143037798079
-0.4587839912432886
-0.4672147651920597
-0.4733485623938692
-0.4818152266043116
-0.4879131335444498
-0.4964156880165634
-0.5024777046950304
-0.5110161494288153
-0.5170422758456109
-0.5256166108410671
-0.5316068469961915
-0.5402170722533191
-0.5461714181467721
-0.5548175336655709
-0.5607359892973528
-0.5694179950778228
-0.5753005604479333
-0.5840184564900747
-0.5898651315985139
-0.5986189179023265
-0.6044297027490946
-0.6132193793145784
-0.6189942738996751
-0.6278198407268303
-0.6335588450502558
-0.6424203021390822
-0.6481234162008364
-0.6570207635513340
-0.6626879873514170
-0.6716212249635859
-0.6772525585019975
-0.6862216863758377
-0.6918171296525781
-0.7008221477880896
-0.7063817008031587
-0.7154226092003414
-0.7209462719537393
-0.7300230706125933
-0.7355108431043198
-0.7446235320248452
-0.7500754142549004
-0.7592239934370970
-0.7646399854054809
-0.7738244548493489
-0.7792045565560617
-0.7884249162616008
-0.7937691277066422
-0.8030253776738526
-0.8083336988572228
-0.8176258390861045
-0.8228982700078034
-0.8322263004983563
-0.8374628411583840
-0.8468267619106082
-0.8520274123089646
-0.8614272233228601
-0.8665919834595451
-0.8760276847351119
-0.8811565546101259
-0.8906281461473639
-0.8957211257607064
-0.9052286075596158
-0.9102856969112870
-0.9198290689718676
-0.9248502680618675
-0.9344295303841195
-0.9394148392124482
-0.9490299917963713
-0.9539794103630287
-0.9636304532086232
-0.2414814565722671
-0.2493713619155732
-0.2561166963645257
-0.2640402655576657
-0.2707519361567843
-0.2787091691997584
-0.2853871759490429
-0.2933780728418509
-0.3000224157413015
-0.3080469764839434
-0.3146576555335601
-0.3227158801260360
-0.3292928953258188
-0.3373847837681285
-0.3439281351180773
-0.3520536874102210
-0.3585633749103360
-0.3667225910523136
-0.3731986147025946
-0.3813914946944061
-0.3878338544948531
-0.3960603983364986
-0.4024690942871118
-0.4107293019785912
-0.4171043340793704
-0.4253982056206838
-0.4317395738716290
-0.4400671092627763
-0.4463748136638876
-0.4547360129048689
-0.4610100534561463
-0.4694049165469614
-0.4756452932484049
-0.4840738201890539
-0.4902805330406634
-0.4987427238311465
-0.5049157728329221
-0.5134116274732390
-0.5195510126251807
-0.5280805311153315
-0.5341862524174392
-0.5427494347574241
-0.5488214922096979
-0.5574183383995166
-0.5634567320019566
-0.5720872420416092
-0.5780919717942151
-0.5867561456837017
-0.5927272115864738
-0.6014250493257943
-0.6073624513787323
-0.6160939529678868
-0.6219976911709909
-0.6307628566099794
-0.6366329309632497
-0.6454317602520719
-0.6512681707555082
-0.6601006638941646
-0.6659034105477668
-0.6747695675362571
-0.6805386503400255
-0.6894384711783496
-0.6951738901322840
-0.7041073748204421
-0.7098091299245426
-0.7187762784625347
-0.7244443697168013
-0.7334451821046272
-0.7390796095090598
-0.7481140857467197
-0.7537148493013184
-0.7627829893888122
-0.7683500890935770
-0.7774518930309049
-0.7829853288858357
-0.7921207966729974
-0.7976205686780943
-0.8067897003150899
-0.8122558084703529
-0.8214586039571824
-0.8268910482626115
-0.8361275075992750
-0.8415262880548702
-0.8507964112413675
-0.8561615278471287
-0.8654653148834600
-0.8707967676393873
-0.8801342185255525
-0.8854320074316461
-0.8948031221676452
-0.9000672472239046
-0.9094720258097377
-0.9147024870161632
-0.9241409294518302
-0.9293377268084219
-0.9388098330939227
-0.9439729666006804
-0.9534787367360154
-0.9586082063929390
-0.9681476403781079
-0.2425739315689991
-0.2504589188903106
-0.2572753819671202
-0.2651917964720936
-0.2719768323652414
-0.2799246740538767
-0.2866782827633626
-0.2946575516356596
-0.3013797331614838
-0.3093904292174426
-0.3160811835596049
-0.3241233067992256
-0.3307826339577261
-0.3388561843810086
-0.3454840843558473
-0.3535890619627916
-0.3601855347539684
-0.3683219395445745
-0.3748869851520895
-0.3830548171263575
-0.3895884355502107
-0.3977876947081404
-0.4042898859483319
-0.4125205722899234
-0.4189913363464530
-0.4272534498717064
-0.4336927867445742
-0.4419863274534894
-0.4483942371426954
-0.4567192050352724
-0.4630956875408165
-0.4714520826170553
-0.4777971379389377
-0.4861849601988383
-0.4924985883370588
-0.5009178377806213
-0.5072000387351799
-0.5156507153624043
-0.5219014891333011
-0.5303835929441872
-0.5366029395314222
-0.5451164705259702
-0.5513043899295433
-0.5598493481077532
-0.5660058403276647
-0.5745822256895362
-0.5807072907257858
-0.5893151032713192
-0.5954087411239070
-0.6040479808531022
-0.6101101915220281
-0.6187808584348852
-0.6248116419201493
-0.6335137360166683
-0.6395130923182705
-0.6482466135984511
-0.6542145427163917
-0.6629794911802341
-0.6689159931145128
-0.6777123687620171
-0.6836174435126339
-0.6924452463438001
-0.6983188939107551
-0.7071781239255831
-0.7130203443088762
-0.7219110015073660
-0.7277217947069974
-0.7366438790891490
-0.7424232451051185
-0.7513767566709320
-0.7571246955032397
-0.7661096342527149
-0.7718261459013608
-0.7808425118344980
-0.7865275962994820
-0.7955753894162809
-0.8012290466976032
-0.8103082669980639
-0.8159304970957243
-0.8250411445798469
-0.8306319474938455
-0.8397740221616299
-0.8453333978919666
-0.8545068997434129
-0.8600348482900878
-0.8692397773251958
-0.8747362986882089
-0.8839726549069787
-0.8894377490863302
-0.8987055324887618
-0.9041391994844513
-0.9134384100705448
-0.9188406498825724
-0.9281712876523278
-0.9335421002806936
-0.9429041652341107
-0.9482435506788147
-0.9576370428158937
-0.9629450010769359
-0.9723699203976767
-0.2435925161963088
-0.2514701836521041
-0.2583556989960851
-0.2662625473963454
-0.2731188817958614
-0.2810549111405869
-0.2878820645956376
-0.2958472748848283
-0.3026452473954139
-0.3106396386290697
-0.3174084301951902
-0.3254320023733112
-0.3321716129949666
-0.3402243661175526
-0.3469347957947428
-0.3550167298617939
-0.3616979785945191
-0.3698090936060354
-0.3764611613942954
-0.3846014573502768
-0.3912243441940716
-0.3993938210945182
-0.4059875269938480
-0.4141861848387596
-0.4207507097936243
-0.4289785485830010
-0.4355138925934006
-0.4437709123272425
-0.4502770753931769
-0.4585632760714839
-0.4650402581929531
-0.4733556398157253
-0.4798034409927294
-0.4881480035599667
-0.4945666237925057
-0.5029403673042081
-0.5093298065922820
-0.5177327310484495
-0.5240929893920583
-0.5325250947926908
-0.5388561721918346
-0.5473174585369323
-0.5536193549916109
-0.5621098222811737
-0.5683825377913871
-0.5769021860254152
-0.5831457205911634
-0.5916945497696566
-0.5979089033909397
-0.6064869135138981
-0.6126720861907160
-0.6212792772581394
-0.6274352689904923
-0.6360716410023809
-0.6421984517902687
-0.6508640047466223
-0.6569616345900450
-0.6656563684908637
-0.6717248173898213
-0.6804487322351052
-0.6864880001895975
-0.6952410959793465
-0.7012511829893738
-0.7100334597235879
-0.7160143657891501
-0.7248258234678293
-0.7307775485889263
-0.7396181872120707
-0.7455407313887026
-0.7544105509563122
-0.7603039141884789
-0.7692029147005536
-0.7750670969882552
-0.7839952784447950
-0.7898302797880316
-0.7987876421890364
-0.8045934625878078
-0.8135800059332778
-0.8193566453875841
-0.8283723696775193
-0.8341198281873604
-0.8431647334217607
-0.8488830109871367
-0.8579570971660020
-0.8636461937869130
-0.8727494609102434
-0.8784093765866893
-0.8875418246544848
-0.8931725593864656
-0.9023341883987264
-0.9079357421862418
-0.9171265521429678
-0.9226989249860181
-0.9319189158872092
-0.9374621077857944
-0.9467112796314505
-0.9522252905855707
-0.9615036433756919
-0.9669884733853470
-0.9762960071199334
-0.2445369001834514
-0.2524048481599107
-0.2593573183763878
-0.2672521921693171
-0.2741777365693243
-0.2820995361787237
-0.2889981547622608
-0.2969468801881302
-0.3038185729551972
-0.3117942241975367
-0.3186389911481336
-0.3266415682069432
-0.3334594093410701
-0.3414889122163497
-0.3482798275340065
-0.3563362562257562
-0.3631002457269430
-0.3711836002351627
-0.3779206639198794
-0.3860309442445692
-0.3927410821128158
-0.4008782882539757
-0.4075615003057523
-0.4157256322633823
-0.4223819184986888
-0.4305729762727887
-0.4372023366916252
-0.4454203202821953
-0.4520227548845617
-0.4602676642916018
-0.4668431730774981
-0.4751150083010083
-0.4816635912704346
-0.4899623523104148
-0.4964840094633710
-0.5048096963198213
-0.5113044276563075
-0.5196570403292278
-0.5261248458492439
-0.5345043843386342
-0.5409452640421804
-0.5493517283480408
-0.5557656822351168
-0.5641990723574473
-0.5705861004280532
-0.5790464163668538
-0.5854065186209897
-0.5938937603762604
-0.6002269368139261
-0.6087411043856669
-0.6150473550068626
-0.6235884483950733
-0.6298677731997990
-0.6384357924044800
-0.6446881913927356
-0.6532831364138865
-0.6595086095856720
-0.6681304804232929
-0.6743290277786085
-0.6829778244326995
-0.6891494459715449
-0.6978251684421060
-0.7039698641644813
-0.7126725124515124
-0.7187902823574177
-0.7275198564609190
-0.7336107005503542
-0.7423672004703255
-0.7484311187432906
-0.7572145444797319
-0.7632515369362270
-0.7720618884891385
-0.7780719551291635
-0.7869092324985451
-0.7928923733221001
-0.8017565765079515
-0.8077127915150365
-0.8166039205173580
-0.8225332097079729
-0.8314512645267645
-0.8373536279009094
-0.8462986085361710
-0.8521740460938457
-0.8611459525455775
-0.8669944642867822
-0.8759932965549840
-0.8818148824797186
-0.8908406405643905
-0.8966353006726552
-0.9056879845737971
-0.9114557188655916
-0.9205353285832036
-0.9262761370585281
-0.9353826725926101
-0.9410965552514645
-0.9502300166020166
-0.9559169734444010
-0.9650773606114231
-0.9707373916373374
-0.9799247046208296
-0.2454067958619160
-0.2532626277058671
-0.2602799350050624
-0.2681604293356240
-0.2751530741482088
-0.2830582309653809
-0.2900262132913553
-0.2979560325951378
-0.3048993524345017
-0.3128538342248947
-0.3197724915776481
-0.3277516358546516
-0.3346456307207946
-0.3426494374844085
-0.3495187698639410
-0.3575472391141654
-0.3643919090070874
-0.3724450407439223
-0.3792650481502338
-0.3873428423736791
-0.3941381872933802
-0.4022406440034360
-0.4090113264365267
-0.4171384456331929
-0.4238844655796731
-0.4320362472629498
-0.4387576047228195
-0.4469340488927067
-0.4536307438659660
-0.4618318505224636
-0.4685038830091124
-0.4767296521522205
-0.4833770221522588
-0.4916274537819774
-0.4982501612954052
-0.5065252554117342
-0.5131233004385516
-0.5214230570414912
-0.5279964395816981
-0.5363208586712480
-0.5428695787248444
-0.5512186603010049
-0.5577427178679908
-0.5661164619307617
-0.5726158570111374
-0.5810142635605188
-0.5874889961542837
-0.5959120651902756
-0.6023621352974302
-0.6108098668200325
-0.6172352744405766
-0.6257076684497893
-0.6321084135837230
-0.6406054700795464
-0.6469815527268695
-0.6555032717093032
-0.6618546918700159
-0.6704010733390601
-0.6767278310131624
-0.6852988749688170
-0.6916009701563087
-0.7001966765985739
-0.7064741092994552
-0.7150944782283307
-0.7213472484426016
-0.7299922798580876
-0.7362203875857480
-0.7448900814878445
-0.7510935267288944
-0.7597878831176014
-0.7659666658720408
-0.7746856847473582
-0.7808398050151872
-0.7895834863771152
-0.7957129441583337
-0.8044812880068721
-0.8105860833014802
-0.8193790896366290
-0.8254592224446266
-0.8342768912663858
-0.8403323615877729
-0.8491746928961428
-0.8552055007309194
-0.8640724945258996
-0.8700786398740658
-0.8789702961556565
-0.8849517790172122
-0.8938680977854133
-0.8998249181603587
-0.9087658994151704
-0.9146980573035052
-0.9236637010449272
-0.9295711964466515
-0.9385615026746841
-0.9444443355897979
-0.9534593043044409
-0.9593174747329444
-0.9683571059341979
-0.9741906138760907
-0.9832549075639547
-0.2462019382530520
-0.2540432610020141
-0.2611232678441461
-0.2689869822374267
-0.2760445974352401
-0.2839307034728394
-0.2909659270263342
-0.2988744247082520
-0.3058872566174283
-0.3138181459436645
-0.3208085862085223
-0.3287618671790772
-0.3357299157996164
-0.3437055884144898
-0.3506512453907105
-0.3586493096499023
-0.3655725749818045
-0.3735930308853149
-0.3804939045728986
-0.3885367521207275
-0.3954152341639926
-0.4034804733561401
-0.4103365637550867
-0.4184241945915527
-0.4252578933461807
-0.4333679158269653
-0.4401792229372748
-0.4483116370623780
-0.4551005525283689
-0.4632553582977906
-0.4700218821194629
-0.4781990795332031
-0.4849432117105570
-0.4931428007686157
-0.4998645413016510
-0.5080865220040283
-0.5147858708927451
-0.5230302432394409
-0.5297072004838391
-0.5379739644748535
-0.5446285300749332
-0.5529176857102660
-0.5595498596660272
-0.5678614069456787
-0.5744711892571214
-0.5828051281810913
-0.5893925188482154
-0.5977488494165040
-0.6043138484393095
-0.6126925706519165
-0.6192351780304035
-0.6276362918873291
-0.6341565076214976
-0.6425800131227418
-0.6490778372125917
-0.6575237343581544
-0.6639991668036858
-0.6724674555935669
-0.6789204963947798
-0.6874111768289796
-0.6938418259858739
-0.7023548980643921
-0.7087631555769679
-0.7172986192998047
-0.7236844851680619
-0.7322423405352173
-0.7386058147591560
-0.7471860617706299
-0.7535271443502500
-0.7621297830060425
-0.7684484739413441
-0.7770735042414550
-0.7833698035324381
-0.7920172254768677
-0.7982911331235323
-0.8069609467122804
-0.8132124627146263
-0.8219046679476929
-0.8281337923057204
-0.8368483891831054
-0.8430551218968144
-0.8517921104185181
-0.8579764514879085
-0.8667358316539306
-0.8728977810790025
-0.8816795528893432
-0.8878191106700966
-0.8966232741247558
-0.9027404402611907
-0.9115669953601685
-0.9176617698522848
-0.9265107165955812
-0.9325830994433788
-0.9414544378309937
-0.9475044290344729
-0.9563981590664062
-0.9624257586255669
-0.9713418803018189
-0.9773470882166609
-0.9862856015372314
-0.2469220851487844
-0.2547465102598876
-0.2618870600062865
-0.2697315990987046
-0.2768520348637886
-0.2847166879375215
-0.2918170097212907
-0.2997017767763384
-0.3067819845787927
-0.3146868656151554
-0.3217469594362948
-0.3296719544539723
-0.3367119342937970
-0.3446570432927892
-0.3516769091512990
-0.3596421321316061
-0.3666418840088011
-0.3746272209704231
-0.3816068588663032
-0.3896123098092399
-0.3965718337238052
-0.4045973986480568
-0.4115368085813074
-0.4195824874868738
-0.4265017834388095
-0.4345675763256907
-0.4414667582963115
-0.4495526651645077
-0.4564317331538136
-0.4645377540033246
-0.4713967080113157
-0.4795228428421415
-0.4863616828688178
-0.4945079316809584
-0.5013266577263199
-0.5094930205197753
-0.5162916325838219
-0.5244781093585922
-0.5312566074413240
-0.5394631981974092
-0.5462215822988261
-0.5544482870362261
-0.5611865571563281
-0.5694333758750429
-0.5761515320138303
-0.5844184647138599
-0.5911165068713324
-0.5994035535526768
-0.6060814817288345
-0.6143886423914938
-0.6210464565863365
-0.6293737312303107
-0.6360114314438386
-0.6443588200691277
-0.6509764063013408
-0.6593439089079446
-0.6659413811588429
-0.6743289977467616
-0.6809063560163450
-0.6893140865855785
-0.6958713308738470
-0.7042991754243954
-0.7108363057313491
-0.7192842642632122
-0.7258012805888512
-0.7342693531020291
-0.7407662554463532
-0.7492544419408461
-0.7557312303038554
-0.7642395307796630
-0.7706962051613574
-0.7792246196184799
-0.7856611800188594
-0.7942097084572969
-0.8006261548763617
-0.8091947972961138
-0.8155911297338637
-0.8241798861349308
-0.8305561045913658
-0.8391649749737476
-0.8455210794488679
-0.8541500638125645
-0.8604860543063699
-0.8691351526513814
-0.8754510291638720
-0.8841202414901984
-0.8904160040213741
-0.8991053303290153
-0.9053809788788763
-0.9140904191678323
-0.9203459537363783
-0.9290755080066492
-0.9353109285938804
-0.9440605968454661
-0.9502759034513825
-0.9590456856842831
-0.9652408783088845
-0.9740307745230999
-0.9802058531663866
-0.9890158633619168
-0.2475670171853926
-0.2553721612629511
-0.2625710788329921
-0.2703940531019483
-0.2775751404805916
-0.2854159449409454
-0.2925792021281912
-0.3004378367799426
-0.3075832637757908
-0.3154597286189397
-0.3225873254233903
-0.3304816204579368
-0.3375913870709899
-0.3455035122969339
-0.3525954487185894
-0.3605254041359310
-0.3675995103661890
-0.3755472959749282
-0.3826035720137885
-0.3905691878139253
-0.3976076336613880
-0.4055910796529224
-0.4126116953089876
-0.4206129714919196
-0.4276157569565872
-0.4356348633309167
-0.4426198186041867
-0.4506567551699138
-0.4576238802517863
-0.4656786470089110
-0.4726279418993858
-0.4807005388479081
-0.4876320035469854
-0.4957224306869052
-0.5026360651945849
-0.5107443225259023
-0.5176401268421844
-0.5257662143648995
-0.5326441884897840
-0.5407881062038965
-0.5476482501373835
-0.5558099980428937
-0.5626523117849830
-0.5708318898818907
-0.5776563734325827
-0.5858537817208880
-0.5926604350801822
-0.6008756735598851
-0.6076644967277818
-0.6158975653988822
-0.6226685583753813
-0.6309194572378793
-0.6376726200229809
-0.6459413490768765
-0.6526766816705805
-0.6609632409158737
-0.6676807433181801
-0.6759851327548708
-0.6826848049657795
-0.6910070245938679
-0.6976888666133790
-0.7060289164328650
-0.7126929282609786
-0.7210508082718621
-0.7276969899085781
-0.7360727001108592
-0.7427010515561777
-0.7510945919498564
-0.7577051132037772
-0.7661164837888534
-0.7727091748513768
-0.7811383756278506
-0.7877132364989763
-0.7961602674668478
-0.8027172981465760
-0.8111821593058449
-0.8177213597941755
-0.8262040511448420
-0.8327254214417750
-0.8412259429838391
-0.8477294830893746
-0.8562478348228363
-0.8627335447369741
-0.8712697266618333
-0.8777376063845737
-0.8862916185008305
-0.8927416680321731
-0.9013135103398275
-0.9077457296797729
-0.9163354021788248
-0.9227497913273723
-0.9313572940178220
-0.9377538529749718
-0.9463791858568190
-0.9527579146225714
-0.9614010776958162
-0.9677619762701709
-0.9764229695348132
-0.9827660379177705
-0.9914448613738104
-0.2481365379103305
-0.2559200234318483
-0.2631751159655021
-0.2709741424572512
-0.2782136940206736
-0.2860282614826540
-0.2932522720758452
-0.3010823805080569
-0.3082908501310167
-0.3161364995334597
-0.3233294281861883
-0.3311906185588626
-0.3383680062413598
-0.3462447375842654
-0.3534065842965314
-0.3612988566096682
-0.3684451623517029
-0.3763529756350710
-0.3834837404068744
-0.3914070946604739
-0.3985223184620459
-0.4064612136858767
-0.4135608965172176
-0.4215153327112796
-0.4285994745723891
-0.4365694517366824
-0.4436380526275606
-0.4516235707620853
-0.4586766306827322
-0.4666776897874881
-0.4737152087379037
-0.4817318088128910
-0.4887537867930753
-0.4967859278382938
-0.5037923648482469
-0.5118400468636967
-0.5188309429034184
-0.5268941658890994
-0.5338695209585899
-0.5419482849145023
-0.5489080990137614
-0.5570024039399051
-0.5639466770689330
-0.5720565229653080
-0.5789852551241046
-0.5871106419907108
-0.5940238331792761
-0.6021647610161137
-0.6090624112344477
-0.6172188800415165
-0.6241009892896192
-0.6322729990669194
-0.6391395673447907
-0.6473271180923222
-0.6541781453999623
-0.6623812371177251
-0.6692167234551339
-0.6774353561431280
-0.6842553015103054
-0.6924894751685308
-0.6992938795654770
-0.7075435941939336
-0.7143324576206485
-0.7225977132193364
-0.7293710356758201
-0.7376518322447393
-0.7444096137309916
-0.7527059512701421
-0.7594481917861631
-0.7677600702955449
-0.7744867698413347
-0.7828141893209477
-0.7895253478965062
-0.7978683083463507
-0.8045639259516778
-0.8129224273717535
-0.8196025040068493
-0.8279765463971563
-0.8346410820620209
-0.8430306654225592
-0.8496796601171924
-0.8580847844479620
-0.8647182381723639
-0.8731389034733649
-0.8797568162275354
-0.8881930224987676
-0.8947953942827070
-0.9032471415241705
-0.9098339723378787
-0.9183012605495734
-0.9248725503930502
-0.9333553795749763
-0.9399111284482218
-0.9484094986003790
-0.9549497065033933
-0.9634636176257819
-0.9699882845585648
-0.9785177366511847
-0.9850268626137363
-0.9935718556765876
-0.2486304738420684
-0.2563899298824551
-0.2636989874082543
-0.2714716904637760
-0.2787675009744403
-0.2865534510450969
-0.2938360145406262
-0.3016352116264178
-0.3089045281068122
-0.3167169722077387
-0.3239730416729981
-0.3317987327890596
-0.3390415552391842
-0.3468804933703805
-0.3541100688053701
-0.3619622539517014
-0.3691785823715560
-0.3770440145330223
-0.3842470959377420
-0.3921257751143432
-0.3993156095039279
-0.4072075356956640
-0.4143841230701139
-0.4222892962769850
-0.4294526366362999
-0.4373710568583059
-0.4445211502024858
-0.4524528174396268
-0.4595896637686718
-0.4675345780209477
-0.4746581773348578
-0.4826163386022685
-0.4897266909010437
-0.4976980991835894
-0.5047952044672297
-0.5127798597649103
-0.5198637180334156
-0.5278616203462312
-0.5349322315996016
-0.5429433809275520
-0.5500007451657876
-0.5580251415088729
-0.5650692587319734
-0.5731069020901938
-0.5801377722981595
-0.5881886626715148
-0.5952062858643454
-0.6032704232528356
-0.6102747994305314
-0.6183521838341566
-0.6253433129967174
-0.6334339444154774
-0.6404118265629033
-0.6485157049967984
-0.6554803401290894
-0.6635974655781193
-0.6705488536952753
-0.6786792261594402
-0.6856173672614613
-0.6937609867407610
-0.7006858808276472
-0.7088427473220820
-0.7157543943938331
-0.7239245079034028
-0.7308229079600191
-0.7390062684847237
-0.7458914215262050
-0.7540880290660446
-0.7609599350923910
-0.7691697896473655
-0.7760284486585769
-0.7842515502286863
-0.7910969622247629
-0.7993333108100074
-0.8061654757909490
-0.8144150713913282
-0.8212339893571349
-0.8294968319726491
-0.8363025029233209
-0.8445785925539699
-0.8513710164895067
-0.8596603531352909
-0.8664395300556927
-0.8747421137166117
-0.8815080436218787
-0.8898238742979326
-0.8965765571880646
-0.9049056348792535
-0.9116450707542507
-0.9199873954605745
-0.9267135843204366
-0.9350691560418953
-0.9417820978866226
-0.9501509166232163
-0.9568506114528086
-0.9652326772045371
-0.9719191250189945
-0.9803144377858580
-0.9869876385851805
-0.9953961983671789
-0.2490486745229364
-0.2567817374767148
-0.2641425335849325
-0.2718865455635803
-0.2792363926469286
-0.2869913536504459
-0.2943302517089249
-0.3020961617373115
-0.3094241107709210
-0.3172009698241771
-0.3245179698329171
-0.3323057779110427
-0.3396118288949133
-0.3474105859979083
-0.3547056879569094
-0.3625153940847738
-0.3697995470189056
-0.3776202021716394
-0.3848934060809017
-0.3927250102585049
-0.3999872651428978
-0.4078298183453705
-0.4150811242048940
-0.4229346264322361
-0.4301749832668901
-0.4380394345191017
-0.4452688423288862
-0.4531442426059673
-0.4603627013908824
-0.4682490506928328
-0.4754565604528786
-0.4833538587796984
-0.4905504195148747
-0.4984586668665640
-0.5056442785768709
-0.5135634749534296
-0.5207381376388670
-0.5286682830402951
-0.5358319967008631
-0.5437730911271607
-0.5509258557628592
-0.5588778992140262
-0.5660197148248554
-0.5739827073008917
-0.5811135738868516
-0.5890875153877575
-0.5962074329488477
-0.6041923234746230
-0.6113012920108438
-0.6192971315614886
-0.6263951510728401
-0.6344019396483541
-0.6414890101348362
-0.6495067477352198
-0.6565828691968324
-0.6646115558220854
-0.6716767282588285
-0.6797163639089510
-0.6867705873208246
-0.6948211719958165
-0.7018644463828208
-0.7099259800826820
-0.7169583054448169
-0.7250307881695476
-0.7320521645068130
-0.7401355962564132
-0.7471460235688092
-0.7552404043432788
-0.7622398826308053
-0.7703452124301443
-0.7773337416928014
-0.7854500205170099
-0.7924276007547976
-0.8005548286038755
-0.8075214598167938
-0.8156596366907412
-0.8226153188787899
-0.8307644447776067
-0.8377091779407860
-0.8458692528644722
-0.8528030370027821
-0.8609740609513378
-0.8678968960647783
-0.8760788690382033
-0.8829907551267745
-0.8911836771250690
-0.8980846141887706
-0.9062884852119345
-0.9131784732507668
-0.9213932932988002
-0.9282723323127630
-0.9364981013856657
-0.9433661913747591
-0.9516029094725312
-0.9584600504367552
-0.9667077175593969
-0.9735539094987513
-0.9818125256462624
-0.9886477685607474
-0.9969173337331280
-0.2493910125649560
-0.2570953268662385
-0.2645056193870746
-0.2722185813877819
-0.2796202262091931
-0.2873418359093254
-0.2947348330313117
-0.3024650904308688
-0.3098494398534302
-0.3175883449524122
-0.3249640466755488
-0.3327115994739557
-0.3400786534976674
-0.3478348539954991
-0.3551932603197859
-0.3629581085170426
-0.3703078671419044
-0.3780813630385860
-0.3854224739640230
-0.3932046175601294
-0.4005370807861415
-0.4083278720816729
-0.4156516876082601
-0.4234511266032163
-0.4307662944303786
-0.4385743811247598
-0.4458809012524972
-0.4536976356463032
-0.4609955080746158
-0.4688208901678467
-0.4761101148967343
-0.4839441446893901
-0.4912247217188528
-0.4990673992109335
-0.5063393285409714
-0.5141906537324770
-0.5214539353630899
-0.5293139082540204
-0.5365685421852084
-0.5444371627755638
-0.5516831490073270
-0.5595604172971073
-0.5667977558294455
-0.5746836718186507
-0.5819123626515641
-0.5898069263401942
-0.5970269694736827
-0.6049301808617377
-0.6121415762958012
-0.6200534353832811
-0.6272561831179198
-0.6351766899048245
-0.6423707899400383
-0.6502999444263680
-0.6574853967621569
-0.6654231989479115
-0.6726000035842755
-0.6805464534694549
-0.6877146104063940
-0.6956697079909983
-0.7028292172285125
-0.7107929625125418
-0.7179438240506311
-0.7259162170340852
-0.7330584308727496
-0.7410394715556285
-0.7481730376948681
-0.7561627260771719
-0.7632876445169867
-0.7712859805987154
-0.7784022513391052
-0.7864092351202588
-0.7935168581612237
-0.8015324896418023
-0.8086314649833424
-0.8166557441633459
-0.8237460718054609
-0.8317789986848892
-0.8388606786275795
-0.8469022532064326
-0.8539752854496980
-0.8620255077279760
-0.8690898922718165
-0.8771487622495195
-0.8842044990939351
-0.8922720167710629
-0.8993191059160536
-0.9073952712926063
-0.9144337127381722
-0.9225185258141499
-0.9295483195602908
-0.9376417803356933
-0.9446629263824093
-0.9527650348572367
-0.9597775332045279
-0.9678882893787801
-0.9748921400266464
-0.9830115439003236
-0.9900067468487649
-0.9981347984218670
-0.2496573836886435
-0.2573306025286604
-0.2647881342152279
-0.2724676967950521
-0.2799188847418123
-0.2876047910614439
-0.2950496352683968
-0.3027418853278357
-0.3101803857949813
-0.3178789795942275
-0.3253111363215657
-0.3330160738606193
-0.3404418868481502
-0.3481531681270111
-0.3555726373747347
-0.3632902623934028
-0.3707033879013191
-0.3784273566597946
-0.3858341384279035
-0.3935644509261864
-0.4009648889544880
-0.4087015451925782
-0.4160956394810724
-0.4238386394589700
-0.4312263900076569
-0.4389757337253617
-0.4463571405342413
-0.4541128279917536
-0.4614878910608258
-0.4692499222581454
-0.4766186415874102
-0.4843870165245371
-0.4917493921139947
-0.4995241107909289
-0.5068801426405791
-0.5146612050573207
-0.5220108931671635
-0.5297982993237125
-0.5371416436937481
-0.5449353935901042
-0.5522723942203325
-0.5600724878564960
-0.5674031447469169
-0.5752095821228878
-0.5825338952735014
-0.5903466763892796
-0.5976646458000858
-0.6054837706556714
-0.6127953963266703
-0.6206208649220631
-0.6279261468532548
-0.6357579591884549
-0.6430568973798392
-0.6508950534548469
-0.6581876479064237
-0.6660321477212386
-0.6733183984330082
-0.6811692419876304
-0.6884491489595926
-0.6963063362540222
-0.7035798994861771
-0.7114434305204139
-0.7187106500127615
-0.7265805247868057
-0.7338414005393460
-0.7417176190531974
-0.7489721510659304
-0.7568547133195892
-0.7641029015925148
-0.7719918075859810
-0.7792336521190992
-0.7871289018523728
-0.7943644026456836
-0.8022659961187647
-0.8094951531722683
-0.8174030903851565
-0.8246259036988527
-0.8325401846515482
-0.8397566542254371
-0.8476772789179400
-0.8548874047520215
-0.8628143731843317
-0.8700181552786060
-0.8779514674507235
-0.8851489058051905
-0.8930885617171153
-0.9002796563317749
-0.9082256559835070
-0.9154104068583594
-0.9233627502498989
-0.9305411573849438
-0.9384998445162908
-0.9456719079115283
-0.9536369387826825
-0.9608026584381127
-0.9687740330490743
-0.9759334089646972
-0.9839111273154660
-0.9910641594912816
-0.9990482215818578
-0.2498477067547739
-0.2574874927967344
-0.2649899920126390
-0.2726338159024247
-0.2801322772705041
-0.2877801390081150
-0.2952745625283692
-0.3029264621138053
-0.3104168477862343
-0.3180727852194955
-0.3255591330440994
-0.3332191083251858
-0.3407014183019645
-0.3483654314308761
-0.3558437035598296
-0.3635117545365663
-0.3709859888176946
-0.3786580776422565
-0.3861282740755597
-0.3938044007479468
-0.4012705593334248
-0.4089507238536370
-0.4164128445912899
-0.4240970469593273
-0.4315551298491550
-0.4392433700650176
-0.4466974151070200
-0.4543896931707079
-0.4618397003648852
-0.4695360162763981
-0.4769819856227503
-0.4846823393820884
-0.4921242708806153
-0.4998286624877786
-0.5072665561384804
-0.5149749855934689
-0.5224088413963455
-0.5301213086991591
-0.5375511266542106
-0.5452676318048494
-0.5526934119120757
-0.5604139549105396
-0.5678356971699408
-0.5755602780162299
-0.5829779824278059
-0.5907066011219202
-0.5981202676856709
-0.6058529242276105
-0.6132625529435360
-0.6209992473333007
-0.6284048382014011
-0.6361455704389910
-0.6435471234592662
-0.6512918935446813
-0.6586894087171313
-0.6664382166503716
-0.6738316939749964
-0.6815845397560618
-0.6889739792328615
-0.6967308628617521
-0.7041162644907266
-0.7118771859674423
-0.7192585497485917
-0.7270235090731326
-0.7344008350064567
-0.7421698321788228
-0.7495431202643218
-0.7573161552845130
-0.7646854055221869
-0.7724624783902033
-0.7798276907800520
-0.7876088014958935
-0.7949699760379171
-0.8027551246015839
-0.8101122612957822
-0.8179014477072741
-0.8252545465536473
-0.8330477708129644
-0.8403968318115124
-0.8481940939186546
-0.8555391170693775
-0.8633404170243449
-0.8706814023272426
-0.8784867401300351
-0.8858236875851075
-0.8936330632357254
-0.9009659728429726
-0.9087793863414156
-0.9161082581008378
-0.9239257094471061
-0.9312505433587029
-0.9390720325527963
-0.9463928286165680
-0.9542183556584866
-0.9615351138744330
-0.9693646787641768
-0.9766773991322981
-0.9845110018698671
-0.9918196843901632
-0.9996573249755573
-0.2499619237890978
-0.2575659498801653
-0.2651111312914674
-0.2727168881084103
-0.2802603387938369
-0.2878678263366554
-0.2954095462962065
-0.3030187645649004
-0.3105587537985761
-0.3181697027931454
-0.3257079613009456
-0.3333206410213905
-0.3408571688033152
-0.3484715792496355
-0.3560063763056848
-0.3636225174778805
-0.3711555838080544
-0.3787734557061255
-0.3863047913104239
-0.3939243939343705
-0.4014539988127934
-0.4090753321626155
-0.4166032063151631
-0.4242262703908606
-0.4317524138175326
-0.4393772086191056
-0.4469016213199021
-0.4545281468473507
-0.4620508288222718
-0.4696790850755956
-0.4772000363246413
-0.4848300233038407
-0.4923492438270108
-0.4999809615320857
-0.5074984513293804
-0.5151318997603307
-0.5226476588317500
-0.5302828379885757
-0.5377968663341195
-0.5454337762168207
-0.5529460738364891
-0.5605847144450656
-0.5680952813388587
-0.5757356526733107
-0.5832444888412283
-0.5908865909015558
-0.5983936963435978
-0.6060375291298008
-0.6135429038459673
-0.6211884673580458
-0.6286921113483369
-0.6363394055862909
-0.6438413188507065
-0.6514903438145360
-0.6589905263530761
-0.6666412820427809
-0.6741397338554457
-0.6817922202710259
-0.6892889413578153
-0.6969431584992709
-0.7044381488601847
-0.7120940967275160
-0.7195873563625543
-0.7272450349557610
-0.7347365638649239
-0.7423959731840060
-0.7498857713672935
-0.7575469114122509
-0.7650349788696630
-0.7726978496404960
-0.7801841863720326
-0.7878487878687410
-0.7953333938744022
-0.8029997260969861
-0.8104826013767717
-0.8181506643252311
-0.8256318088791413
-0.8333016025534761
-0.8407810163815108
-0.8484525407817212
-0.8559302238838804
-0.8636034790099661
-0.8710794313862500
-0.8787544172382111
-0.8862286388886196
-0.8939053554664561
-0.9013778463909891
-0.9090562936947012
-0.9165270538933588
-0.9242072319229463
-0.9316762613957282
-0.9393581701511913
-0.9468254688980978
-0.9545091083794363
-0.9619746764004674
-0.9696600466076813
-0.9771238839028369
-0.9848109848359263
-0.9922730914052065
-0.9999619230641713
-0.2500000000000000
-0.2575659498801653
-0.2651515151515151
-0.2727168881084103
-0.2803030303030303
-0.2878678263366554
-0.2954545454545455
-0.3030187645649004
-0.3106060606060606
-0.3181697027931454
-0.3257575757575757
-0.3333206410213905
-0.3409090909090909
-0.3484715792496355
-0.3560606060606061
-0.3636225174778805
-0.3712121212121212
-0.3787734557061255
-0.3863636363636364
-0.3939243939343705
-0.4015151515151515
-0.4090753321626155
-0.4166666666666667
-0.4242262703908606
-0.4318181818181818
-0.4393772086191056
-0.4469696969696970
-0.4545281468473507
-0.4621212121212122
-0.4696790850755956
-0.4772727272727273
-0.4848300233038407
-0.4924242424242424
-0.4999809615320857
-0.5075757575757576
-0.5151318997603307
-0.5227272727272727
-0.5302828379885757
-0.5378787878787878
-0.5454337762168207
-0.5530303030303030
-0.5605847144450656
-0.5681818181818181
-0.5757356526733107
-0.5833333333333334
-0.5908865909015558
-0.5984848484848485
-0.6060375291298008
-0.6136363636363636
-0.6211884673580458
-0.6287878787878788
-0.6363394055862909
-0.6439393939393939
-0.6514903438145360
-0.6590909090909092
-0.6666412820427809
-0.6742424242424243
-0.6817922202710259
-0.6893939393939394
-0.6969431584992709
-0.7045454545454546
-0.7120940967275160
-0.7196969696969697
-0.7272450349557610
-0.7348484848484849
-0.7423959731840060
-0.7500000000000000
-0.7575469114122509
-0.7651515151515151
-0.7726978496404960
-0.7803030303030303
-0.7878487878687410
-0.7954545454545454
-0.8029997260969861
-0.8106060606060607
-0.8181506643252311
-0.8257575757575758
-0.8333016025534761
-0.8409090909090909
-0.8484525407817212
-0.8560606060606061
-0.8636034790099661
-0.8712121212121212
-0.8787544172382111
-0.8863636363636364
-0.8939053554664561
-0.9015151515151515
-0.9090562936947012
-0.9166666666666667
-0.9242072319229463
-0.9318181818181819
-0.9393581701511913
-0.9469696969696970
-0.9545091083794363
-0.9621212121212122
-0.9696600466076813
-0.9772727272727273
-0.9848109848359263
-0.9924242424242424
-0.9999619230641713
-0.2499619237890978
-0.2574874927967344
-0.2651111312914674
-0.2726338159024247
-0.2802603387938369
-0.2877801390081150
-0.2954095462962065
-0.3029264621138053
-0.3105587537985761
-0.3180727852194955
-0.3257079613009456
-0.3332191083251858
-0.3408571688033152
-0.3483654314308761
-0.3560063763056848
-0.3635117545365663
-0.3711555838080544
-0.3786580776422565
-0.3863047913104239
-0.3938044007479468
-0.4014539988127934
-0.4089507238536370
-0.4166032063151631
-0.4240970469593273
-0.4317524138175326
-0.4392433700650176
-0.4469016213199021
-0.4543896931707079
-0.4620508288222718
-0.4695360162763981
-0.4772000363246413
-0.4846823393820884
-0.4923492438270108
-0.4998286624877786
-0.5074984513293804
-0.5149749855934689
-0.5226476588317500
-0.5301213086991591
-0.5377968663341195
-0.5452676318048494
-0.5529460738364891
-0.5604139549105396
-0.5680952813388587
-0.5755602780162299
-0.5832444888412283
-0.5907066011219202
-0.5983936963435978
-0.6058529242276105
-0.6135429038459673
-0.6209992473333007
-0.6286921113483369
-0.6361455704389910
-0.6438413188507065
-0.6512918935446813
-0.6589905263530761
-0.6664382166503716
-0.6741397338554457
-0.6815845397560618
-0.6892889413578153
-0.6967308628617521
-0.7044381488601847
-0.7118771859674423
-0.7195873563625543
-0.7270235090731326
-0.7347365638649239
-0.7421698321788228
-0.7498857713672935
-0.7573161552845130
-0.7650349788696630
-0.7724624783902033
-0.7801841863720326
-0.7876088014958935
-0.7953333938744022
-0.8027551246015839
-0.8104826013767717
-0.8179014477072741
-0.8256318088791413
-0.8330477708129644
-0.8407810163815108
-0.8481940939186546
-0.8559302238838804
-0.8633404170243449
-0.8710794313862500
-0.8784867401300351
-0.8862286388886196
-0.8936330632357254
-0.9013778463909891
-0.9087793863414156
-0.9165270538933588
-0.9239257094471061
-0.9316762613957282
-0.9390720325527963
-0.9468254688980978
-0.9542183556584866
-0.9619746764004674
-0.9693646787641768
-0.9771238839028369
-0.9845110018698671
-0.9922730914052065
-0.9996573249755573
-0.2498477067547739
-0.2573306025286603
-0.2649899920126390
-0.2724676967950521
-0.2801322772705041
-0.2876047910614439
-0.2952745625283692
-0.3027418853278357
-0.3104168477862343
-0.3178789795942275
-0.3255591330440994
-0.3330160738606193
-0.3407014183019645
-0.3481531681270110
-0.3558437035598296
-0.3632902623934028
-0.3709859888176946
-0.3784273566597946
-0.3861282740755597
-0.3935644509261864
-0.4012705593334248
-0.4087015451925781
-0.4164128445912899
-0.4238386394589699
-0.4315551298491550
-0.4389757337253617
-0.4466974151070200
-0.4541128279917535
-0.4618397003648852
-0.4692499222581453
-0.4769819856227503
-0.4843870165245371
-0.4921242708806153
-0.4995241107909288
-0.5072665561384804
-0.5146612050573206
-0.5224088413963455
-0.5297982993237124
-0.5375511266542106
-0.5449353935901041
-0.5526934119120757
-0.5600724878564959
-0.5678356971699408
-0.5752095821228876
-0.5829779824278059
-0.5903466763892796
-0.5981202676856709
-0.6054837706556714
-0.6132625529435360
-0.6206208649220631
-0.6284048382014011
-0.6357579591884549
-0.6435471234592662
-0.6508950534548468
-0.6586894087171313
-0.6660321477212385
-0.6738316939749964
-0.6811692419876303
-0.6889739792328615
-0.6963063362540221
-0.7041162644907266
-0.7114434305204138
-0.7192585497485917
-0.7265805247868056
-0.7344008350064567
-0.7417176190531973
-0.7495431202643218
-0.7568547133195892
-0.7646854055221869
-0.7719918075859810
-0.7798276907800520
-0.7871289018523727
-0.7949699760379171
-0.8022659961187646
-0.8101122612957822
-0.8174030903851564
-0.8252545465536473
-0.8325401846515481
-0.8403968318115124
-0.8476772789179399
-0.8555391170693775
-0.8628143731843316
-0.8706814023272426
-0.8779514674507234
-0.8858236875851075
-0.8930885617171151
-0.9009659728429726
-0.9082256559835069
-0.9161082581008378
-0.9233627502498989
-0.9312505433587029
-0.9384998445162906
-0.9463928286165680
-0.9536369387826824
-0.9615351138744330
-0.9687740330490742
-0.9766773991322981
-0.9839111273154659
-0.9918196843901632
-0.9990482215818577
-0.2496573836886435
-0.2570953268662384
-0.2647881342152279
-0.2722185813877819
-0.2799188847418123
-0.2873418359093253
-0.2950496352683968
-0.3024650904308688
-0.3101803857949813
-0.3175883449524122
-0.3253111363215657
-0.3327115994739557
-0.3404418868481502
-0.3478348539954991
-0.3555726373747347
-0.3629581085170425
-0.3707033879013191
-0.3780813630385860
-0.3858341384279035
-0.3932046175601294
-0.4009648889544880
-0.4083278720816728
-0.4160956394810724
-0.4234511266032163
-0.4312263900076569
-0.4385743811247597
-0.4463571405342413
-0.4536976356463032
-0.4614878910608258
-0.4688208901678466
-0.4766186415874102
-0.4839441446893900
-0.4917493921139947
-0.4990673992109335
-0.5068801426405791
-0.5141906537324769
-0.5220108931671635
-0.5293139082540204
-0.5371416436937481
-0.5444371627755638
-0.5522723942203325
-0.5595604172971071
-0.5674031447469169
-0.5746836718186505
-0.5825338952735014
-0.5898069263401942
-0.5976646458000858
-0.6049301808617376
-0.6127953963266703
-0.6200534353832809
-0.6279261468532548
-0.6351766899048243
-0.6430568973798392
-0.6502999444263680
-0.6581876479064237
-0.6654231989479114
-0.6733183984330082
-0.6805464534694547
-0.6884491489595926
-0.6956697079909983
-0.7035798994861771
-0.7107929625125416
-0.7187106500127615
-0.7259162170340850
-0.7338414005393460
-0.7410394715556284
-0.7489721510659304
-0.7561627260771719
-0.7641029015925148
-0.7712859805987153
-0.7792336521190992
-0.7864092351202587
-0.7943644026456836
-0.8015324896418022
-0.8094951531722683
-0.8166557441633457
-0.8246259036988527
-0.8317789986848891
-0.8397566542254371
-0.8469022532064325
-0.8548874047520215
-0.8620255077279760
-0.8700181552786060
-0.8771487622495194
-0.8851489058051905
-0.8922720167710628
-0.9002796563317749
-0.9073952712926062
-0.9154104068583594
-0.9225185258141498
-0.9305411573849438
-0.9376417803356932
-0.9456719079115283
-0.9527650348572366
-0.9608026584381127
-0.9678882893787800
-0.9759334089646972
-0.9830115439003235
-0.9910641594912816
-0.9981347984218669
-0.2493910125649561
-0.2567817374767148
-0.2645056193870746
-0.2718865455635803
-0.2796202262091931
-0.2869913536504459
-0.2947348330313118
-0.3020961617373115
-0.3098494398534303
-0.3172009698241771
-0.3249640466755488
-0.3323057779110427
-0.3400786534976674
-0.3474105859979083
-0.3551932603197859
-0.3625153940847738
-0.3703078671419045
-0.3776202021716394
-0.3854224739640230
-0.3927250102585049
-0.4005370807861415
-0.4078298183453705
-0.4156516876082602
-0.4229346264322361
-0.4307662944303787
-0.4380394345191017
-0.4458809012524972
-0.4531442426059673
-0.4609955080746158
-0.4682490506928328
-0.4761101148967343
-0.4833538587796984
-0.4912247217188529
-0.4984586668665640
-0.5063393285409714
-0.5135634749534296
-0.5214539353630899
-0.5286682830402951
-0.5365685421852084
-0.5437730911271607
-0.5516831490073271
-0.5588778992140262
-0.5667977558294456
-0.5739827073008917
-0.5819123626515642
-0.5890875153877575
-0.5970269694736827
-0.6041923234746230
-0.6121415762958012
-0.6192971315614886
-0.6272561831179199
-0.6344019396483541
-0.6423707899400384
-0.6495067477352198
-0.6574853967621570
-0.6646115558220854
-0.6726000035842755
-0.6797163639089510
-0.6877146104063940
-0.6948211719958165
-0.7028292172285127
-0.7099259800826820
-0.7179438240506312
-0.7250307881695476
-0.7330584308727497
-0.7401355962564132
-0.7481730376948682
-0.7552404043432788
-0.7632876445169867
-0.7703452124301443
-0.7784022513391053
-0.7854500205170099
-0.7935168581612239
-0.8005548286038755
-0.8086314649833425
-0.8156596366907412
-0.8237460718054610
-0.8307644447776067
-0.8388606786275795
-0.8458692528644722
-0.8539752854496981
-0.8609740609513378
-0.8690898922718167
-0.8760788690382033
-0.8842044990939352
-0.8911836771250690
-0.8993191059160537
-0.9062884852119345
-0.9144337127381723
-0.9213932932988002
-0.9295483195602909
-0.9364981013856657
-0.9446629263824095
-0.9516029094725312
-0.9597775332045280
-0.9667077175593969
-0.9748921400266465
-0.9818125256462624
-0.9900067468487650
-0.9969173337331280
-0.2490486745229364
-0.2563899298824551
-0.2641425335849325
-0.2714716904637760
-0.2792363926469286
-0.2865534510450969
-0.2943302517089249
-0.3016352116264178
-0.3094241107709210
-0.3167169722077387
-0.3245179698329171
-0.3317987327890596
-0.3396118288949133
-0.3468804933703805
-0.3547056879569094
-0.3619622539517014
-0.3697995470189056
-0.3770440145330223
-0.3848934060809017
-0.3921257751143432
-0.3999872651428978
-0.4072075356956640
-0.4150811242048940
-0.4222892962769850
-0.4301749832668901
-0.4373710568583059
-0.4452688423288862
-0.4524528174396268
-0.4603627013908824
-0.4675345780209477
-0.4754565604528786
-0.4826163386022685
-0.4905504195148747
-0.4976980991835894
-0.5056442785768709
-0.5127798597649103
-0.5207381376388670
-0.5278616203462312
-0.5358319967008631
-0.5429433809275520
-0.5509258557628592
-0.5580251415088729
-0.5660197148248554
-0.5731069020901938
-0.5811135738868516
-0.5881886626715148
-0.5962074329488477
-0.6032704232528356
-0.6113012920108438
-0.6183521838341566
-0.6263951510728401
-0.6334339444154774
-0.6414890101348362
-0.6485157049967984
-0.6565828691968324
-0.6635974655781193
-0.6716767282588285
-0.6786792261594402
-0.6867705873208246
-0.6937609867407610
-0.7018644463828208
-0.7088427473220820
-0.7169583054448169
-0.7239245079034028
-0.7320521645068130
-0.7390062684847237
-0.7471460235688092
-0.7540880290660446
-0.7622398826308053
-0.7691697896473655
-0.7773337416928014
-0.7842515502286863
-0.7924276007547976
-0.7993333108100074
-0.8075214598167938
-0.8144150713913282
-0.8226153188787899
-0.8294968319726491
-0.8377091779407860
-0.8445785925539699
-0.8528030370027821
-0.8596603531352909
-0.8678968960647783
-0.8747421137166117
-0.8829907551267745
-0.8898238742979326
-0.8980846141887706
-0.9049056348792535
-0.9131784732507668
-0.9199873954605745
-0.9282723323127630
-0.9350691560418953
-0.9433661913747591
-0.9501509166232163
-0.9584600504367552
-0.9652326772045371
-0.9735539094987513
-0.9803144377858580
-0.9886477685607474
-0.9953961983671789
-0.2486304738420684
-0.2559200234318483
-0.2636989874082543
-0.2709741424572512
-0.2787675009744403
-0.2860282614826540
-0.2938360145406262
-0.3010823805080569
-0.3089045281068122
-0.3161364995334597
-0.3239730416729981
-0.3311906185588626
-0.3390415552391842
-0.3462447375842654
-0.3541100688053701
-0.3612988566096682
-0.3691785823715560
-0.3763529756350710
-0.3842470959377420
-0.3914070946604739
-0.3993156095039279
-0.4064612136858767
-0.4143841230701139
-0.4215153327112796
-0.4294526366362999
-0.4365694517366824
-0.4445211502024858
-0.4516235707620853
-0.4595896637686718
-0.4666776897874881
-0.4746581773348578
-0.4817318088128910
-0.4897266909010437
-0.4967859278382938
-0.5047952044672297
-0.5118400468636967
-0.5198637180334156
-0.5268941658890994
-0.5349322315996016
-0.5419482849145023
-0.5500007451657876
-0.5570024039399051
-0.5650692587319734
-0.5720565229653080
-0.5801377722981595
-0.5871106419907108
-0.5952062858643454
-0.6021647610161137
-0.6102747994305314
-0.6172188800415165
-0.6253433129967174
-0.6322729990669194
-0.6404118265629033
-0.6473271180923222
-0.6554803401290894
-0.6623812371177251
-0.6705488536952753
-0.6774353561431280
-0.6856173672614613
-0.6924894751685308
-0.7006858808276472
-0.7075435941939336
-0.7157543943938331
-0.7225977132193364
-0.7308229079600191
-0.7376518322447393
-0.7458914215262050
-0.7527059512701421
-0.7609599350923910
-0.7677600702955449
-0.7760284486585769
-0.7828141893209477
-0.7910969622247629
-0.7978683083463507
-0.8061654757909490
-0.8129224273717535
-0.8212339893571349
-0.8279765463971563
-0.8363025029233209
-0.8430306654225592
-0.8513710164895067
-0.8580847844479620
-0.8664395300556927
-0.8731389034733649
-0.8815080436218787
-0.8881930224987676
-0.8965765571880646
-0.9032471415241705
-0.9116450707542507
-0.9183012605495734
-0.9267135843204366
-0.9333553795749763
-0.9417820978866226
-0.9484094986003790
-0.9568506114528086
-0.9634636176257819
-0.9719191250189945
-0.9785177366511847
-0.9869876385851805
-0.9935718556765876
-0.2481365379103305
-0.2553721612629511
-0.2631751159655020
-0.2703940531019483
-0.2782136940206736
-0.2854159449409454
-0.2932522720758451
-0.3004378367799426
-0.3082908501310167
-0.3154597286189397
-0.3233294281861882
-0.3304816204579368
-0.3383680062413598
-0.3455035122969339
-0.3534065842965313
-0.3605254041359310
-0.3684451623517029
-0.3755472959749282
-0.3834837404068744
-0.3905691878139253
-0.3985223184620459
-0.4055910796529224
-0.4135608965172175
-0.4206129714919196
-0.4285994745723891
-0.4356348633309167
-0.4436380526275606
-0.4506567551699138
-0.4586766306827322
-0.4656786470089110
-0.4737152087379037
-0.4807005388479081
-0.4887537867930752
-0.4957224306869052
-0.5037923648482467
-0.5107443225259023
-0.5188309429034182
-0.5257662143648995
-0.5338695209585899
-0.5407881062038965
-0.5489080990137614
-0.5558099980428937
-0.5639466770689329
-0.5708318898818907
-0.5789852551241045
-0.5858537817208880
-0.5940238331792761
-0.6008756735598851
-0.6090624112344476
-0.6158975653988822
-0.6241009892896191
-0.6309194572378793
-0.6391395673447906
-0.6459413490768765
-0.6541781453999623
-0.6609632409158737
-0.6692167234551338
-0.6759851327548708
-0.6842553015103053
-0.6910070245938679
-0.6992938795654768
-0.7060289164328650
-0.7143324576206485
-0.7210508082718621
-0.7293710356758200
-0.7360727001108592
-0.7444096137309915
-0.7510945919498564
-0.7594481917861631
-0.7661164837888534
-0.7744867698413346
-0.7811383756278506
-0.7895253478965061
-0.7961602674668478
-0.8045639259516777
-0.8111821593058449
-0.8196025040068493
-0.8262040511448420
-0.8346410820620208
-0.8412259429838391
-0.8496796601171923
-0.8562478348228363
-0.8647182381723638
-0.8712697266618333
-0.8797568162275354
-0.8862916185008305
-0.8947953942827069
-0.9013135103398275
-0.9098339723378785
-0.9163354021788248
-0.9248725503930501
-0.9313572940178220
-0.9399111284482217
-0.9463791858568190
-0.9549497065033932
-0.9614010776958162
-0.9699882845585647
-0.9764229695348132
-0.9850268626137362
-0.9914448613738104
-0.2475670171853926
-0.2547465102598876
-0.2625710788329921
-0.2697315990987046
-0.2775751404805917
-0.2847166879375215
-0.2925792021281913
-0.2997017767763384
-0.3075832637757908
-0.3146868656151554
-0.3225873254233904
-0.3296719544539723
-0.3375913870709899
-0.3446570432927892
-0.3525954487185894
-0.3596421321316061
-0.3675995103661890
-0.3746272209704231
-0.3826035720137885
-0.3896123098092399
-0.3976076336613881
-0.4045973986480568
-0.4126116953089877
-0.4195824874868738
-0.4276157569565872
-0.4345675763256907
-0.4426198186041868
-0.4495526651645077
-0.4576238802517864
-0.4645377540033246
-0.4726279418993859
-0.4795228428421415
-0.4876320035469854
-0.4945079316809584
-0.5026360651945849
-0.5094930205197753
-0.5176401268421845
-0.5244781093585922
-0.5326441884897840
-0.5394631981974092
-0.5476482501373836
-0.5544482870362261
-0.5626523117849831
-0.5694333758750429
-0.5776563734325827
-0.5844184647138599
-0.5926604350801823
-0.5994035535526768
-0.6076644967277818
-0.6143886423914938
-0.6226685583753814
-0.6293737312303107
-0.6376726200229809
-0.6443588200691277
-0.6526766816705806
-0.6593439089079446
-0.6676807433181801
-0.6743289977467616
-0.6826848049657797
-0.6893140865855785
-0.6976888666133791
-0.7042991754243954
-0.7126929282609787
-0.7192842642632122
-0.7276969899085782
-0.7342693531020291
-0.7427010515561778
-0.7492544419408461
-0.7577051132037773
-0.7642395307796630
-0.7727091748513768
-0.7792246196184799
-0.7877132364989764
-0.7942097084572969
-0.8027172981465760
-0.8091947972961138
-0.8177213597941756
-0.8241798861349308
-0.8327254214417751
-0.8391649749737476
-0.8477294830893747
-0.8541500638125645
-0.8627335447369742
-0.8691351526513814
-0.8777376063845738
-0.8841202414901984
-0.8927416680321733
-0.8991053303290153
-0.9077457296797729
-0.9140904191678323
-0.9227497913273724
-0.9290755080066492
-0.9377538529749719
-0.9440605968454661
-0.9527579146225715
-0.9590456856842831
-0.9677619762701710
-0.9740307745230999
-0.9827660379177706
-0.9890158633619168
-0.2469220851487844
-0.2540432610020141
-0.2618870600062865
-0.2689869822374267
-0.2768520348637886
-0.2839307034728393
-0.2918170097212907
-0.2988744247082519
-0.3067819845787928
-0.3138181459436645
-0.3217469594362949
-0.3287618671790771
-0.3367119342937970
-0.3437055884144897
-0.3516769091512991
-0.3586493096499023
-0.3666418840088012
-0.3735930308853149
-0.3816068588663032
-0.3885367521207275
-0.3965718337238053
-0.4034804733561401
-0.4115368085813074
-0.4184241945915527
-0.4265017834388095
-0.4333679158269653
-0.4414667582963115
-0.4483116370623779
-0.4564317331538137
-0.4632553582977905
-0.4713967080113158
-0.4781990795332031
-0.4863616828688179
-0.4931428007686157
-0.5013266577263199
-0.5080865220040283
-0.5162916325838220
-0.5230302432394408
-0.5312566074413241
-0.5379739644748535
-0.5462215822988261
-0.5529176857102660
-0.5611865571563283
-0.5678614069456785
-0.5761515320138304
-0.5828051281810913
-0.5911165068713324
-0.5977488494165039
-0.6060814817288346
-0.6126925706519164
-0.6210464565863366
-0.6276362918873291
-0.6360114314438386
-0.6425800131227417
-0.6509764063013409
-0.6575237343581543
-0.6659413811588429
-0.6724674555935669
-0.6809063560163451
-0.6874111768289795
-0.6958713308738471
-0.7023548980643920
-0.7108363057313491
-0.7172986192998047
-0.7258012805888513
-0.7322423405352172
-0.7407662554463533
-0.7471860617706297
-0.7557312303038554
-0.7621297830060424
-0.7706962051613575
-0.7770735042414549
-0.7856611800188595
-0.7920172254768676
-0.8006261548763617
-0.8069609467122802
-0.8155911297338638
-0.8219046679476928
-0.8305561045913659
-0.8368483891831054
-0.8455210794488680
-0.8517921104185180
-0.8604860543063700
-0.8667358316539305
-0.8754510291638721
-0.8816795528893432
-0.8904160040213742
-0.8966232741247557
-0.9053809788788764
-0.9115669953601684
-0.9203459537363784
-0.9265107165955810
-0.9353109285938805
-0.9414544378309936
-0.9502759034513826
-0.9563981590664061
-0.9652408783088846
-0.9713418803018188
-0.9802058531663868
-0.9862856015372313
-0.2462019382530520
-0.2532626277058671
-0.2611232678441461
-0.2681604293356240
-0.2760445974352401
-0.2830582309653809
-0.2909659270263342
-0.2979560325951378
-0.3058872566174283
-0.3128538342248947
-0.3208085862085223
-0.3277516358546516
-0.3357299157996164
-0.3426494374844085
-0.3506512453907105
-0.3575472391141653
-0.3655725749818045
-0.3724450407439222
-0.3804939045728986
-0.3873428423736791
-0.3954152341639927
-0.4022406440034360
-0.4103365637550868
-0.4171384456331929
-0.4252578933461808
-0.4320362472629498
-0.4401792229372748
-0.4469340488927067
-0.4551005525283690
-0.4618318505224636
-0.4700218821194630
-0.4767296521522204
-0.4849432117105570
-0.4916274537819773
-0.4998645413016511
-0.5065252554117342
-0.5147858708927452
-0.5214230570414911
-0.5297072004838392
-0.5363208586712479
-0.5446285300749333
-0.5512186603010049
-0.5595498596660273
-0.5661164619307617
-0.5744711892571215
-0.5810142635605187
-0.5893925188482155
-0.5959120651902755
-0.6043138484393096
-0.6108098668200325
-0.6192351780304036
-0.6257076684497893
-0.6341565076214977
-0.6406054700795463
-0.6490778372125918
-0.6555032717093031
-0.6639991668036859
-0.6704010733390601
-0.6789204963947799
-0.6852988749688169
-0.6938418259858740
-0.7001966765985738
-0.7087631555769680
-0.7150944782283306
-0.7236844851680621
-0.7299922798580876
-0.7386058147591561
-0.7448900814878444
-0.7535271443502501
-0.7597878831176013
-0.7684484739413442
-0.7746856847473581
-0.7833698035324382
-0.7895834863771152
-0.7982911331235324
-0.8044812880068720
-0.8132124627146264
-0.8193790896366289
-0.8281337923057205
-0.8342768912663857
-0.8430551218968145
-0.8491746928961427
-0.8579764514879086
-0.8640724945258995
-0.8728977810790026
-0.8789702961556564
-0.8878191106700967
-0.8938680977854132
-0.9027404402611908
-0.9087658994151703
-0.9176617698522849
-0.9236637010449271
-0.9325830994433789
-0.9385615026746840
-0.9475044290344730
-0.9534593043044408
-0.9624257586255670
-0.9683571059341978
-0.9773470882166611
-0.9832549075639546
-0.2454067958619160
-0.2524048481599106
-0.2602799350050624
-0.2672521921693171
-0.2751530741482088
-0.2820995361787237
-0.2900262132913553
-0.2969468801881301
-0.3048993524345017
-0.3117942241975367
-0.3197724915776481
-0.3266415682069432
-0.3346456307207945
-0.3414889122163497
-0.3495187698639409
-0.3563362562257562
-0.3643919090070873
-0.3711836002351627
-0.3792650481502338
-0.3860309442445692
-0.3941381872933802
-0.4008782882539756
-0.4090113264365266
-0.4157256322633822
-0.4238844655796730
-0.4305729762727887
-0.4387576047228194
-0.4454203202821952
-0.4536307438659659
-0.4602676642916018
-0.4685038830091123
-0.4751150083010082
-0.4833770221522588
-0.4899623523104147
-0.4982501612954051
-0.5048096963198212
-0.5131233004385516
-0.5196570403292278
-0.5279964395816980
-0.5345043843386342
-0.5428695787248443
-0.5493517283480407
-0.5577427178679908
-0.5641990723574473
-0.5726158570111373
-0.5790464163668538
-0.5874889961542837
-0.5938937603762603
-0.6023621352974301
-0.6087411043856668
-0.6172352744405765
-0.6235884483950733
-0.6321084135837229
-0.6384357924044799
-0.6469815527268694
-0.6532831364138864
-0.6618546918700159
-0.6681304804232929
-0.6767278310131623
-0.6829778244326994
-0.6916009701563087
-0.6978251684421058
-0.7064741092994551
-0.7126725124515124
-0.7213472484426015
-0.7275198564609189
-0.7362203875857479
-0.7423672004703253
-0.7510935267288943
-0.7572145444797318
-0.7659666658720408
-0.7720618884891384
-0.7808398050151871
-0.7869092324985449
-0.7957129441583336
-0.8017565765079514
-0.8105860833014801
-0.8166039205173580
-0.8254592224446264
-0.8314512645267644
-0.8403323615877729
-0.8462986085361709
-0.8552055007309193
-0.8611459525455775
-0.8700786398740656
-0.8759932965549839
-0.8849517790172121
-0.8908406405643904
-0.8998249181603586
-0.9056879845737970
-0.9146980573035051
-0.9205353285832035
-0.9295711964466514
-0.9353826725926100
-0.9444443355897978
-0.9502300166020164
-0.9593174747329443
-0.9650773606114230
-0.9741906138760906
-0.9799247046208295
-0.2445369001834514
-0.2514701836521040
-0.2593573183763878
-0.2662625473963454
-0.2741777365693243
-0.2810549111405869
-0.2889981547622608
-0.2958472748848283
-0.3038185729551972
-0.3106396386290697
-0.3186389911481336
-0.3254320023733111
-0.3334594093410701
-0.3402243661175525
-0.3482798275340065
-0.3550167298617939
-0.3631002457269430
-0.3698090936060353
-0.3779206639198794
-0.3846014573502767
-0.3927410821128158
-0.3993938210945181
-0.4075615003057523
-0.4141861848387596
-0.4223819184986888
-0.4289785485830010
-0.4372023366916252
-0.4437709123272424
-0.4520227548845617
-0.4585632760714838
-0.4668431730774981
-0.4733556398157252
-0.4816635912704346
-0.4881480035599666
-0.4964840094633710
-0.5029403673042080
-0.5113044276563075
-0.5177327310484494
-0.5261248458492439
-0.5325250947926908
-0.5409452640421804
-0.5473174585369323
-0.5557656822351168
-0.5621098222811737
-0.5705861004280532
-0.5769021860254151
-0.5854065186209897
-0.5916945497696565
-0.6002269368139261
-0.6064869135138979
-0.6150473550068626
-0.6212792772581394
-0.6298677731997990
-0.6360716410023809
-0.6446881913927356
-0.6508640047466222
-0.6595086095856720
-0.6656563684908636
-0.6743290277786085
-0.6804487322351050
-0.6891494459715449
-0.6952410959793465
-0.7039698641644813
-0.7100334597235879
-0.7187902823574177
-0.7248258234678292
-0.7336107005503542
-0.7396181872120706
-0.7484311187432906
-0.7544105509563120
-0.7632515369362270
-0.7692029147005535
-0.7780719551291635
-0.7839952784447950
-0.7928923733221001
-0.7987876421890363
-0.8077127915150365
-0.8135800059332777
-0.8225332097079729
-0.8283723696775191
-0.8373536279009094
-0.8431647334217606
-0.8521740460938457
-0.8579570971660020
-0.8669944642867822
-0.8727494609102433
-0.8818148824797186
-0.8875418246544847
-0.8966353006726552
-0.9023341883987263
-0.9114557188655916
-0.9171265521429677
-0.9262761370585281
-0.9319189158872091
-0.9410965552514645
-0.9467112796314504
-0.9559169734444010
-0.9615036433756918
-0.9707373916373374
-0.9762960071199333
-0.2435925161963088
-0.2504589188903106
-0.2583556989960851
-0.2651917964720936
-0.2731188817958614
-0.2799246740538766
-0.2878820645956377
-0.2946575516356596
-0.3026452473954140
-0.3093904292174425
-0.3174084301951903
-0.3241233067992256
-0.3321716129949666
-0.3388561843810085
-0.3469347957947428
-0.3535890619627915
-0.3616979785945191
-0.3683219395445744
-0.3764611613942954
-0.3830548171263574
-0.3912243441940717
-0.3977876947081404
-0.4059875269938480
-0.4125205722899234
-0.4207507097936243
-0.4272534498717064
-0.4355138925934006
-0.4419863274534894
-0.4502770753931769
-0.4567192050352724
-0.4650402581929532
-0.4714520826170553
-0.4798034409927295
-0.4861849601988383
-0.4945666237925058
-0.5009178377806213
-0.5093298065922820
-0.5156507153624043
-0.5240929893920583
-0.5303835929441871
-0.5388561721918346
-0.5451164705259701
-0.5536193549916109
-0.5598493481077531
-0.5683825377913873
-0.5745822256895362
-0.5831457205911635
-0.5893151032713192
-0.5979089033909398
-0.6040479808531021
-0.6126720861907161
-0.6187808584348851
-0.6274352689904924
-0.6335137360166682
-0.6421984517902688
-0.6482466135984511
-0.6569616345900451
-0.6629794911802340
-0.6717248173898214
-0.6777123687620170
-0.6864880001895975
-0.6924452463438000
-0.7012511829893738
-0.7071781239255830
-0.7160143657891501
-0.7219110015073660
-0.7307775485889264
-0.7366438790891489
-0.7455407313887027
-0.7513767566709318
-0.7603039141884790
-0.7661096342527148
-0.7750670969882553
-0.7808425118344979
-0.7898302797880317
-0.7955753894162809
-0.8045934625878080
-0.8103082669980638
-0.8193566453875842
-0.8250411445798468
-0.8341198281873605
-0.8397740221616298
-0.8488830109871368
-0.8545068997434128
-0.8636461937869131
-0.8692397773251956
-0.8784093765866893
-0.8839726549069786
-0.8931725593864657
-0.8987055324887617
-0.9079357421862420
-0.9134384100705447
-0.9226989249860182
-0.9281712876523277
-0.9374621077857945
-0.9429041652341106
-0.9522252905855708
-0.9576370428158936
-0.9669884733853471
-0.9723699203976766
-0.2425739315689991
-0.2493713619155732
-0.2572753819671203
-0.2640402655576657
-0.2719768323652414
-0.2787091691997583
-0.2866782827633627
-0.2933780728418509
-0.3013797331614838
-0.3080469764839434
-0.3160811835596050
-0.3227158801260360
-0.3307826339577261
-0.3373847837681285
-0.3454840843558473
-0.3520536874102210
-0.3601855347539684
-0.3667225910523135
-0.3748869851520896
-0.3813914946944061
-0.3895884355502107
-0.3960603983364986
-0.4042898859483319
-0.4107293019785912
-0.4189913363464531
-0.4253982056206837
-0.4336927867445742
-0.4400671092627763
-0.4483942371426954
-0.4547360129048688
-0.4630956875408166
-0.4694049165469614
-0.4777971379389377
-0.4840738201890539
-0.4924985883370588
-0.4987427238311464
-0.5072000387351800
-0.5134116274732389
-0.5219014891333011
-0.5280805311153315
-0.5366029395314224
-0.5427494347574240
-0.5513043899295434
-0.5574183383995165
-0.5660058403276647
-0.5720872420416091
-0.5807072907257859
-0.5867561456837017
-0.5954087411239070
-0.6014250493257942
-0.6101101915220282
-0.6160939529678867
-0.6248116419201493
-0.6307628566099793
-0.6395130923182706
-0.6454317602520719
-0.6542145427163917
-0.6601006638941644
-0.6689159931145129
-0.6747695675362569
-0.6836174435126340
-0.6894384711783494
-0.6983188939107552
-0.7041073748204421
-0.7130203443088763
-0.7187762784625346
-0.7277217947069974
-0.7334451821046271
-0.7424232451051186
-0.7481140857467196
-0.7571246955032397
-0.7627829893888122
-0.7718261459013609
-0.7774518930309048
-0.7865275962994821
-0.7921207966729973
-0.8012290466976033
-0.8067897003150898
-0.8159304970957244
-0.8214586039571824
-0.8306319474938456
-0.8361275075992749
-0.8453333978919667
-0.8507964112413674
-0.8600348482900879
-0.8654653148834599
-0.8747362986882090
-0.8801342185255525
-0.8894377490863302
-0.8948031221676451
-0.9041391994844514
-0.9094720258097376
-0.9188406498825725
-0.9241409294518301
-0.9335421002806937
-0.9388098330939227
-0.9482435506788148
-0.9534787367360152
-0.9629450010769360
-0.9681476403781077
-0.2414814565722671
-0.2482078440082817
-0.2561166963645257
-0.2628083054205335
-0.2707519361567843
-0.2774087668327854
-0.2853871759490429
-0.2920092282450373
-0.3000224157413016
-0.3066096896572891
-0.3146576555335602
-0.3212101510695410
-0.3292928953258188
-0.3358106124817929
-0.3439281351180774
-0.3504110738940447
-0.3585633749103360
-0.3650115353062966
-0.3731986147025946
-0.3796119967185485
-0.3878338544948532
-0.3942124581308003
-0.4024690942871119
-0.4088129195430522
-0.4171043340793705
-0.4234133809553041
-0.4317395738716290
-0.4380138423675560
-0.4463748136638877
-0.4526143037798078
-0.4610100534561463
-0.4672147651920597
-0.4756452932484049
-0.4818152266043115
-0.4902805330406635
-0.4964156880165634
-0.5049157728329221
-0.5110161494288152
-0.5195510126251807
-0.5256166108410670
-0.5341862524174393
-0.5402170722533189
-0.5488214922096979
-0.5548175336655707
-0.5634567320019566
-0.5694179950778228
-0.5780919717942152
-0.5840184564900746
-0.5927272115864738
-0.5986189179023265
-0.6073624513787325
-0.6132193793145783
-0.6219976911709910
-0.6278198407268303
-0.6366329309632497
-0.6424203021390821
-0.6512681707555084
-0.6570207635513340
-0.6659034105477669
-0.6716212249635858
-0.6805386503400255
-0.6862216863758377
-0.6951738901322841
-0.7008221477880895
-0.7098091299245427
-0.7154226092003414
-0.7244443697168013
-0.7300230706125932
-0.7390796095090599
-0.7446235320248451
-0.7537148493013185
-0.7592239934370969
-0.7683500890935772
-0.7738244548493489
-0.7829853288858358
-0.7884249162616007
-0.7976205686780944
-0.8030253776738526
-0.8122558084703531
-0.8176258390861044
-0.8268910482626116
-0.8322263004983563
-0.8415262880548702
-0.8468267619106081
-0.8561615278471288
-0.8614272233228600
-0.8707967676393874
-0.8760276847351118
-0.8854320074316461
-0.8906281461473639
-0.9000672472239047
-0.9052286075596157
-0.9147024870161633
-0.9198290689718676
-0.9293377268084220
-0.9344295303841194
-0.9439729666006805
-0.9490299917963713
-0.9586082063929391
-0.9636304532086231
-0.2403154239845797
-0.2469687195872618
-0.2548799951351603
-0.2614962913276890
-0.2694445662857409
-0.2760238630681162
-0.2840091374363214
-0.2905514348085433
-0.2985737085869020
-0.3050790065489705
-0.3131382797374826
-0.3196065782893977
-0.3277028508880632
-0.3341341500298248
-0.3422674220386438
-0.3486617217702520
-0.3568319931892244
-0.3631892935106791
-0.3713965643398050
-0.3777168652511063
-0.3859611354903856
-0.3922444369915334
-0.4005257066409662
-0.4067720087319607
-0.4150902777915467
-0.4212995804723878
-0.4296548489421274
-0.4358271522128150
-0.4442194200927079
-0.4503547239532422
-0.4587839912432885
-0.4648822956936693
-0.4733485623938691
-0.4794098674340965
-0.4879131335444497
-0.4939374391745236
-0.5024777046950303
-0.5084650109149508
-0.5170422758456108
-0.5229925826553780
-0.5316068469961914
-0.5375201543958050
-0.5461714181467719
-0.5520477261362322
-0.5607359892973527
-0.5665752978766595
-0.5753005604479332
-0.5811028696170867
-0.5898651315985138
-0.5956304413575138
-0.6044297027490944
-0.6101580130979409
-0.6189942738996750
-0.6246855848383682
-0.6335588450502556
-0.6392131565787954
-0.6481234162008362
-0.6537407283192225
-0.6626879873514168
-0.6682683000596497
-0.6772525585019974
-0.6827958718000768
-0.6918171296525779
-0.6973234435405040
-0.7063817008031585
-0.7118510152809311
-0.7209462719537391
-0.7263785870213583
-0.7355108431043197
-0.7409061587617854
-0.7500754142549002
-0.7554337305022126
-0.7646399854054808
-0.7699613022426398
-0.7792045565560615
-0.7844888739830670
-0.7937691277066421
-0.7990164457234942
-0.8083336988572226
-0.8135440174639214
-0.8228982700078032
-0.8280715892043484
-0.8374628411583838
-0.8425991609447756
-0.8520274123089644
-0.8571267326852028
-0.8665919834595449
-0.8716543044256300
-0.8811565546101257
-0.8861818761660571
-0.8957211257607062
-0.9007094479064843
-0.9102856969112868
-0.9152370196469115
-0.9248502680618673
-0.9297645913873387
-0.9394148392124479
-0.9442921631277658
-0.9539794103630285
-0.9588197348681929
-0.2390761889907589
-0.2456543661018160
-0.2535656549901988
-0.2601046229313346
-0.2680551209896387
-0.2745548797608532
-0.2825445869890786
-0.2890051365903717
-0.2970340529885186
-0.3034553934198904
-0.3115235189879585
-0.3179056502494090
-0.3260129849873984
-0.3323559070789275
-0.3405024509868384
-0.3468061639084462
-0.3549919169862783
-0.3612564207379647
-0.3694813829857183
-0.3757066775674833
-0.3839708489851582
-0.3901569343970018
-0.3984603149845981
-0.4046071912265205
-0.4129497809840380
-0.4190574480560391
-0.4274392469834780
-0.4335077048855577
-0.4419287129829179
-0.4479579617150762
-0.4564181789823578
-0.4624082185445949
-0.4709076449817978
-0.4768584753741134
-0.4853971109812377
-0.4913087322036320
-0.4998865769806776
-0.5057589890331505
-0.5143760429801175
-0.5202092458626691
-0.5288655089795574
-0.5346595026921878
-0.5433549749789973
-0.5491097595217063
-0.5578444409784373
-0.5635600163512250
-0.5723339069778773
-0.5780102731807435
-0.5868233729773172
-0.5924605300102621
-0.6013128389767571
-0.6069107868397807
-0.6158023049761970
-0.6213610436692993
-0.6302917709756370
-0.6358113004988180
-0.6447812369750769
-0.6502615573283366
-0.6592707029745170
-0.6647118141578551
-0.6737601689739569
-0.6791620709873737
-0.6882496349733968
-0.6936123278168923
-0.7027391009728366
-0.7080625846464108
-0.7172285669722765
-0.7225128414759294
-0.7317180329717164
-0.7369630983054479
-0.7462074989711565
-0.7514133551349665
-0.7606969649705964
-0.7658636119644853
-0.7751864309700364
-0.7803138687940038
-0.7896758969694763
-0.7947641256235224
-0.8041653629689162
-0.8092143824530410
-0.8186548289683561
-0.8236646392825595
-0.8331442949677961
-0.8381148961120781
-0.8476337609672360
-0.8525651529415967
-0.8621232269666759
-0.8670154097711152
-0.8766126929661159
-0.8814656666006340
-0.8911021589655558
-0.8959159234301525
-0.9055916249649957
-0.9103661802596711
-0.9200810909644357
-0.9248164370891897
-0.9345705569638756
-0.9392666939187082
-0.9490600229633155
-0.9537169507482268
-0.2377641290737884
-0.2442651839167483
-0.2521740762903816
-0.2586337241471452
-0.2665840235069749
-0.2730022643775423
-0.2809939707235681
-0.2873708046079392
-0.2954039179401614
-0.3017393448383361
-0.3098138651567546
-0.3161078850687332
-0.3242238123733479
-0.3304764252991301
-0.3386337595899411
-0.3448449655295270
-0.3530437068065343
-0.3592135057599240
-0.3674536540231275
-0.3735820459903209
-0.3818636012397207
-0.3879505862207179
-0.3962735484563140
-0.4023191264511149
-0.4106834956729072
-0.4166876666815118
-0.4250934428895005
-0.4310562069119088
-0.4395033901060937
-0.4454247471423058
-0.4539133373226870
-0.4597932873727027
-0.4683232845392802
-0.4741618276030997
-0.4827332317558735
-0.4885303678334966
-0.4971431789724667
-0.5028989080638936
-0.5115531261890599
-0.5172674482942905
-0.5259630734056531
-0.5316359885246874
-0.5403730206222463
-0.5460045287550844
-0.5547829678388396
-0.5603730689854814
-0.5691929150554329
-0.5747416092158784
-0.5836028622720261
-0.5891101494462754
-0.5980128094886193
-0.6034786896766723
-0.6124227567052125
-0.6178472299070693
-0.6268327039218059
-0.6322157701374663
-0.6412426511383991
-0.6465843103678632
-0.6556525983549923
-0.6609528505982601
-0.6700625455715855
-0.6753213908286572
-0.6844724927881788
-0.6896899310590541
-0.6988824400047720
-0.7040584712894510
-0.7132923872213652
-0.7184270115198480
-0.7277023344379585
-0.7327955517502449
-0.7421122816545517
-0.7471640919806418
-0.7565222288711450
-0.7615326322110390
-0.7709321760877382
-0.7759011724414359
-0.7853421233043315
-0.7902697126718328
-0.7997520705209247
-0.8046382529022298
-0.8141620177375180
-0.8190067931326267
-0.8285719649541111
-0.8333753333630236
-0.8429819121707044
-0.8477438735934206
-0.8573918593872976
-0.8621124138238175
-0.8718018066038909
-0.8764809540542146
-0.8862117538204841
-0.8908494942846116
-0.9006217010370774
-0.9052180345150085
-0.9150316482536706
-0.9195865747454054
-0.9294415954702638
-0.9339551149758024
-0.9438515426868570
-0.9483236552061993
-0.2363796438998292
-0.2428015961904096
-0.2507056829240613
-0.2570840430251395
-0.2650317219482934
-0.2713664898598696
-0.2793577609725255
-0.2856489366945995
-0.2936837999967575
-0.2999313835293295
-0.3080098390209896
-0.3142138303640595
-0.3223358780452217
-0.3284962771987895
-0.3366619170694538
-0.3427787240335194
-0.3509879560936858
-0.3570611708682494
-0.3653139951179179
-0.3713436177029794
-0.3796400341421500
-0.3856260645377093
-0.3939660731663821
-0.3999085113724393
-0.4082921121906141
-0.4141909582071693
-0.4226181512148462
-0.4284734050418993
-0.4369441902390783
-0.4427558518766293
-0.4512702292633104
-0.4570382987113593
-0.4655962682875425
-0.4713207455460892
-0.4799223073117745
-0.4856031923808192
-0.4942483463360066
-0.4998856392155491
-0.5085743853602387
-0.5141680860502791
-0.5229004243844707
-0.5284505328850091
-0.5372264634087027
-0.5427329797197390
-0.5515525024329350
-0.5570154265544691
-0.5658785414571670
-0.5712978733891990
-0.5802045804813990
-0.5855803202239290
-0.5945306195056311
-0.5998627670586590
-0.6088566585298631
-0.6141452138933891
-0.6231826975540954
-0.6284276607281191
-0.6375087365783274
-0.6427101075628490
-0.6518347756025594
-0.6569925543975790
-0.6661608146267916
-0.6712750012323089
-0.6804868536510236
-0.6855574480670389
-0.6948128926752557
-0.6998398949017688
-0.7091389316994877
-0.7141223417364988
-0.7234649707237197
-0.7284047885712288
-0.7377910097479519
-0.7426872354059587
-0.7521170487721839
-0.7569696822406888
-0.7664430877964161
-0.7712521290754187
-0.7807691268206481
-0.7855345759101487
-0.7950951658448802
-0.7998170227448786
-0.8094212048691123
-0.8140994695796087
-0.8237472438933443
-0.8283819164143387
-0.8380732829175764
-0.8426643632490686
-0.8523993219418085
-0.8569468100837986
-0.8667253609660406
-0.8712292569185286
-0.8810513999902727
-0.8855117037532586
-0.8953774390145047
-0.8997941505879885
-0.9097034780387367
-0.9140765974227185
-0.9240295170629689
-0.9283590442574484
-0.9383555560872009
-0.9426414910921784
-0.2349231551964771
-0.2412640487457993
-0.2491609221780818
-0.2554560516131992
-0.2633986891596864
-0.2696480544805993
-0.2776364561412911
-0.2838400573479992
-0.2918742231228958
-0.2980320602153991
-0.3061119901045004
-0.3122240630827992
-0.3203497570861051
-0.3264160659501991
-0.3345875240677098
-0.3406080688175990
-0.3488252910493145
-0.3548000716849990
-0.3630630580309191
-0.3689920745523990
-0.3773008250125238
-0.3831840774197989
-0.3915385919941285
-0.3973760802871989
-0.4057763589757332
-0.4115680831545988
-0.4200141259573378
-0.4257600860219988
-0.4342518929389425
-0.4399520888893988
-0.4484896599205472
-0.4541440917567987
-0.4627274269021519
-0.4683360946241987
-0.4769651938837565
-0.4825280974915986
-0.4912029608653611
-0.4967201003589986
-0.5054407278469658
-0.5109121032263985
-0.5196784948285704
-0.5251041060937984
-0.5339162618101752
-0.5392961089611984
-0.5481540287917799
-0.5534881118285985
-0.5623917957733845
-0.5676801146959984
-0.5766295627549892
-0.5818721175633984
-0.5908673297365938
-0.5960641204307983
-0.6051050967181986
-0.6102561232981983
-0.6193428636998033
-0.6244481261655983
-0.6335806306814079
-0.6386401290329983
-0.6478183976630126
-0.6528321319003982
-0.6620561646446173
-0.6670241347677981
-0.6762939316262219
-0.6812161376351981
-0.6905316986078266
-0.6954081405025980
-0.7047694655894312
-0.7096001433699980
-0.7190072325710359
-0.7237921462373980
-0.7332449995526406
-0.7379841491047979
-0.7474827665342452
-0.7521761519721979
-0.7617205335158500
-0.7663681548395979
-0.7759583004974546
-0.7805601577069978
-0.7901960674790593
-0.7947521605743978
-0.8044338344606640
-0.8089441634417978
-0.8186716014422686
-0.8231361663091976
-0.8329093684238733
-0.8373281691765976
-0.8471471354054779
-0.8515201720439975
-0.8613849023870827
-0.8657121749113976
-0.8756226693686874
-0.8799041777787976
-0.8898604363502920
-0.8940961806461976
-0.9040982033318967
-0.9082881835135974
-0.9183359703135013
-0.9224801863809974
-0.9325737372951060
-0.9366721892483973
-0.2333951066243004
-0.2396530099347638
-0.2475402646015308
-0.2537502458132794
-0.2616854225787611
-0.2678474816917949
-0.2758305805559914
-0.2819447175703104
-0.2899757385332217
-0.2960419534488259
-0.3041208965104521
-0.3101391893273415
-0.3182660544876824
-0.3242364252058570
-0.3324112124649127
-0.3383336610843725
-0.3465563704421430
-0.3524308969628880
-0.3607015284193734
-0.3665281328414035
-0.3748466863966037
-0.3806253687199190
-0.3889918443738341
-0.3947226045984346
-0.4031370023510644
-0.4088198404769501
-0.4172821603282947
-0.4229170763554657
-0.4314273183055251
-0.4370143122339812
-0.4455724762827554
-0.4511115481124967
-0.4597176342599857
-0.4652087839910122
-0.4738627922372161
-0.4793060198695277
-0.4880079502144464
-0.4934032557480432
-0.5021531081916767
-0.5075004916265587
-0.5162982661689069
-0.5215977275050742
-0.5304434241461373
-0.5356949633835897
-0.5445885821233677
-0.5497921992621053
-0.5587337401005981
-0.5638894351406208
-0.5728788980778283
-0.5779866710191364
-0.5870240560550587
-0.5920839068976519
-0.6011692140322890
-0.6061811427761674
-0.6153143720095194
-0.6202783786546829
-0.6294595299867497
-0.6343756145331985
-0.6436046879639801
-0.6484728504117140
-0.6577498459412103
-0.6625700862902295
-0.6718950039184407
-0.6766673221687450
-0.6860401618956710
-0.6907645580472606
-0.7001853198729013
-0.7048617939257760
-0.7143304778501316
-0.7189590298042915
-0.7284756358273620
-0.7330562656828070
-0.7426207938045922
-0.7471535015613227
-0.7567659517818227
-0.7612507374398382
-0.7709111097590530
-0.7753479733183537
-0.7850562677362833
-0.7894452091968692
-0.7992014257135136
-0.8035424450753846
-0.8133465836907440
-0.8176396809539002
-0.8274917416679742
-0.8317369168324157
-0.8416368996452046
-0.8458341527109312
-0.8557820576224350
-0.8599313885894468
-0.8699272155996653
-0.8740286244679624
-0.8840723735768956
-0.8881258603464778
-0.8982175315541260
-0.9022230962249933
-0.9123626895313562
-0.9163203321035088
-0.9265078475085866
-0.9304175679820244
-0.2317959636416969
-0.2379689704953314
-0.2458442038624057
-0.2519671452303509
-0.2598924440831146
-0.2659653199653704
-0.2739406843038236
-0.2799634947003899
-0.2879889245245325
-0.2939616694354094
-0.3020371647452413
-0.3079598441704289
-0.3160854049659503
-0.3219580189054484
-0.3301336451866592
-0.3359561936404679
-0.3441818854073680
-0.3499543683754874
-0.3582301256280769
-0.3639525431105068
-0.3722783658487858
-0.3779507178455263
-0.3863266060694948
-0.3919488925805458
-0.4003748462902036
-0.4059470673155653
-0.4144230865109125
-0.4199452420505849
-0.4284713267316215
-0.4339434167856043
-0.4425195669523304
-0.4479415915206238
-0.4565678071730392
-0.4619397662556433
-0.4706160473937482
-0.4759379409906628
-0.4846642876144571
-0.4899361157256823
-0.4987125278351660
-0.5039342904607017
-0.5127607680558748
-0.5179324651957212
-0.5268090082765837
-0.5319306399307407
-0.5408572484972927
-0.5459288146657603
-0.5549054887180016
-0.5599269894007798
-0.5689537289387104
-0.5739251641357993
-0.5830019691594194
-0.5879233388708187
-0.5970502093801282
-0.6019215136058383
-0.6110984496008373
-0.6159196883408579
-0.6251466898215461
-0.6299178630758773
-0.6391949300422550
-0.6439160378108968
-0.6532431702629639
-0.6579142125459163
-0.6672914104836728
-0.6719123872809357
-0.6813396507043816
-0.6859105620159552
-0.6953878909250906
-0.6999087367509748
-0.7094361311457995
-0.7139069114859942
-0.7234843713665083
-0.7279050862210137
-0.7375326115872173
-0.7419032609560332
-0.7515808518079262
-0.7559014356910527
-0.7656290920286352
-0.7698996104260722
-0.7796773322493440
-0.7838977851610917
-0.7937255724700529
-0.7978959598961112
-0.8077738126907618
-0.8118941346311307
-0.8218220529114707
-0.8258923093661501
-0.8358702931321795
-0.8398904841011696
-0.8499185333528886
-0.8538886588361893
-0.8639667735735974
-0.8678868335712087
-0.8780150137943064
-0.8818850083062282
-0.8920632540150152
-0.8958831830412477
-0.9061114942357241
-0.9098813577762671
-0.9201597344564330
-0.9238795325112866
-0.2301262133631101
-0.2362124434022289
-0.2440732565972380
-0.2501072930141247
-0.2580202998313659
-0.2640021426260206
-0.2719673430654938
-0.2778969922379164
-0.2859143862996217
-0.2917918418498122
-0.2998614295337496
-0.3056866914617081
-0.3138084727678775
-0.3195815410736039
-0.3277555160020054
-0.3334763906854997
-0.3417025592361332
-0.3473712402973955
-0.3556496024702611
-0.3612660899092913
-0.3695966457043889
-0.3751609395211871
-0.3835436889385169
-0.3890557891330829
-0.3974907321726447
-0.4029506387449788
-0.4114377754067726
-0.4168454883568746
-0.4253848186409006
-0.4307403379687704
-0.4393318618750284
-0.4446351875806662
-0.4532789051091563
-0.4585300371925620
-0.4672259483432842
-0.4724248868044578
-0.4811729915774121
-0.4863197364163536
-0.4951200348115399
-0.5002145860282494
-0.5090670780456678
-0.5141094356401452
-0.5230141212797956
-0.5280042852520410
-0.5369611645139236
-0.5418991348639369
-0.5509082077480515
-0.5557939844758327
-0.5648552509821794
-0.5696888340877285
-0.5788022942163072
-0.5835836836996244
-0.5927493374504351
-0.5974785333115203
-0.6066963806845631
-0.6113733829234161
-0.6206434239186910
-0.6252682325353119
-0.6345904671528189
-0.6391630821472077
-0.6485375103869467
-0.6530579317591035
-0.6624845536210746
-0.6669527813709993
-0.6764315968552025
-0.6808476309828951
-0.6903786400893304
-0.6947424805947909
-0.7043256833234582
-0.7086373302066867
-0.7182727265575861
-0.7225321798185825
-0.7322197697917140
-0.7364270294304784
-0.7461668130258420
-0.7503218790423742
-0.7601138562599699
-0.7642167286542700
-0.7740608994940977
-0.7781115782661658
-0.7880079427282256
-0.7920064278780616
-0.8019549859623535
-0.8059012774899575
-0.8159020291964814
-0.8197961271018533
-0.8298490724306092
-0.8336909767137491
-0.8437961156647372
-0.8475858263256451
-0.8577431588988651
-0.8614806759375409
-0.8716902021329930
-0.8753755255494367
-0.8856372453671209
-0.8892703751613324
-0.8995842886012487
-0.9031652247732282
-0.9135313318353766
-0.9170600743851240
-0.2283863644106503
-0.2343839637106248
-0.2422279622537200
-0.2481712556936027
-0.2560695600967897
-0.2619585476765807
-0.2699111579398594
-0.2757458396595586
-0.2837527557829291
-0.2895331316425365
-0.2975943536259988
-0.3033204236255144
-0.3114359514690686
-0.3171077156084924
-0.3252775493121383
-0.3308950075914703
-0.3391191471552080
-0.3446822995744482
-0.3529607449982777
-0.3584695915574261
-0.3668023428413474
-0.3722568835404040
-0.3806439406844171
-0.3860441755233820
-0.3944855385274869
-0.3998314675063599
-0.4083271363705566
-0.4136187594893379
-0.4221687342136263
-0.4274060514723158
-0.4360103320566960
-0.4411933434552937
-0.4498519298997657
-0.4549806354382716
-0.4636935277428354
-0.4687679274212495
-0.4775351255859051
-0.4825552194042275
-0.4913767234289748
-0.4963425113872054
-0.5052183212720445
-0.5101298033701833
-0.5190599191151142
-0.5239170953531612
-0.5329015169581840
-0.5377043873361392
-0.5467431148012537
-0.5514916793191171
-0.5605847126443234
-0.5652789713020950
-0.5744263104873931
-0.5790662632850729
-0.5882679083304628
-0.5928535552680509
-0.6021095061735326
-0.6066408472510288
-0.6159511040166024
-0.6204281392340067
-0.6297927018596721
-0.6342154312169848
-0.6436342997027417
-0.6480027231999627
-0.6574758975458114
-0.6617900151829406
-0.6713174953888811
-0.6755773071659185
-0.6851590932319508
-0.6893645991488964
-0.6990006910750205
-0.7031518911318743
-0.7128422889180902
-0.7169391831148522
-0.7266838867611599
-0.7307264750978302
-0.7405254846042297
-0.7445137670808082
-0.7543670824472994
-0.7583010590637861
-0.7682086802903692
-0.7720883510467640
-0.7820502781334389
-0.7858756430297419
-0.7958918759765086
-0.7996629350127198
-0.8097334738195783
-0.8134502269956977
-0.8235750716626480
-0.8272375189786756
-0.8374166695057177
-0.8410248109616536
-0.8512582673487874
-0.8548121029446315
-0.8650998651918571
-0.8685993949276095
-0.8789414630349268
-0.8823866869105874
-0.8927830608779965
-0.8961739788935653
-0.9066246587210662
-0.9099612708765432
-0.2265769467591625
-0.2324840883931459
-0.2403088829263844
-0.2461596230045074
-0.2540408190936064
-0.2598351576158690
-0.2677727552608284
-0.2735106922272305
-0.2815046914280503
-0.2871862268385920
-0.2952366275952723
-0.3008617614499535
-0.3089685637624943
-0.3145372960613150
-0.3227004999297163
-0.3282128306726765
-0.3364324360969382
-0.3418883652840380
-0.3501643722641602
-0.3555638998953995
-0.3638963084313822
-0.3692394345067611
-0.3776282445986042
-0.3829149691181226
-0.3913601807658261
-0.3965905037294841
-0.4050921169330481
-0.4102660383408457
-0.4188240531002701
-0.4239415729522072
-0.4325559892674921
-0.4376171075635687
-0.4462879254347140
-0.4512926421749302
-0.4600198616019359
-0.4649681767862917
-0.4737517977691579
-0.4786437113976532
-0.4874837339363798
-0.4923192460090147
-0.5012156701036018
-0.5059947806203763
-0.5149476062708238
-0.5196703152317378
-0.5286795424380458
-0.5333458498430994
-0.5424114786052678
-0.5470213844544609
-0.5561434147724897
-0.5606969190658224
-0.5698753509397116
-0.5743724536771839
-0.5836072871069337
-0.5880479882885455
-0.5973392232741557
-0.6017235228999070
-0.6110711594413777
-0.6153990575112686
-0.6248030956085996
-0.6290745921226301
-0.6385350317758216
-0.6427501267339916
-0.6522669679430435
-0.6564256613453531
-0.6659989041102655
-0.6701011959567146
-0.6797308402774874
-0.6837767305680761
-0.6934627764447094
-0.6974522651794376
-0.7071947126119313
-0.7111277997907991
-0.7209266487791534
-0.7248033344021607
-0.7346585849463754
-0.7384788690135222
-0.7483905211135974
-0.7521544036248837
-0.7621224572808193
-0.7658299382362452
-0.7758543934480413
-0.7795054728476067
-0.7895863296152632
-0.7931810074589682
-0.8033182657824851
-0.8068565420703298
-0.8170502019497071
-0.8205320766816913
-0.8307821381169291
-0.8342076112930529
-0.8445140742841512
-0.8478831459044144
-0.8582460104513731
-0.8615586805157759
-0.8719779466185951
-0.8752342151271374
-0.8857098827858170
-0.8889097497384989
-0.8994418189530390
-0.9025852843498604
-0.2246985115747918
-0.2305133961702185
-0.2383166031853852
-0.2440730077096431
-0.2519346947959786
-0.2576326192490678
-0.2655527864065721
-0.2711922307884924
-0.2791708780171655
-0.2847518423279170
-0.2927889696277590
-0.2983114538673416
-0.3064070612383524
-0.3118710654067663
-0.3200251528489458
-0.3254306769461909
-0.3336432444595393
-0.3389902884856155
-0.3472613360701327
-0.3525499000250401
-0.3608794276807261
-0.3661095115644647
-0.3744975192913196
-0.3796691231038893
-0.3881156109019130
-0.3932287346433140
-0.4017337025125065
-0.4067883461827386
-0.4153517941231000
-0.4203479577221632
-0.4289698857336934
-0.4339075692615879
-0.4425879773442868
-0.4474671808010124
-0.4562060689548803
-0.4610267923404370
-0.4698241605654737
-0.4745864038798617
-0.4834422521760671
-0.4881460154192863
-0.4970603437866605
-0.5017056269587109
-0.5106784353972540
-0.5152652384981354
-0.5242965270078475
-0.5288248500375602
-0.5379146186184409
-0.5423844615769848
-0.5515327102290343
-0.5559440731164094
-0.5651508018396277
-0.5695036846558340
-0.5787688934502212
-0.5830632961952588
-0.5923869850608147
-0.5966229077346833
-0.6060050766714081
-0.6101825192741079
-0.6196231682820016
-0.6237421308135326
-0.6332412598925949
-0.6373017423529571
-0.6468593515031884
-0.6508613538923818
-0.6604774431137819
-0.6644209654318064
-0.6740955347243753
-0.6779805769712309
-0.6877136263349687
-0.6915401885106556
-0.7013317179455621
-0.7050998000500802
-0.7149498095561556
-0.7186594115895049
-0.7285679011667491
-0.7322190231289295
-0.7421859927773425
-0.7457786346683541
-0.7558040843879359
-0.7593382462077787
-0.7694221759985294
-0.7728978577472033
-0.7830402676091228
-0.7864574692866280
-0.7966583592197163
-0.8000170808260525
-0.8102764508303096
-0.8135766923654771
-0.8238945424409032
-0.8271363039049019
-0.8375126340514966
-0.8406959154443264
-0.8511307256620900
-0.8542555269837511
-0.8647488172726835
-0.8678151385231757
-0.8783669088832768
-0.8813747500626002
-0.8919850004938703
-0.8949343616020249
-0.2227516310470920
-0.2284724873337843
-0.2362517298984309
-0.2419120454122422
-0.2497518287497698
-0.2553516034907002
-0.2632519276011088
-0.2687911615691581
-0.2767520264524476
-0.2822307196476160
-0.2902521253037865
-0.2956702777260739
-0.3037522241551255
-0.3091098358045318
-0.3172523230064644
-0.3225493938829897
-0.3307524218578033
-0.3359889519614476
-0.3442525207091422
-0.3494285100399054
-0.3577526195604811
-0.3628680681183634
-0.3712527184118200
-0.3763076261968213
-0.3847528172631589
-0.3897471842752792
-0.3982529161144978
-0.4031867423537371
-0.4117530149658368
-0.4166263004321950
-0.4252531138171757
-0.4300658585106529
-0.4387532126685146
-0.4435054165891108
-0.4522533115198534
-0.4569449746675687
-0.4657534103711923
-0.4703845327460266
-0.4792535092225312
-0.4838240908244845
-0.4927536080738701
-0.4972636489029424
-0.5062537069252090
-0.5107032069814003
-0.5197538057765481
-0.5241427650598582
-0.5332539046278869
-0.5375823231383161
-0.5467540034792259
-0.5510218812167740
-0.5602541023305647
-0.5644614392952320
-0.5737542011819037
-0.5779009973736899
-0.5872543000332426
-0.5913405554521478
-0.6007543988845815
-0.6047801135306057
-0.6142544977359204
-0.6182196716090635
-0.6277545965872593
-0.6316592296875215
-0.6412546954385983
-0.6450987877659794
-0.6547547942899371
-0.6585383458444373
-0.6682548931412760
-0.6719779039228951
-0.6817549919926149
-0.6854174620013530
-0.6952550908439538
-0.6988570200798109
-0.7087551896952927
-0.7122965781582690
-0.7222552885466317
-0.7257361362367268
-0.7357553873979706
-0.7391756943151847
-0.7492554862493095
-0.7526152523936426
-0.7627555851006483
-0.7660548104721004
-0.7762556839519873
-0.7794943685505584
-0.7897557828033261
-0.7929339266290163
-0.8032558816546651
-0.8063734847074742
-0.8167559805060041
-0.8198130427859321
-0.8302560793573430
-0.8332526008643900
-0.8437561782086819
-0.8466921589428479
-0.8572562770600207
-0.8601317170213059
-0.8707563759113597
-0.8735712750997637
-0.8842564747626985
-0.8870108331782216
-0.2207368982147318
-0.2263619835644456
-0.2341148920459276
-0.2396773943623542
-0.2474928858771235
-0.2529928051602628
-0.2608708797083194
-0.2663082159581713
-0.2742488735395152
-0.2796236267560799
-0.2876268673707111
-0.2929390375539885
-0.3010048612019070
-0.3062544483518970
-0.3143828550331029
-0.3195698591498056
-0.3277608488642987
-0.3328852699477142
-0.3411388426954945
-0.3462006807456227
-0.3545168365266904
-0.3595160915435313
-0.3678948303578863
-0.3728315023414399
-0.3812728241890821
-0.3861469131393484
-0.3946508180202780
-0.3994623239372570
-0.4080288118514739
-0.4127777347351656
-0.4214068056826697
-0.4260931455330741
-0.4347847995138656
-0.4394085563309827
-0.4481627933450615
-0.4527239671288912
-0.4615407871762573
-0.4660393779267998
-0.4749187810074532
-0.4793547887247084
-0.4882967748386490
-0.4926701995226169
-0.5016747686698448
-0.5059856103205255
-0.5150527625010408
-0.5193010211184341
-0.5284307563322367
-0.5326164319163427
-0.5418087501634326
-0.5459318427142512
-0.5551867439946284
-0.5592472535121598
-0.5685647378258243
-0.5725626643100684
-0.5819427316570202
-0.5858780751079770
-0.5953207254882160
-0.5991934859058855
-0.6086987193194119
-0.6125088967037940
-0.6220767131506078
-0.6258243075017027
-0.6354547069818036
-0.6391397182996112
-0.6488327008129995
-0.6524551290975198
-0.6622106946441954
-0.6657705398954283
-0.6755886884753912
-0.6790859506933369
-0.6889666823065871
-0.6924013614912454
-0.7023446761377828
-0.7057167722891541
-0.7157226699689788
-0.7190321830870626
-0.7291006638001747
-0.7323475938849712
-0.7424786576313706
-0.7456630046828797
-0.7558566514625664
-0.7589784154807883
-0.7692346452937623
-0.7722938262786968
-0.7826126391249582
-0.7856092370766053
-0.7959906329561539
-0.7989246478745140
-0.8093686267873499
-0.8122400586724227
-0.8227466206185458
-0.8255554694703312
-0.8361246144497416
-0.8388708802682397
-0.8495026082809375
-0.8521862910661483
-0.8628806021121334
-0.8655017018640568
-0.8762585959433292
-0.8788171126619654
-0.2186549267848489
-0.2241825277420953
-0.2319067405293852
-0.2373697352563362
-0.2451585542739215
-0.2505569427705771
-0.2584103680184578
-0.2637441502848180
-0.2716621817629941
-0.2769313577990589
-0.2849139955075304
-0.2901185653132998
-0.2981658092520667
-0.3033057728275407
-0.3114176229966030
-0.3164929803417816
-0.3246694367411393
-0.3296801878560225
-0.3379212504856756
-0.3428673953702634
-0.3511730642302119
-0.3560546028845042
-0.3644248779747482
-0.3692418103987452
-0.3776766917192845
-0.3824290179129861
-0.3909285054638207
-0.3956162254272270
-0.4041803192083571
-0.4088034329414679
-0.4174321329528934
-0.4219906404557088
-0.4306839466974297
-0.4351778479699497
-0.4439357604419660
-0.4483650554841906
-0.4571875741865022
-0.4615522629984314
-0.4704393879310385
-0.4747394705126723
-0.4836912016755748
-0.4879266780269133
-0.4969430154201111
-0.5011138855411541
-0.5101948291646475
-0.5143010930553951
-0.5234466429091837
-0.5274883005696360
-0.5366984566537201
-0.5406755080838769
-0.5499502703982564
-0.5538627155981177
-0.5632020841427926
-0.5670499231123588
-0.5764538978873290
-0.5802371306265997
-0.5897057116318652
-0.5934243381408405
-0.6029575253764016
-0.6066115456550815
-0.6162093391209379
-0.6197987531693223
-0.6294611528654741
-0.6329859606835632
-0.6427129666100104
-0.6461731681978041
-0.6559647803545468
-0.6593603757120450
-0.6692165940990830
-0.6725475832262858
-0.6824684078436193
-0.6857347907405268
-0.6957202215881556
-0.6989219982547678
-0.7089720353326919
-0.7121092057690086
-0.7222238490772283
-0.7252964132832495
-0.7354756628217646
-0.7384836207974904
-0.7487274765663008
-0.7516708283117313
-0.7619792903108371
-0.7648580358259721
-0.7752311040553734
-0.7780452433402131
-0.7884829177999096
-0.7912324508544539
-0.8017347315444461
-0.8044196583686949
-0.8149865452889823
-0.8176068658829359
-0.8282383590335186
-0.8307940733971767
-0.8414901727780549
-0.8439812809114176
-0.8547419865225911
-0.8571684884256585
-0.8679938002671275
-0.8703556959398994
-0.2165063509461096
-0.2219347837500899
-0.2296279479731466
-0.2349897710295069
-0.2427495450001835
-0.2480447583089240
-0.2558711420272205
-0.2610997455883410
-0.2689927390542575
-0.2741547328677581
-0.2821143360812944
-0.2872097201471752
-0.2952359331083313
-0.3002647074265922
-0.3083575301353683
-0.3133196947060093
-0.3214791271624052
-0.3263746819854263
-0.3346007241894422
-0.3394296692648434
-0.3477223212164791
-0.3524846565442604
-0.3608439182435161
-0.3655396438236775
-0.3739655152705531
-0.3785946311030945
-0.3870871122975900
-0.3916496183825116
-0.4002087093246269
-0.4047046056619287
-0.4133303063516639
-0.4177595929413457
-0.4264519033787008
-0.4308145802207627
-0.4395735004057378
-0.4438695675001798
-0.4526950974327747
-0.4569245547795968
-0.4658166944598117
-0.4699795420590139
-0.4789382914868486
-0.4830345293384309
-0.4920598885138855
-0.4960895166178479
-0.5051814855409226
-0.5091445038972651
-0.5183030825679595
-0.5221994911766821
-0.5314246795949964
-0.5352544784560992
-0.5445462766220334
-0.5483094657355162
-0.5576678736490703
-0.5613644530149333
-0.5707894706761073
-0.5744194402943504
-0.5839110677031443
-0.5874744275737674
-0.5970326647301812
-0.6005294148531845
-0.6101542617572181
-0.6135844021326015
-0.6232758587842551
-0.6266393894120186
-0.6363974558112920
-0.6396943766914356
-0.6495190528383290
-0.6527493639708526
-0.6626406498653659
-0.6658043512502697
-0.6757622468924028
-0.6788593385296867
-0.6888838439194398
-0.6919143258091038
-0.7020054409464768
-0.7049693130885208
-0.7151270379735137
-0.7180243003679380
-0.7282486350005507
-0.7310792876473550
-0.7413702320275876
-0.7441342749267720
-0.7544918290546245
-0.7571892622061891
-0.7676134260816615
-0.7702442494856061
-0.7807350231086984
-0.7832992367650231
-0.7938566201357354
-0.7963542240444402
-0.8069782171627724
-0.8094092113238573
-0.8200998141898094
-0.8224641986032744
-0.8332214112168462
-0.8355191858826914
-0.8463430082438832
-0.8485741731621085
-0.8594646052709202
-0.8616291604415255
-0.2142918251755281
-0.2196194362730237
-0.2272792085194995
-0.2325382266420251
-0.2402665918634709
-0.2454570170110265
-0.2532539752074423
-0.2583758073800279
-0.2662413585514137
-0.2712945977490293
-0.2792287418953850
-0.2842133881180307
-0.2922161252393565
-0.2971321784870321
-0.3052035085833279
-0.3100509688560335
-0.3181908919272993
-0.3229697592250348
-0.3311782752712706
-0.3358885495940362
-0.3441656586152421
-0.3488073399630376
-0.3571530419592135
-0.3617261303320390
-0.3701404253031849
-0.3746449207010404
-0.3831278086471563
-0.3875637110700419
-0.3961151919911277
-0.4004825014390433
-0.4091025753350991
-0.4134012918080446
-0.4220899586790705
-0.4263200821770460
-0.4350773420230419
-0.4392388725460474
-0.4480647253670133
-0.4521576629150488
-0.4610521087109846
-0.4650764532840502
-0.4740394920549560
-0.4779952436530516
-0.4870268753989274
-0.4909140340220530
-0.5000142587428988
-0.5038328243910545
-0.5130016420868703
-0.5167516147600558
-0.5259890254308417
-0.5296704051290572
-0.5389764087748130
-0.5425891954980586
-0.5519637921187844
-0.5555079858670601
-0.5649511754627560
-0.5684267762360614
-0.5779385588067273
-0.5813455666050629
-0.5909259421506987
-0.5942643569740642
-0.6039133254946701
-0.6071831473430656
-0.6169007088386415
-0.6201019377120670
-0.6298880921826129
-0.6330207280810684
-0.6428754755265842
-0.6459395184500697
-0.6558628588705556
-0.6588583088190711
-0.6688502422145270
-0.6717770991880725
-0.6818376255584984
-0.6846958895570739
-0.6948250089024699
-0.6976146799260754
-0.7078123922464413
-0.7105334702950767
-0.7207997755904126
-0.7234522606640781
-0.7337871589343841
-0.7363710510330795
-0.7467745422783555
-0.7492898414020809
-0.7597619256223268
-0.7622086317710823
-0.7727493089662982
-0.7751274221400837
-0.7857366923102697
-0.7880462125090851
-0.7987240756542411
-0.8009650028780866
-0.8117114589982125
-0.8138837932470879
-0.8246988423421838
-0.8268025836160893
-0.8376862256861553
-0.8397213739850907
-0.8506736090301267
-0.8526401643540921
-0.2120120240391065
-0.2172371905881675
-0.2248612376172342
-0.2300158488580597
-0.2377104511953619
-0.2427945071279520
-0.2505596647734896
-0.2555731653978441
-0.2634088783516172
-0.2683518236677364
-0.2762580919297449
-0.2811304819376286
-0.2891073055078726
-0.2939091402075208
-0.3019565190860002
-0.3066877984774130
-0.3148057326641279
-0.3194664567473052
-0.3276549462422556
-0.3322451150171974
-0.3405041598203832
-0.3450237732870896
-0.3533533733985109
-0.3578024315569818
-0.3662025869766386
-0.3705810898268740
-0.3790518005547662
-0.3833597480967663
-0.3919010141328940
-0.3961384063666585
-0.4047502277110216
-0.4089170646365506
-0.4175994412891493
-0.4216957229064429
-0.4304486548672769
-0.4344743811763351
-0.4432978684454046
-0.4472530394462272
-0.4561470820235322
-0.4600316977161195
-0.4689962956016599
-0.4728103559860116
-0.4818455091797875
-0.4855890142559038
-0.4946947227579153
-0.4983676725257961
-0.5075439363360430
-0.5111463307956883
-0.5203931499141706
-0.5239249890655805
-0.5332423634922983
-0.5367036473354727
-0.5460915770704259
-0.5494823056053650
-0.5589407906485537
-0.5622609638752573
-0.5717900042266814
-0.5750396221451494
-0.5846392178048090
-0.5878182804150416
-0.5974884313829366
-0.6005969386849338
-0.6103376449610644
-0.6133755969548260
-0.6231868585391920
-0.6261542552247182
-0.6360360721173196
-0.6389329134946103
-0.6488852856954473
-0.6517115717645026
-0.6617344992735750
-0.6644902300343948
-0.6745837128517026
-0.6772688883042871
-0.6874329264298303
-0.6900475465741792
-0.7002821400079580
-0.7028262048440714
-0.7131313535860857
-0.7156048631139637
-0.7259805671642133
-0.7283835213838559
-0.7388297807423410
-0.7411621796537481
-0.7516789943204687
-0.7539408379236403
-0.7645282078985963
-0.7667194961935324
-0.7773774214767241
-0.7794981544634247
-0.7902266350548517
-0.7922768127333170
-0.8030758486329794
-0.8050554710032092
-0.8159250622111071
-0.8178341292731013
-0.8287742757892347
-0.8306127875429935
-0.8416234893673623
-0.8433914458128857
-0.2096676419863561
-0.2147887723506343
-0.2223747718037110
-0.2274234060183186
-0.2350819016210659
-0.2400580396860030
-0.2477890314384208
-0.2526926733536874
-0.2604961612557757
-0.2653273070213717
-0.2732032910731306
-0.2779619406890562
-0.2859104208904856
-0.2905965743567405
-0.2986175507078405
-0.3032312080244249
-0.3113246805251954
-0.3158658416921092
-0.3240318103425503
-0.3285004753597935
-0.3367389401599052
-0.3411351090274779
-0.3494460699772601
-0.3537697426951623
-0.3621531997946150
-0.3664043763628467
-0.3748603296119699
-0.3790390100305311
-0.3875674594293249
-0.3916736436982154
-0.4002745892466798
-0.4043082773658998
-0.4129817190640347
-0.4169429110335842
-0.4256888488813896
-0.4295775447012685
-0.4383959786987445
-0.4422121783689529
-0.4511031085160994
-0.4548468120366372
-0.4638102383334543
-0.4674814457043216
-0.4765173681508092
-0.4801160793720060
-0.4892244979681642
-0.4927507130396904
-0.5019316277855191
-0.5053853467073748
-0.5146387576028740
-0.5180199803750591
-0.5273458874202289
-0.5306546140427435
-0.5400530172375838
-0.5432892477104280
-0.5527601470549388
-0.5559238813781123
-0.5654672768722937
-0.5685585150457967
-0.5781744066896486
-0.5811931487134810
-0.5908815365070035
-0.5938277823811654
-0.6035886663243584
-0.6064624160488498
-0.6162957961417133
-0.6190970497165341
-0.6290029259590681
-0.6317316833842184
-0.6417100557764231
-0.6443663170519027
-0.6544171855937780
-0.6570009507195871
-0.6671243154111329
-0.6696355843872716
-0.6798314452284879
-0.6822702180549559
-0.6925385750458428
-0.6949048517226403
-0.7052457048631977
-0.7075394853903246
-0.7179528346805526
-0.7201741190580090
-0.7306599644979075
-0.7328087527256933
-0.7433670943152624
-0.7454433863933777
-0.7560742241326173
-0.7580780200610621
-0.7687813539499723
-0.7707126537287465
-0.7814884837673273
-0.7833472873964309
-0.7941956135846822
-0.7959819210641152
-0.8069027434020370
-0.8086165547317996
-0.8196098732193919
-0.8212511883994840
-0.8323170030367468
-0.8338858220671683
-0.2072593931387604
-0.2122749273723373
-0.2198205684805034
-0.2247616878060042
-0.2323817438222465
-0.2372484482396711
-0.2449429191639896
-0.2497352086733380
-0.2575040945057326
-0.2622219691070049
-0.2700652698474757
-0.2747087295406718
-0.2826264451892188
-0.2871954899743387
-0.2951876205309618
-0.2996822504080056
-0.3077487958727049
-0.3121690108416725
-0.3203099712144479
-0.3246557712753394
-0.3328711465561909
-0.3371425317090063
-0.3454323218979340
-0.3496292921426732
-0.3579934972396770
-0.3621160525763401
-0.3705546725814201
-0.3746028130100070
-0.3831158479231632
-0.3870895734436739
-0.3956770232649062
-0.3995763338773408
-0.4082381986066493
-0.4120630943110077
-0.4207993739483923
-0.4245498547446745
-0.4333605492901354
-0.4370366151783415
-0.4459217246318784
-0.4495233756120083
-0.4584828999736215
-0.4620101360456753
-0.4710440753153645
-0.4744968964793421
-0.4836052506571076
-0.4869836569130091
-0.4961664259988507
-0.4994704173466760
-0.5087276013405937
-0.5119571777803429
-0.5212887766823368
-0.5244439382140098
-0.5338499520240798
-0.5369306986476767
-0.5464111273658230
-0.5494174590813437
-0.5589723027075660
-0.5619042195150106
-0.5715334780493091
-0.5743909799486774
-0.5840946533910520
-0.5868777403823443
-0.5966558287327951
-0.5993645008160112
-0.6092170040745382
-0.6118512612496780
-0.6217781794162812
-0.6243380216833450
-0.6343393547580243
-0.6368247821170119
-0.6469005300997673
-0.6493115425506788
-0.6594617054415104
-0.6617983029843457
-0.6720228807832535
-0.6742850634180126
-0.6845840561249965
-0.6867718238516795
-0.6971452314667396
-0.6992585842853464
-0.7097064068084826
-0.7117453447190133
-0.7222675821502257
-0.7242321051526802
-0.7348287574919687
-0.7367188655863470
-0.7473899328337118
-0.7492056260200139
-0.7599511081754549
-0.7616923864536809
-0.7725122835171979
-0.7741791468873478
-0.7850734588589410
-0.7866659073210147
-0.7976346342006840
-0.7991526677546816
-0.8101958095424271
-0.8116394281883484
-0.8227569848841702
-0.8241261886220154
-0.2047880110722479
-0.2096964213948094
-0.2171994056826872
-0.2220315050062688
-0.2296108002931265
-0.2343665886177282
-0.2420221949035658
-0.2467016722291876
-0.2544335895140050
-0.2590367558406469
-0.2668449841244443
-0.2713718394521064
-0.2792563787348836
-0.2837069230635657
-0.2916677733453228
-0.2960420066750251
-0.3040791679557621
-0.3083770902864845
-0.3164905625662014
-0.3207121738979438
-0.3289019571766406
-0.3330472575094032
-0.3413133517870799
-0.3453823411208626
-0.3537247463975192
-0.3577174247323220
-0.3661361410079584
-0.3700525083437814
-0.3785475356183978
-0.3823875919552407
-0.3909589302288370
-0.3947226755667002
-0.4033703248392763
-0.4070577591781595
-0.4157817194497155
-0.4193928427896189
-0.4281931140601548
-0.4317279264010783
-0.4406045086705940
-0.4440630100125376
-0.4530159032810333
-0.4563980936239970
-0.4654272978914726
-0.4687331772354563
-0.4778386925019119
-0.4810682608469158
-0.4902500871123512
-0.4934033444583752
-0.5026614817227905
-0.5057384280698345
-0.5150728763332297
-0.5180735116812939
-0.5274842709436689
-0.5304085952927534
-0.5398956655541083
-0.5427436789042127
-0.5523070601645476
-0.5550787625156721
-0.5647184547749868
-0.5674138461271314
-0.5771298493854261
-0.5797489297385908
-0.5895412439958654
-0.5920840133500502
-0.6019526386063045
-0.6044190969615095
-0.6143640332167438
-0.6167541805729689
-0.6267754278271831
-0.6290892641844283
-0.6391868224376224
-0.6414243477958876
-0.6515982170480616
-0.6537594314073472
-0.6640096116585009
-0.6660945150188065
-0.6764210062689402
-0.6784295986302659
-0.6888324008793795
-0.6907646822417253
-0.7012437954898187
-0.7030997658531846
-0.7136551901002580
-0.7154348494646440
-0.7260665847106973
-0.7277699330761034
-0.7384779793211366
-0.7401050166875627
-0.7508893739315758
-0.7524401002990222
-0.7633007685420151
-0.7647751839104815
-0.7757121631524544
-0.7771102675219409
-0.7881235577628937
-0.7894453511334003
-0.8005349523733329
-0.8017804347448596
-0.8129463469837722
-0.8141155183563190
-0.2022542485937369
-0.2070540398559499
-0.2145120818418421
-0.2192336892592411
-0.2267699150899474
-0.2314133386625323
-0.2390277483380527
-0.2435929880658234
-0.2512855815861579
-0.2557726374691146
-0.2635434148342632
-0.2679522868724058
-0.2758012480823685
-0.2801319362756969
-0.2880590813304738
-0.2923115856789881
-0.3003169145785790
-0.3044912350822793
-0.3125747478266843
-0.3166708844855705
-0.3248325810747895
-0.3288505338888616
-0.3370904143228948
-0.3410301832921528
-0.3493482475710001
-0.3532098326954440
-0.3616060808191053
-0.3653894820987352
-0.3738639140672106
-0.3775691315020263
-0.3861217473153159
-0.3897487809053175
-0.3983795805634212
-0.4019284303086086
-0.4106374138115264
-0.4141080797118998
-0.4228952470596317
-0.4262877291151910
-0.4351530803077369
-0.4384673785184821
-0.4474109135558422
-0.4506470279217733
-0.4596687468039474
-0.4628266773250644
-0.4719265800520528
-0.4750063267283557
-0.4841844133001580
-0.4871859761316468
-0.4964422465482633
-0.4993656255349380
-0.5087000797963686
-0.5115452749382292
-0.5209579130444738
-0.5237249243415204
-0.5332157462925792
-0.5359045737448116
-0.5454735795406844
-0.5480842231481028
-0.5577314127887897
-0.5602638725513939
-0.5699892460368949
-0.5724435219546851
-0.5822470792850002
-0.5846231713579763
-0.5945049125331054
-0.5968028207612673
-0.6067627457812107
-0.6089824701645585
-0.6190205790293160
-0.6211621195678497
-0.6312784122774212
-0.6333417689711409
-0.6435362455255265
-0.6455214183744321
-0.6557940787736318
-0.6577010677777233
-0.6680519120217371
-0.6698807171810144
-0.6803097452698423
-0.6820603665843056
-0.6925675785179476
-0.6942400159875968
-0.7048254117660528
-0.7064196653908880
-0.7170832450141581
-0.7185993147941790
-0.7293410782622634
-0.7307789641974702
-0.7415989115103686
-0.7429586136007614
-0.7538567447584739
-0.7551382630040526
-0.7661145780065791
-0.7673179124073438
-0.7783724112546844
-0.7794975618106350
-0.7906302445027896
-0.7916772112139261
-0.8028880777508949
-0.8038568606172173
-0.1996588775118233
-0.2043485876507727
-0.2117594155428428
-0.2163690928067005
-0.2238599535738624
-0.2283895979626283
-0.2359604916048821
-0.2404101031185561
-0.2480610296359016
-0.2524306082744839
-0.2601615676669212
-0.2644511134304118
-0.2722621056979408
-0.2764716185863396
-0.2843626437289604
-0.2884921237422673
-0.2964631817599800
-0.3005126288981951
-0.3085637197909996
-0.3125331340541229
-0.3206642578220192
-0.3245536392100507
-0.3327647958530388
-0.3365741443659785
-0.3448653338840584
-0.3485946495219064
-0.3569658719150779
-0.3606151546778342
-0.3690664099460976
-0.3726356598337620
-0.3811669479771171
-0.3846561649896898
-0.3932674860081367
-0.3966766701456176
-0.4053680240391563
-0.4086971753015454
-0.4174685620701759
-0.4207176804574732
-0.4295691001011955
-0.4327381856134010
-0.4416696381322150
-0.4447586907693288
-0.4537701761632346
-0.4567791959252566
-0.4658707141942543
-0.4687997010811845
-0.4779712522252739
-0.4808202062371122
-0.4900717902562935
-0.4928407113930400
-0.5021723282873131
-0.5048612165489679
-0.5142728663183327
-0.5168817217048957
-0.5263734043493523
-0.5289022268608236
-0.5384739423803718
-0.5409227320167513
-0.5505744804113915
-0.5529432371726791
-0.5626750184424111
-0.5649637423286069
-0.5747755564734306
-0.5769842474845347
-0.5868760945044502
-0.5890047526404625
-0.5989766325354697
-0.6010252577963903
-0.6110771705664894
-0.6130457629523181
-0.6231777085975090
-0.6250662681082458
-0.6352782466285285
-0.6370867732641737
-0.6473787846595482
-0.6491072784201015
-0.6594793226905677
-0.6611277835760293
-0.6715798607215874
-0.6731482887319571
-0.6836803987526069
-0.6851687938878849
-0.6957809367836265
-0.6971892990438128
-0.7078814748146461
-0.7092098041997406
-0.7199820128456657
-0.7212303093556683
-0.7320825508766854
-0.7332508145115962
-0.7441830889077049
-0.7452713196675240
-0.7562836269387245
-0.7572918248234518
-0.7683841649697440
-0.7693123299793796
-0.7804847030007637
-0.7813328351353074
-0.7925852410317833
-0.7933533402912352
-0.1970026884016804
-0.2015808888862277
-0.2089422452745096
-0.2134385882324764
-0.2208818021473387
-0.2252962875787251
-0.2328213590201678
-0.2371539869249738
-0.2447609158929969
-0.2490116862712225
-0.2567004727658260
-0.2608693856174712
-0.2686400296386552
-0.2727270849637199
-0.2805795865114843
-0.2845847843099685
-0.2925191433843134
-0.2964424836562172
-0.3044587002571425
-0.3083001830024659
-0.3163982571299716
-0.3201578823487146
-0.3283378140028008
-0.3320155816949633
-0.3402773708756299
-0.3438732810412120
-0.3522169277484590
-0.3557309803874607
-0.3641564846212881
-0.3675886797337094
-0.3760960414941172
-0.3794463790799580
-0.3880355983669463
-0.3913040784262067
-0.3999751552397754
-0.4031617777724554
-0.4119147121126046
-0.4150194771187041
-0.4238542689854337
-0.4268771764649528
-0.4357938258582628
-0.4387348758112015
-0.4477333827310919
-0.4505925751574501
-0.4596729396039211
-0.4624502745036989
-0.4716124964767502
-0.4743079738499476
-0.4835520533495793
-0.4861656731961962
-0.4954916102224084
-0.4980233725424449
-0.5074311670952375
-0.5098810718886937
-0.5193707239680667
-0.5217387712349424
-0.5313102808408958
-0.5335964705811911
-0.5432498377137249
-0.5454541699274398
-0.5551893945865540
-0.5573118692736884
-0.5671289514593831
-0.5691695686199371
-0.5790685083322122
-0.5810272679661858
-0.5910080652050413
-0.5928849673124345
-0.6029476220778704
-0.6047426666586831
-0.6148871789506996
-0.6166003660049318
-0.6268267358235287
-0.6284580653511805
-0.6387662926963579
-0.6403157646974292
-0.6507058495691870
-0.6521734640436779
-0.6626454064420161
-0.6640311633899266
-0.6745849633148452
-0.6758888627361753
-0.6865245201876743
-0.6877465620824239
-0.6984640770605034
-0.6996042614286726
-0.7104036339333325
-0.7114619607749213
-0.7223431908061617
-0.7233196601211701
-0.7342827476789908
-0.7351773594674188
-0.7462223045518199
-0.7470350588136674
-0.7581618614246490
-0.7588927581599161
-0.7701014182974781
-0.7707504575061648
-0.7820409751703072
-0.7826081568524135
-0.1942864903642427
-0.1987517866301702
-0.2060614291741968
-0.2104430681966508
-0.2178363679841509
-0.2221343497631314
-0.2296113067941050
-0.2338256313296120
-0.2413862456040591
-0.2455169128960926
-0.2531611844140132
-0.2572081944625733
-0.2649361232239673
-0.2688994760290538
-0.2767110620339214
-0.2805907575955344
-0.2884860008438755
-0.2922820391620150
-0.3002609396538296
-0.3039733207284956
-0.3120358784637837
-0.3156646022949762
-0.3238108172737378
-0.3273558838614568
-0.3355857560836920
-0.3390471654279374
-0.3473606948936460
-0.3507384469944181
-0.3591356337036002
-0.3624297285608987
-0.3709105725135542
-0.3741210101273792
-0.3826855113235084
-0.3858122916938598
-0.3944604501334624
-0.3975035732603404
-0.4062353889434165
-0.4091948548268210
-0.4180103277533706
-0.4208861363933016
-0.4297852665633247
-0.4325774179597822
-0.4415602053732788
-0.4442686995262628
-0.4533351441832330
-0.4559599810927434
-0.4651100829931871
-0.4676512626592241
-0.4768850218031412
-0.4793425442257047
-0.4886599606130952
-0.4910338257921852
-0.5004348994230493
-0.5027251073586659
-0.5122098382330036
-0.5144163889251465
-0.5239847770429577
-0.5261076704916271
-0.5357597158529117
-0.5377989520581077
-0.5475346546628658
-0.5494902336245883
-0.5593095934728199
-0.5611815151910688
-0.5710845322827740
-0.5728727967575494
-0.5828594710927281
-0.5845640783240300
-0.5946344099026822
-0.5962553598905106
-0.6064093487126363
-0.6079466414569912
-0.6181842875225904
-0.6196379230234719
-0.6299592263325445
-0.6313292045899525
-0.6417341651424986
-0.6430204861564330
-0.6535091039524528
-0.6547117677229136
-0.6652840427624068
-0.6664030492893943
-0.6770589815723609
-0.6780943308558749
-0.6888339203823151
-0.6897856124223555
-0.7006088591922691
-0.7014768939888361
-0.7123837980022233
-0.7131681755553168
-0.7241587368121774
-0.7248594571217973
-0.7359336756221315
-0.7365507386882779
-0.7477086144320856
-0.7482420202547585
-0.7594835532420396
-0.7599333018212391
-0.7712584920519937
-0.7716245833877197
-0.1915111107797445
-0.1958621426545534
-0.2031178447663957
-0.2073834451636448
-0.2147245787530469
-0.2189047476727362
-0.2263313127396981
-0.2304260501818275
-0.2379380467263493
-0.2419473526909189
-0.2495447807130004
-0.2534686552000103
-0.2611515146996516
-0.2649899577091017
-0.2727582486863028
-0.2765112602181931
-0.2843649826729540
-0.2880325627272844
-0.2959717166596052
-0.2995538652363758
-0.3075784506462563
-0.3110751677454671
-0.3191851846329076
-0.3225964702545586
-0.3307919186195588
-0.3341177727636499
-0.3423986526062099
-0.3456390752727413
-0.3540053865928611
-0.3571603777818327
-0.3656121205795123
-0.3686816802909240
-0.3772188545661635
-0.3802029828000154
-0.3888255885528146
-0.3917242853091068
-0.4004323225394658
-0.4032455878181981
-0.4120390565261170
-0.4147668903272895
-0.4236457905127682
-0.4262881928363809
-0.4352525244994194
-0.4378094953454723
-0.4468592584860706
-0.4493307978545637
-0.4584659924727218
-0.4608521003636550
-0.4700727264593729
-0.4723734028727464
-0.4816794604460241
-0.4838947053818378
-0.4932861944326753
-0.4954160078909292
-0.5048929284193265
-0.5069373104000207
-0.5164996624059778
-0.5184586129091120
-0.5281063963926289
-0.5299799154182033
-0.5397131303792800
-0.5415012179272947
-0.5513198643659313
-0.5530225204363861
-0.5629265983525824
-0.5645438229454774
-0.5745333323392336
-0.5760651254545688
-0.5861400663258848
-0.5875864279636601
-0.5977468003125359
-0.5991077304727516
-0.6093535342991871
-0.6106290329818430
-0.6209602682858384
-0.6221503354909343
-0.6325670022724895
-0.6336716380000257
-0.6441737362591408
-0.6451929405091171
-0.6557804702457919
-0.6567142430182085
-0.6673872042324430
-0.6682355455272998
-0.6789939382190943
-0.6797568480363911
-0.6906006722057454
-0.6912781505454826
-0.7022074061923966
-0.7027994530545740
-0.7138141401790479
-0.7143207555636654
-0.7254208741656990
-0.7258420580727567
-0.7370276081523502
-0.7373633605818480
-0.7486343421390014
-0.7488846630909395
-0.7602410761256525
-0.7604059656000308
-0.1886773950556931
-0.1929128371729248
-0.2001123886954320
-0.2042606511242733
-0.2115473823351710
-0.2156084650756218
-0.2229823759749100
-0.2269562790269703
-0.2344173696146490
-0.2383040929783188
-0.2458523632543879
-0.2496519069296674
-0.2572873568941269
-0.2609997208810159
-0.2687223505338659
-0.2723475348323644
-0.2801573441736048
-0.2836953487837129
-0.2915923378133438
-0.2950431627350614
-0.3030273314530827
-0.3063909766864099
-0.3144623250928218
-0.3177387906377585
-0.3258973187325607
-0.3290866045891070
-0.3373323123722997
-0.3404344185404555
-0.3487673060120387
-0.3517822324918040
-0.3602022996517777
-0.3631300464431526
-0.3716372932915166
-0.3744778603945010
-0.3830722869312556
-0.3858256743458495
-0.3945072805709945
-0.3971734882971981
-0.4059422742107335
-0.4085213022485465
-0.4173772678504725
-0.4198691161998951
-0.4288122614902115
-0.4312169301512436
-0.4402472551299505
-0.4425647441025922
-0.4516822487696895
-0.4539125580539407
-0.4631172424094284
-0.4652603720052892
-0.4745522360491674
-0.4766081859566377
-0.4859872296889063
-0.4879559999079863
-0.4974222233286454
-0.4993038138593348
-0.5088572169683844
-0.5106516278106833
-0.5202922106081234
-0.5219994417620318
-0.5317272042478622
-0.5333472557133803
-0.5431621978876012
-0.5446950696647288
-0.5545971915273402
-0.5560428836160773
-0.5660321851670792
-0.5673906975674258
-0.5774671788068182
-0.5787385115187743
-0.5889021724465571
-0.5900863254701229
-0.6003371660862961
-0.6014341394214714
-0.6117721597260352
-0.6127819533728199
-0.6232071533657740
-0.6241297673241685
-0.6346421470055130
-0.6354775812755169
-0.6460771406452520
-0.6468253952268654
-0.6575121342849910
-0.6581732091782140
-0.6689471279247299
-0.6695210231295624
-0.6803821215644689
-0.6808688370809109
-0.6918171152042080
-0.6922166510322596
-0.7032521088439470
-0.7035644649836080
-0.7146871024836858
-0.7149122789349566
-0.7261220961234248
-0.7262600928863051
-0.7375570897631638
-0.7376079068376535
-0.7489920834029028
-0.7489557207890021
-0.1857862063693486
-0.1899047685723047
-0.1970459764523395
-0.2010756373118520
-0.2083057465353303
-0.2122465060513994
-0.2195655166183211
-0.2234173747909467
-0.2308252867013119
-0.2345882435304941
-0.2420850567843028
-0.2457591122700414
-0.2533448268672936
-0.2569299810095887
-0.2646045969502844
-0.2681008497491361
-0.2758643670332753
-0.2792717184886834
-0.2871241371162661
-0.2904425872282307
-0.2983839071992569
-0.3016134559677781
-0.3096436772822477
-0.3127843247073254
-0.3209034473652386
-0.3239551934468727
-0.3321632174482294
-0.3351260621864201
-0.3434229875312202
-0.3462969309259675
-0.3546827576142111
-0.3574677996655148
-0.3659425276972019
-0.3686386684050621
-0.3772022977801927
-0.3798095371446094
-0.3884620678631835
-0.3909804058841567
-0.3997218379461743
-0.4021512746237041
-0.4109816080291652
-0.4133221433632514
-0.4222413781121560
-0.4244930121027987
-0.4335011481951468
-0.4356638808423461
-0.4447609182781377
-0.4468347495818935
-0.4560206883611285
-0.4580056183214408
-0.4672804584441193
-0.4691764870609881
-0.4785402285271101
-0.4803473558005355
-0.4897999986101010
-0.4915182245400829
-0.5010597686930919
-0.5026890932796302
-0.5123195387760827
-0.5138599620191775
-0.5235793088590734
-0.5250308307587248
-0.5348390789420643
-0.5362016994982721
-0.5460988490250551
-0.5473725682378194
-0.5573586191080460
-0.5585434369773669
-0.5686183891910368
-0.5697143057169142
-0.5798781592740275
-0.5808851744564615
-0.5911379293570184
-0.5920560431960089
-0.6023976994400093
-0.6032269119355562
-0.6136574695230002
-0.6143977806751035
-0.6249172396059909
-0.6255686494146508
-0.6361770096889817
-0.6367395181541982
-0.6474367797719726
-0.6479103868937455
-0.6586965498549634
-0.6590812556332928
-0.6699563199379542
-0.6702521243728402
-0.6812160900209451
-0.6814229931123875
-0.6924758601039359
-0.6925938618519349
-0.7037356301869268
-0.7037647305914823
-0.7149954002699175
-0.7149355993310296
-0.7262551703529083
-0.7261064680705769
-0.7375149404358992
-0.7372773368101242
-0.1828384254047926
-0.1868388531395286
-0.1939195420959921
-0.1978293739124420
-0.2050006587871917
-0.2088198946853554
-0.2160817754783912
-0.2198104154582689
-0.2271628921695908
-0.2308009362311823
-0.2382440088607903
-0.2417914570040958
-0.2493251255519899
-0.2527819777770092
-0.2604062422431895
-0.2637724985499227
-0.2714873589343890
-0.2747630193228361
-0.2825684756255885
-0.2857535400957495
-0.2936495923167881
-0.2967440608686630
-0.3047307090079877
-0.3077345816415765
-0.3158118256991872
-0.3187251024144899
-0.3268929423903867
-0.3297156231874033
-0.3379740590815863
-0.3407061439603168
-0.3490551757727859
-0.3516966647332302
-0.3601362924639854
-0.3626871855061437
-0.3712174091551849
-0.3736777062790571
-0.3822985258463845
-0.3846682270519705
-0.3933796425375840
-0.3956587478248840
-0.4044607592287836
-0.4066492685977974
-0.4155418759199831
-0.4176397893707108
-0.4266229926111827
-0.4286303101436243
-0.4377041093023823
-0.4396208309165378
-0.4487852259935818
-0.4506113516894512
-0.4598663426847813
-0.4616018724623646
-0.4709474593759809
-0.4725923932352781
-0.4820285760671805
-0.4835829140081916
-0.4931096927583801
-0.4945734347811050
-0.5041908094495796
-0.5055639555540185
-0.5152719261407791
-0.5165544763269319
-0.5263530428319787
-0.5275449970998454
-0.5374341595231782
-0.5385355178727588
-0.5485152762143778
-0.5495260386456722
-0.5595963929055773
-0.5605165594185856
-0.5706775095967769
-0.5715070801914991
-0.5817586262879764
-0.5824976009644126
-0.5928397429791760
-0.5934881217373260
-0.6039208596703756
-0.6044786425102394
-0.6150019763615751
-0.6154691632831529
-0.6260830930527747
-0.6264596840560663
-0.6371642097439741
-0.6374502048289797
-0.6482453264351737
-0.6484407256018931
-0.6593264431263732
-0.6594312463748067
-0.6704075598175728
-0.6704217671477202
-0.6814886765087724
-0.6814122879206336
-0.6925697931999719
-0.6924028086935470
-0.7036509098911715
-0.7033933294664604
-0.7147320265823710
-0.7143838502393739
-0.7258131432735706
-0.7253743710122873
-0.1798349500846628
-0.1837160247821376
-0.1907340379685817
-0.1945228497693222
-0.2016331258525007
-0.2053296747565068
-0.2125322137364197
-0.2161364997436913
-0.2234313016203386
-0.2269433247308759
-0.2343303895042576
-0.2377501497180605
-0.2452294773881766
-0.2485569747052450
-0.2561285652720955
-0.2593637996924296
-0.2670276531560145
-0.2701706246796142
-0.2779267410399334
-0.2809774496667987
-0.2888258289238523
-0.2917842746539833
-0.2997249168077714
-0.3025910996411679
-0.3106240046916903
-0.3133979246283524
-0.3215230925756092
-0.3242047496155370
-0.3324221804595282
-0.3350115746027216
-0.3433212683434472
-0.3458183995899061
-0.3542203562273661
-0.3566252245770907
-0.3651194441112851
-0.3674320495642752
-0.3760185319952040
-0.3782388745514598
-0.3869176198791230
-0.3890456995386443
-0.3978167077630419
-0.3998525245258289
-0.4087157956469609
-0.4106593495130135
-0.4196148835308799
-0.4214661745001981
-0.4305139714147989
-0.4322729994873826
-0.4414130592987178
-0.4430798244745672
-0.4523121471826367
-0.4538866494617518
-0.4632112350665557
-0.4646934744489364
-0.4741103229504747
-0.4755002994361209
-0.4850094108343936
-0.4863071244233055
-0.4959084987183126
-0.4971139494104901
-0.5068075866022316
-0.5079207743976746
-0.5177066744861505
-0.5187275993848591
-0.5286057623700694
-0.5295344243720437
-0.5395048502539884
-0.5403412493592283
-0.5504039381379073
-0.5511480743464129
-0.5613030260218262
-0.5619548993335974
-0.5722021139057453
-0.5727617243207820
-0.5831012017896643
-0.5835685493079666
-0.5940002896735832
-0.5943753742951512
-0.6048993775575021
-0.6051821992823357
-0.6157984654414211
-0.6159890242695203
-0.6266975533253401
-0.6267958492567048
-0.6375966412092590
-0.6376026742438894
-0.6484957290931780
-0.6484094992310739
-0.6593948169770970
-0.6592163242182586
-0.6702939048610159
-0.6700231492054431
-0.6811929927449348
-0.6808299741926277
-0.6920920806288539
-0.6916367991798122
-0.7029911685127728
-0.7024436241669968
-0.7138902563966917
-0.7132504491541813
-0.1767766952966369
-0.1805372347439010
-0.1874904344055240
-0.1911570720817775
-0.1982041735144111
-0.2017769094196540
-0.2089179126232982
-0.2123967467575305
-0.2196316517321853
-0.2230165840954071
-0.2303453908410723
-0.2336364214332836
-0.2410591299499595
-0.2442562587711601
-0.2517728690588465
-0.2548760961090367
-0.2624866081677336
-0.2654959334469132
-0.2732003472766207
-0.2761157707847897
-0.2839140863855077
-0.2867356081226662
-0.2946278254943949
-0.2973554454605428
-0.3053415646032819
-0.3079752827984193
-0.3160553037121691
-0.3185951201362958
-0.3267690428210562
-0.3292149574741723
-0.3374827819299432
-0.3398347948120489
-0.3481965210388303
-0.3504546321499254
-0.3589102601477174
-0.3610744694878019
-0.3696239992566044
-0.3716943068256784
-0.3803377383654915
-0.3823141441635550
-0.3910514774743786
-0.3929339815014314
-0.4017652165832657
-0.4035538188393080
-0.4124789556921528
-0.4141736561771846
-0.4231926948010399
-0.4247934935150611
-0.4339064339099270
-0.4354133308529376
-0.4446201730188141
-0.4460331681908141
-0.4553339121277011
-0.4566530055286907
-0.4660476512365883
-0.4672728428665672
-0.4767613903454754
-0.4778926802044438
-0.4874751294543624
-0.4885125175423203
-0.4981888685632495
-0.4991323548801968
-0.5089026076721366
-0.5097521922180733
-0.5196163467810236
-0.5203720295559499
-0.5303300858899107
-0.5309918668938264
-0.5410438249987979
-0.5416117042317029
-0.5517575641076850
-0.5522315415695794
-0.5624713032165720
-0.5628513789074560
-0.5731850423254592
-0.5734712162453325
-0.5838987814343463
-0.5840910535832090
-0.5946125205432333
-0.5947108909210855
-0.6053262596521204
-0.6053307282589621
-0.6160399987610075
-0.6159505655968386
-0.6267537378698945
-0.6265704029347151
-0.6374674769787816
-0.6371902402725916
-0.6481812160876688
-0.6478100776104682
-0.6588949551965558
-0.6584299149483447
-0.6696086943054429
-0.6690497522862212
-0.6803224334143300
-0.6796695896240977
-0.6910361725232170
-0.6902894269619743
-0.7017499116321041
-0.7009092642998508
-0.1736645926147494
-0.1773034513150578
-0.1841897194398857
-0.1877330660982965
-0.1947148462650220
-0.1981626808815353
-0.2052399730901584
-0.2085922956647739
-0.2157650999152947
-0.2190219104480126
-0.2262902267404310
-0.2294515252312514
-0.2368153535655674
-0.2398811400144900
-0.2473404803907037
-0.2503107547977287
-0.2578656072158400
-0.2607403695809674
-0.2683907340409764
-0.2711699843642061
-0.2789158608661126
-0.2815995991474448
-0.2894409876912490
-0.2920292139306835
-0.2999661145163853
-0.3024588287139222
-0.3104912413415216
-0.3128884434971609
-0.3210163681666580
-0.3233180582803996
-0.3315414949917943
-0.3337476730636383
-0.3420666218169306
-0.3441772878468770
-0.3525917486420669
-0.3546069026301157
-0.3631168754672033
-0.3650365174133544
-0.3736420022923396
-0.3754661321965931
-0.3841671291174759
-0.3858957469798318
-0.3946922559426122
-0.3963253617630704
-0.4052173827677486
-0.4067549765463092
-0.4157425095928849
-0.4171845913295479
-0.4262676364180212
-0.4276142061127866
-0.4367927632431576
-0.4380438208960253
-0.4473178900682939
-0.4484734356792641
-0.4578430168934303
-0.4589030504625027
-0.4683681437185666
-0.4693326652457414
-0.4788932705437029
-0.4797622800289801
-0.4894183973688392
-0.4901918948122188
-0.4999435241939755
-0.5006215095954575
-0.5104686510191119
-0.5110511243786962
-0.5209937778442482
-0.5214807391619348
-0.5315189046693846
-0.5319103539451735
-0.5420440314945209
-0.5423399687284123
-0.5525691583196571
-0.5527695835116510
-0.5630942851447935
-0.5631991982948897
-0.5736194119699298
-0.5736288130781284
-0.5841445387950662
-0.5840584278613671
-0.5946696656202025
-0.5944880426446058
-0.6051947924453388
-0.6049176574278444
-0.6157199192704751
-0.6153472722110831
-0.6262450460956115
-0.6257768869943218
-0.6367701729207479
-0.6362065017775606
-0.6472952997458842
-0.6466361165607992
-0.6578204265710205
-0.6570657313440380
-0.6683455533961568
-0.6674953461272767
-0.6788706802212932
-0.6779249609105154
-0.6893958070464294
-0.6883545756937540
-0.1704995900156246
-0.1740156595373669
-0.1808328985014200
-0.1842518748042709
-0.1911662069872154
-0.1944880900711748
-0.2014995154730109
-0.2047243053380787
-0.2118328239588063
-0.2149605206049827
-0.2221661324446017
-0.2251967358718866
-0.2324994409303971
-0.2354329511387906
-0.2428327494161926
-0.2456691664056945
-0.2531660579019880
-0.2559053816725984
-0.2634993663877834
-0.2661415969395023
-0.2738326748735788
-0.2763778122064063
-0.2841659833593743
-0.2866140274733102
-0.2944992918451697
-0.2968502427402142
-0.3048326003309651
-0.3070864580071181
-0.3151659088167606
-0.3173226732740220
-0.3254992173025560
-0.3275588885409260
-0.3358325257883514
-0.3377951038078299
-0.3461658342741468
-0.3480313190747338
-0.3564991427599423
-0.3582675343416378
-0.3668324512457377
-0.3685037496085417
-0.3771657597315331
-0.3787399648754456
-0.3874990682173285
-0.3889761801423495
-0.3978323767031240
-0.3992123954092535
-0.4081656851889194
-0.4094486106761575
-0.4184989936747148
-0.4196848259430614
-0.4288323021605103
-0.4299210412099653
-0.4391656106463057
-0.4401572564768693
-0.4494989191321012
-0.4503934717437733
-0.4598322276178966
-0.4606296870106772
-0.4701655361036920
-0.4708659022775811
-0.4804988445894874
-0.4811021175444850
-0.4908321530752828
-0.4913383328113889
-0.5011654615610782
-0.5015745480782929
-0.5114987700468737
-0.5118107633451968
-0.5218320785326691
-0.5220469786121007
-0.5321653870184645
-0.5322831938790047
-0.5424986955042600
-0.5425194091459087
-0.5528320039900554
-0.5527556244128126
-0.5631653124758509
-0.5629918396797166
-0.5734986209616463
-0.5732280549466204
-0.5838319294474417
-0.5834642702135244
-0.5941652379332372
-0.5937004854804283
-0.6044985464190326
-0.6039367007473322
-0.6148318549048279
-0.6141729160142362
-0.6251651633906234
-0.6244091312811402
-0.6354984718764188
-0.6346453465480441
-0.6458317803622143
-0.6448815618149480
-0.6561650888480097
-0.6551177770818519
-0.6664983973338051
-0.6653539923487559
-0.6768317058196005
-0.6755902076156598
-0.1672826515897145
-0.1706748609040535
-0.1774209941103033
-0.1807145586042919
-0.1875593366308920
-0.1907542563045304
-0.1976976791514808
-0.2007939540047688
-0.2078360216720696
-0.2108336517050073
-0.2179743641926583
-0.2208733494052458
-0.2281127067132471
-0.2309130471054842
-0.2382510492338359
-0.2409527448057226
-0.2483893917544246
-0.2509924425059610
-0.2585277342750134
-0.2610321402061995
-0.2686660767956021
-0.2710718379064379
-0.2788044193161909
-0.2811115356066764
-0.2889427618367796
-0.2911512333069148
-0.2990811043573684
-0.3011909310071533
-0.3092194468779572
-0.3112306287073917
-0.3193577893985459
-0.3212703264076301
-0.3294961319191347
-0.3313100241078686
-0.3396344744397234
-0.3413497218081070
-0.3497728169603122
-0.3513894195083455
-0.3599111594809010
-0.3614291172085839
-0.3700495020014897
-0.3714688149088223
-0.3801878445220784
-0.3815085126090608
-0.3903261870426672
-0.3915482103092993
-0.4004645295632560
-0.4015879080095377
-0.4106028720838448
-0.4116276057097761
-0.4207412146044335
-0.4216673034100146
-0.4308795571250223
-0.4317070011102531
-0.4410178996456111
-0.4417466988104915
-0.4511562421661998
-0.4517863965107299
-0.4612945846867886
-0.4618260942109684
-0.4714329272073773
-0.4718657919112068
-0.4815712697279661
-0.4819054896114452
-0.4917096122485549
-0.4919451873116837
-0.5018479547691436
-0.5019848850119221
-0.5119862972897323
-0.5120245827121606
-0.5221246398103211
-0.5220642804123989
-0.5322629823309099
-0.5321039781126374
-0.5424013248514987
-0.5421436758128759
-0.5525396673720874
-0.5521833735131143
-0.5626780098926761
-0.5622230712133528
-0.5728163524132649
-0.5722627689135912
-0.5829546949338537
-0.5823024666138297
-0.5930930374544424
-0.5923421643140681
-0.6032313799750312
-0.6023818620143065
-0.6133697224956201
-0.6124215597145450
-0.6235080650162087
-0.6224612574147834
-0.6336464075367975
-0.6325009551150219
-0.6437847500573862
-0.6425406528152603
-0.6539230925779750
-0.6525803505154988
-0.6640614350985637
-0.6626200482157372
-0.1640147572476268
-0.1672820730547442
-0.1739550455656648
-0.1771221949991409
-0.1838953338837028
-0.1869623169435377
-0.1938356222017408
-0.1968024388879344
-0.2037759105197788
-0.2066425608323311
-0.2137161988378168
-0.2164826827767278
-0.2236564871558548
-0.2263228047211245
-0.2335967754738928
-0.2361629266655212
-0.2435370637919308
-0.2460030486099180
-0.2534773521099687
-0.2558431705543147
-0.2634176404280067
-0.2656832924987114
-0.2733579287460448
-0.2755234144431081
-0.2832982170640828
-0.2853635363875048
-0.2932385053821207
-0.2952036583319016
-0.3031787937001588
-0.3050437802762983
-0.3131190820181967
-0.3148839022206950
-0.3230593703362347
-0.3247240241650917
-0.3329996586542727
-0.3345641461094884
-0.3429399469723107
-0.3444042680538851
-0.3528802352903486
-0.3542443899982818
-0.3628205236083866
-0.3640845119426785
-0.3727608119264246
-0.3739246338870753
-0.3827011002444627
-0.3837647558314721
-0.3926413885625006
-0.3936048777758688
-0.4025816768805386
-0.4034449997202655
-0.4125219651985766
-0.4132851216646622
-0.4224622535166146
-0.4231252436090590
-0.4324025418346527
-0.4329653655534557
-0.4423428301526907
-0.4428054874978524
-0.4522831184707286
-0.4526456094422491
-0.4622234067887666
-0.4624857313866458
-0.4721636951068046
-0.4723258533310425
-0.4821039834248426
-0.4821659752754392
-0.4920442717428806
-0.4920060972198360
-0.5019845600609185
-0.5018462191642327
-0.5119248483789565
-0.5116863411086293
-0.5218651366969945
-0.5215264630530261
-0.5318054250150326
-0.5313665849974228
-0.5417457133330705
-0.5412067069418196
-0.5516860016511085
-0.5510468288862163
-0.5616262899691465
-0.5608869508306130
-0.5715665782871845
-0.5707270727750097
-0.5815068666052224
-0.5805671947194064
-0.5914471549232604
-0.5904073166638031
-0.6013874432412984
-0.6002474386081998
-0.6113277315593365
-0.6100875605525966
-0.6212680198773745
-0.6199276824969933
-0.6312083081954124
-0.6297678044413900
-0.6411485965134505
-0.6396079263857867
-0.6510888848314884
-0.6494480483301834
-0.1606969024216349
-0.1638383294654847
-0.1704361086290067
-0.1734758782575720
-0.1801753148363785
-0.1831134270496593
-0.1899145210437503
-0.1927509758417467
-0.1996537272511222
-0.2023885246338340
-0.2093929334584939
-0.2120260734259213
-0.2191321396658658
-0.2216636222180087
-0.2288713458732376
-0.2313011710100960
-0.2386105520806094
-0.2409387198021833
-0.2483497582879812
-0.2505762685942706
-0.2580889644953530
-0.2602138173863580
-0.2678281707027249
-0.2698513661784453
-0.2775673769100966
-0.2794889149705326
-0.2873065831174684
-0.2891264637626200
-0.2970457893248403
-0.2987640125547073
-0.3067849955322121
-0.3084015613467946
-0.3165242017395839
-0.3180391101388820
-0.3262634079469557
-0.3276766589309693
-0.3360026141543275
-0.3373142077230566
-0.3457418203616993
-0.3469517565151439
-0.3554810265690711
-0.3565893053072313
-0.3652202327764429
-0.3662268540993186
-0.3749594389838148
-0.3758644028914060
-0.3846986451911866
-0.3855019516834933
-0.3944378513985584
-0.3951395004755807
-0.4041770576059302
-0.4047770492676679
-0.4139162638133020
-0.4144145980597553
-0.4236554700206739
-0.4240521468518427
-0.4333946762280457
-0.4336896956439300
-0.4431338824354175
-0.4433272444360173
-0.4528730886427893
-0.4529647932281047
-0.4626122948501611
-0.4626023420201920
-0.4723515010575329
-0.4722398908122793
-0.4820907072649047
-0.4818774396043666
-0.4918299134722765
-0.4915149883964540
-0.5015691196796483
-0.5011525371885412
-0.5113083258870201
-0.5107900859806287
-0.5210475320943919
-0.5204276347727160
-0.5307867383017638
-0.5300651835648034
-0.5405259445091356
-0.5397027323568906
-0.5502651507165074
-0.5493402811489779
-0.5600043569238792
-0.5589778299410653
-0.5697435631312510
-0.5686153787331526
-0.5794827693386227
-0.5782529275252399
-0.5892219755459946
-0.5878904763173274
-0.5989611817533664
-0.5975280251094146
-0.6087003879607382
-0.6071655739015019
-0.6184395941681101
-0.6168031226935893
-0.6281788003754819
-0.6264406714856766
-0.6379180065828537
-0.6360782202777640
-0.1573300977624595
-0.1603446791339323
-0.1668652552026085
-0.1697767190829872
-0.1764004126427575
-0.1792087590320420
-0.1859355700829066
-0.1886407989810969
-0.1954707275230557
-0.1980728389301517
-0.2050058849632047
-0.2075048788792066
-0.2145410424033538
-0.2169369188282614
-0.2240761998435029
-0.2263689587773162
-0.2336113572836519
-0.2358009987263711
-0.2431465147238010
-0.2452330386754259
-0.2526816721639500
-0.2546650786244807
-0.2622168296040991
-0.2640971185735356
-0.2717519870442481
-0.2735291585225905
-0.2812871444843972
-0.2829611984716453
-0.2908223019245463
-0.2923932384207001
-0.3003574593646953
-0.3018252783697550
-0.3098926168048444
-0.3112573183188098
-0.3194277742449935
-0.3206893582678647
-0.3289629316851425
-0.3301213982169195
-0.3384980891252916
-0.3395534381659743
-0.3480332465654406
-0.3489854781150292
-0.3575684040055896
-0.3584175180640840
-0.3671035614457387
-0.3678495580131389
-0.3766387188858878
-0.3772815979621937
-0.3861738763260368
-0.3867136379112486
-0.3957090337661859
-0.3961456778603034
-0.4052441912063350
-0.4055777178093583
-0.4147793486464841
-0.4150097577584131
-0.4243145060866331
-0.4244417977074680
-0.4338496635267822
-0.4338738376565228
-0.4433848209669312
-0.4433058776055777
-0.4529199784070803
-0.4527379175546325
-0.4624551358472293
-0.4621699575036873
-0.4719902932873784
-0.4716019974527421
-0.4815254507275274
-0.4810340374017970
-0.4910606081676765
-0.4904660773508518
-0.5005957656078255
-0.4998981172999067
-0.5101309230479747
-0.5093301572489616
-0.5196660804881237
-0.5187621971980164
-0.5292012379282728
-0.5281942371470713
-0.5387363953684218
-0.5376262770961261
-0.5482715528085709
-0.5470583170451809
-0.5578067102487199
-0.5564903569942358
-0.5673418676888690
-0.5659223969432906
-0.5768770251290181
-0.5753544368923454
-0.5864121825691672
-0.5847864768414003
-0.5959473400093162
-0.5942185167904551
-0.6054824974494653
-0.6036505567395100
-0.6150176548896142
-0.6130825966885648
-0.6245528123297633
-0.6225146366376196
-0.1539153688314145
-0.1568021862598219
-0.1632435730030154
-0.1660258442751055
-0.1725717771746163
-0.1752495022903892
-0.1818999813462172
-0.1844731603056728
-0.1912281855178181
-0.1936968183209564
-0.2005563896894189
-0.2029204763362401
-0.2098845938610198
-0.2121441343515237
-0.2192127980326207
-0.2213677923668073
-0.2285410022042216
-0.2305914503820910
-0.2378692063758225
-0.2398151083973746
-0.2471974105474233
-0.2490387664126583
-0.2565256147190242
-0.2582624244279419
-0.2658538188906251
-0.2674860824432255
-0.2751820230622260
-0.2767097404585092
-0.2845102272338269
-0.2859333984737928
-0.2938384314054278
-0.2951570564890765
-0.3031666355770287
-0.3043807145043601
-0.3124948397486295
-0.3136043725196437
-0.3218230439202304
-0.3228280305349274
-0.3311512480918313
-0.3320516885502110
-0.3404794522634321
-0.3412753465654946
-0.3498076564350330
-0.3504990045807783
-0.3591358606066339
-0.3597226625960619
-0.3684640647782348
-0.3689463206113456
-0.3777922689498357
-0.3781699786266292
-0.3871204731214366
-0.3873936366419128
-0.3964486772930375
-0.3966172946571965
-0.4057768814646384
-0.4058409526724802
-0.4151050856362393
-0.4150646106877638
-0.4244332898078401
-0.4242882687030474
-0.4337614939794410
-0.4335119267183311
-0.4430896981510419
-0.4427355847336147
-0.4524179023226428
-0.4519592427488983
-0.4617461064942436
-0.4611829007641820
-0.4710743106658445
-0.4704065587794656
-0.4804025148374454
-0.4796302167947493
-0.4897307190090462
-0.4888538748100330
-0.4990589231806472
-0.4980775328253166
-0.5083871273522481
-0.5073011908406002
-0.5177153315238490
-0.5165248488558838
-0.5270435356954498
-0.5257485068711675
-0.5363717398670507
-0.5349721648864511
-0.5456999440386515
-0.5441958229017347
-0.5550281482102525
-0.5534194809170183
-0.5643563523818533
-0.5626431389323020
-0.5736845565534543
-0.5718667969475857
-0.5830127607250551
-0.5810904549628693
-0.5923409648966560
-0.5903141129781529
-0.6016691690682568
-0.5995377709934365
-0.6109973732398577
-0.6087614290087202
-0.1504537557880121
-0.1532119299208000
-0.1595721652297098
-0.1622243963867294
-0.1686905746714074
-0.1712368628526588
-0.1778089841131052
-0.1802493293185882
-0.1869273935548029
-0.1892617957845176
-0.1960458029965006
-0.1982742622504470
-0.2051642124381983
-0.2072867287163764
-0.2142826218798960
-0.2162991951823058
-0.2234010313215937
-0.2253116616482352
-0.2325194407632914
-0.2343241281141646
-0.2416378502049891
-0.2433365945800940
-0.2507562596466868
-0.2523490610460235
-0.2598746690883845
-0.2613615275119529
-0.2689930785300822
-0.2703739939778823
-0.2781114879717799
-0.2793864604438117
-0.2872298974134776
-0.2883989269097411
-0.2963483068551753
-0.2974113933756705
-0.3054667162968730
-0.3064238598415999
-0.3145851257385707
-0.3154363263075293
-0.3237035351802683
-0.3244487927734587
-0.3328219446219661
-0.3334612592393881
-0.3419403540636637
-0.3424737257053175
-0.3510587635053615
-0.3514861921712470
-0.3601771729470592
-0.3604986586371764
-0.3692955823887569
-0.3695111251031058
-0.3784139918304546
-0.3785235915690352
-0.3875324012721523
-0.3875360580349647
-0.3966508107138501
-0.3965485245008941
-0.4057692201555477
-0.4055609909668235
-0.4148876295972455
-0.4145734574327529
-0.4240060390389431
-0.4235859238986823
-0.4331244484806408
-0.4325983903646117
-0.4422428579223385
-0.4416108568305411
-0.4513612673640362
-0.4506233232964705
-0.4604796768057339
-0.4596357897623999
-0.4695980862474316
-0.4686482562283293
-0.4787164956891293
-0.4776607226942587
-0.4878349051308271
-0.4866731891601881
-0.4969533145725247
-0.4956856556261175
-0.5060717240142224
-0.5046981220920470
-0.5151901334559201
-0.5137105885579764
-0.5243085428976179
-0.5227230550239057
-0.5334269523393155
-0.5317355214898352
-0.5425453617810132
-0.5407479879557645
-0.5516637712227109
-0.5497604544216941
-0.5607821806644087
-0.5587729208876234
-0.5699005901061064
-0.5677853873535529
-0.5790189995478040
-0.5767978538194822
-0.5881374089895017
-0.5858103202854117
-0.5972558184311995
-0.5948227867513410
-0.1469463130731183
-0.1495750037437269
-0.1558521502290649
-0.1583735333757108
-0.1647579873850115
-0.1671720630076948
-0.1736638245409581
-0.1759705926396787
-0.1825696616969046
-0.1847691222716626
-0.1914754988528512
-0.1935676519036466
-0.2003813360087978
-0.2023661815356305
-0.2092871731647443
-0.2111647111676144
-0.2181930103206909
-0.2199632407995984
-0.2270988474766374
-0.2287617704315823
-0.2360046846325840
-0.2375603000635662
-0.2449105217885306
-0.2463588296955502
-0.2538163589444771
-0.2551573593275341
-0.2627221961004237
-0.2639558889595180
-0.2716280332563703
-0.2727544185915020
-0.2805338704123169
-0.2815529482234859
-0.2894397075682634
-0.2903514778554698
-0.2983455447242099
-0.2991500074874537
-0.3072513818801565
-0.3079485371194377
-0.3161572190361031
-0.3167470667514216
-0.3250630561920496
-0.3255455963834055
-0.3339688933479962
-0.3343441260153895
-0.3428747305039428
-0.3431426556473735
-0.3517805676598894
-0.3519411852793574
-0.3606864048158359
-0.3607397149113413
-0.3695922419717825
-0.3695382445433252
-0.3784980791277290
-0.3783367741753092
-0.3874039162836757
-0.3871353038072932
-0.3963097534396222
-0.3959338334392771
-0.4052155905955688
-0.4047323630712610
-0.4141214277515153
-0.4135308927032449
-0.4230272649074619
-0.4223294223352289
-0.4319331020634085
-0.4311279519672128
-0.4408389392193550
-0.4399264815991967
-0.4497447763753016
-0.4487250112311806
-0.4586506135312481
-0.4575235408631645
-0.4675564506871947
-0.4663220704951486
-0.4764622878431413
-0.4751206001271325
-0.4853681249990879
-0.4839191297591164
-0.4942739621550344
-0.4927176593911003
-0.5031797993109810
-0.5015161890230843
-0.5120856364669275
-0.5103147186550682
-0.5209914736228741
-0.5191132482870521
-0.5298973107788206
-0.5279117779190360
-0.5388031479347672
-0.5367103075510200
-0.5477089850907139
-0.5455088371830039
-0.5566148222466604
-0.5543073668149879
-0.5655206594026070
-0.5631058964469718
-0.5744264965585535
-0.5719044260789558
-0.5833323337145001
-0.5807029557109397
-0.1433941090877616
-0.1458925155715479
-0.1520846611536866
-0.1544744282522272
-0.1607752132196115
-0.1630563409329065
-0.1694657652855365
-0.1716382536135858
-0.1781563173514614
-0.1802201662942650
-0.1868468694173863
-0.1888020789749443
-0.1955374214833113
-0.1973839916556236
-0.2042279735492362
-0.2059659043363029
-0.2129185256151612
-0.2145478170169822
-0.2216090776810861
-0.2231297296976615
-0.2302996297470111
-0.2317116423783407
-0.2389901818129360
-0.2402935550590200
-0.2476807338788610
-0.2488754677396993
-0.2563712859447859
-0.2574573804203786
-0.2650618380107109
-0.2660392931010579
-0.2737523900766358
-0.2746212057817372
-0.2824429421425608
-0.2832031184624165
-0.2911334942084857
-0.2917850311430957
-0.2998240462744107
-0.3003669438237750
-0.3085145983403356
-0.3089488565044543
-0.3172051504062605
-0.3175307691851336
-0.3258957024721855
-0.3261126818658129
-0.3345862545381105
-0.3346945945464922
-0.3432768066040354
-0.3432765072271715
-0.3519673586699604
-0.3518584199078508
-0.3606579107358853
-0.3604403325885300
-0.3693484628018102
-0.3690222452692094
-0.3780390148677352
-0.3776041579498887
-0.3867295669336602
-0.3861860706305679
-0.3954201189995851
-0.3947679833112472
-0.4041106710655101
-0.4033498959919265
-0.4128012231314350
-0.4119318086726058
-0.4214917751973599
-0.4205137213532851
-0.4301823272632849
-0.4290956340339643
-0.4388728793292098
-0.4376775467146437
-0.4475634313951348
-0.4462594593953229
-0.4562539834610597
-0.4548413720760022
-0.4649445355269847
-0.4634232847566815
-0.4736350875929096
-0.4720051974373608
-0.4823256396588346
-0.4805871101180401
-0.4910161917247595
-0.4891690227987194
-0.4997067437906845
-0.4977509354793986
-0.5083972958566094
-0.5063328481600780
-0.5170878479225344
-0.5149147608407572
-0.5257783999884593
-0.5234966735214366
-0.5344689520543843
-0.5320785862021158
-0.5431595041203092
-0.5406604988827951
-0.5518500561862342
-0.5492424115634744
-0.5605406082521591
-0.5578243242441536
-0.5692311603180841
-0.5664062369248329
-0.1397982258676866
-0.1421655871258330
-0.1482708456172434
-0.1505282687214703
-0.1567434653668002
-0.1588909503171075
-0.1652160851163569
-0.1672536319127448
-0.1736887048659137
-0.1756163135083820
-0.1821613246154705
-0.1839789951040192
-0.1906339443650273
-0.1923416766996565
-0.1991065641145840
-0.2007043582952937
-0.2075791838641408
-0.2090670398909310
-0.2160518036136975
-0.2174297214865682
-0.2245244233632543
-0.2257924030822054
-0.2329970431128111
-0.2341550846778427
-0.2414696628623678
-0.2425177662734799
-0.2499422826119246
-0.2508804478691172
-0.2584149023614814
-0.2592431294647544
-0.2668875221110382
-0.2676058110603916
-0.2753601418605949
-0.2759684926560289
-0.2838327616101516
-0.2843311742516661
-0.2923053813597084
-0.2926938558473033
-0.3007780011092652
-0.3010565374429405
-0.3092506208588219
-0.3094192190385778
-0.3177232406083787
-0.3177819006342150
-0.3261958603579355
-0.3261445822298523
-0.3346684801074923
-0.3345072638254895
-0.3431410998570490
-0.3428699454211268
-0.3516137196066058
-0.3512326270167640
-0.3600863393561626
-0.3595953086124013
-0.3685589591057194
-0.3679579902080385
-0.3770315788552762
-0.3763206718036757
-0.3855041986048329
-0.3846833533993130
-0.3939768183543896
-0.3930460349949502
-0.4024494381039464
-0.4014087165905874
-0.4109220578535032
-0.4097713981862247
-0.4193946776030599
-0.4181340797818619
-0.4278672973526167
-0.4264967613774991
-0.4363399171021735
-0.4348594429731363
-0.4448125368517302
-0.4432221245687736
-0.4532851566012870
-0.4515848061644109
-0.4617577763508438
-0.4599474877600481
-0.4702303961004005
-0.4683101693556853
-0.4787030158499573
-0.4766728509513226
-0.4871756355995140
-0.4850355325469598
-0.4956482553490708
-0.4933982141425970
-0.5041208750986276
-0.5017608957382342
-0.5125934948481844
-0.5101235773338716
-0.5210661145977411
-0.5184862589295088
-0.5295387343472979
-0.5268489405251460
-0.5380113540968546
-0.5352116221207832
-0.5464839738464115
-0.5435743037164205
-0.5549565935959682
-0.5519369853120577
-0.1361597587537567
-0.1383953536650909
-0.1444118653448935
-0.1465362568218609
-0.1526639719360303
-0.1546771599786310
-0.1609160785271671
-0.1628180631354010
-0.1691681851183038
-0.1709589662921711
-0.1774202917094406
-0.1790998694489412
-0.1856723983005774
-0.1872407726057112
-0.1939245048917142
-0.1953816757624812
-0.2021766114828509
-0.2035225789192513
-0.2104287180739877
-0.2116634820760213
-0.2186808246651245
-0.2198043852327914
-0.2269329312562612
-0.2279452883895615
-0.2351850378473980
-0.2360861915463315
-0.2434371444385348
-0.2442270947031016
-0.2516892510296716
-0.2523679978598716
-0.2599413576208083
-0.2605089010166417
-0.2681934642119451
-0.2686498041734117
-0.2764455708030819
-0.2767907073301817
-0.2846976773942186
-0.2849316104869518
-0.2929497839853554
-0.2930725136437218
-0.3012018905764922
-0.3012134168004919
-0.3094539971676289
-0.3093543199572619
-0.3177061037587657
-0.3174952231140321
-0.3259582103499025
-0.3256361262708021
-0.3342103169410393
-0.3337770294275721
-0.3424624235321760
-0.3419179325843422
-0.3507145301233128
-0.3500588357411123
-0.3589666367144496
-0.3581997388978823
-0.3672187433055864
-0.3663406420546524
-0.3754708498967232
-0.3744815452114224
-0.3837229564878599
-0.3826224483681925
-0.3919750630789967
-0.3907633515249625
-0.4002271696701334
-0.3989042546817326
-0.4084792762612702
-0.4070451578385026
-0.4167313828524070
-0.4151860609952727
-0.4249834894435437
-0.4233269641520427
-0.4332355960346805
-0.4314678673088128
-0.4414877026258173
-0.4396087704655828
-0.4497398092169541
-0.4477496736223529
-0.4579919158080909
-0.4558905767791229
-0.4662440223992276
-0.4640314799358930
-0.4744961289903644
-0.4721723830926630
-0.4827482355815012
-0.4803132862494331
-0.4910003421726379
-0.4884541894062031
-0.4992524487637748
-0.4965950925629732
-0.5075045553549116
-0.5047359957197433
-0.5157566619460483
-0.5128768988765133
-0.5240087685371850
-0.5210178020332834
-0.5322608751283219
-0.5291587051900534
-0.5405129817194586
-0.5372996083468234
-0.1324798160583013
-0.1345829636389565
-0.1405088958194104
-0.1424996085588951
-0.1485379755805196
-0.1504162534788337
-0.1565670553416288
-0.1583328983987723
-0.1645961351027379
-0.1662495433187109
-0.1726252148638471
-0.1741661882386496
-0.1806542946249563
-0.1820828331585882
-0.1886833743860654
-0.1899994780785268
-0.1967124541471746
-0.1979161229984654
-0.2047415339082838
-0.2058327679184040
-0.2127706136693929
-0.2137494128383426
-0.2207996934305021
-0.2216660577582813
-0.2288287731916113
-0.2295827026782199
-0.2368578529527204
-0.2374993475981585
-0.2448869327138296
-0.2454159925180971
-0.2529160124749388
-0.2533326374380357
-0.2609450922360479
-0.2612492823579743
-0.2689741719971571
-0.2691659272779129
-0.2770032517582662
-0.2770825721978515
-0.2850323315193754
-0.2849992171177902
-0.2930614112804846
-0.2929158620377288
-0.3010904910415937
-0.3008325069576674
-0.3091195708027030
-0.3087491518776060
-0.3171486505638121
-0.3166657967975446
-0.3251777303249213
-0.3245824417174833
-0.3332068100860304
-0.3324990866374219
-0.3412358898471396
-0.3404157315573605
-0.3492649696082488
-0.3483323764772991
-0.3572940493693579
-0.3562490213972378
-0.3653231291304671
-0.3641656663171764
-0.3733522088915763
-0.3720823112371150
-0.3813812886526854
-0.3799989561570536
-0.3894103684137946
-0.3879156010769922
-0.3974394481749037
-0.3958322459969308
-0.4054685279360129
-0.4037488909168694
-0.4134976076971221
-0.4116655358368080
-0.4215266874582312
-0.4195821807567467
-0.4295557672193405
-0.4274988256766853
-0.4375848469804496
-0.4354154705966239
-0.4456139267415588
-0.4433321155165625
-0.4536430065026679
-0.4512487604365011
-0.4616720862637771
-0.4591654053564397
-0.4697011660248863
-0.4670820502763784
-0.4777302457859954
-0.4749986951963170
-0.4857593255471047
-0.4829153401162556
-0.4937884053082138
-0.4908319850361942
-0.5018174850693230
-0.4987486299561328
-0.5098465648304321
-0.5066652748760715
-0.5178756445915412
-0.5145819197960101
-0.5259047243526505
-0.5224985647159487
-0.1287595187275136
-0.1307295783383632
-0.1365631259231205
-0.1384195535347375
-0.1443667331187274
-0.1461095287311118
-0.1521703403143343
-0.1537995039274861
-0.1599739475099412
-0.1614894791238604
-0.1677775547055481
-0.1691794543202348
-0.1755811619011549
-0.1768694295166091
-0.1833847690967618
-0.1845594047129833
-0.1911883762923687
-0.1922493799093576
-0.1989919834879756
-0.1999393551057320
-0.2067955906835825
-0.2076293303021063
-0.2145991978791894
-0.2153193054984806
-0.2224028050747963
-0.2230092806948549
-0.2302064122704031
-0.2306992558912292
-0.2380100194660101
-0.2383892310876035
-0.2458136266616169
-0.2460792062839778
-0.2536172338572238
-0.2537691814803521
-0.2614208410528307
-0.2614591566767264
-0.2692244482484376
-0.2691491318731007
-0.2770280554440445
-0.2768391070694750
-0.2848316626396513
-0.2845290822658493
-0.2926352698352582
-0.2922190574622236
-0.3004388770308651
-0.2999090326585980
-0.3082424842264720
-0.3075990078549722
-0.3160460914220789
-0.3152889830513466
-0.3238496986176858
-0.3229789582477208
-0.3316533058132927
-0.3306689334440952
-0.3394569130088996
-0.3383589086404695
-0.3472605202045065
-0.3460488838368438
-0.3550641274001133
-0.3537388590332181
-0.3628677345957202
-0.3614288342295924
-0.3706713417913271
-0.3691188094259667
-0.3784749489869340
-0.3768087846223410
-0.3862785561825409
-0.3844987598187153
-0.3940821633781477
-0.3921887350150896
-0.4018857705737546
-0.3998787102114639
-0.4096893777693615
-0.4075686854078382
-0.4174929849649684
-0.4152586606042126
-0.4252965921605753
-0.4229486358005868
-0.4331001993561822
-0.4306386109969612
-0.4409038065517891
-0.4383285861933355
-0.4487074137473960
-0.4460185613897097
-0.4565110209430028
-0.4537085365860841
-0.4643146281386097
-0.4613985117824583
-0.4721182353342167
-0.4690884869788327
-0.4799218425298235
-0.4767784621752070
-0.4877254497254304
-0.4844684373715813
-0.4955290569210373
-0.4921584125679556
-0.5033326641166441
-0.4998483877643299
-0.5111362713122510
-0.5075383629607042
-0.1250000000000001
-0.1268363715418022
-0.1325757575757577
-0.1342973345736729
-0.1401515151515152
-0.1417582976055436
-0.1477272727272729
-0.1492192606374143
-0.1553030303030304
-0.1566802236692851
-0.1628787878787880
-0.1641411867011558
-0.1704545454545456
-0.1716021497330265
-0.1780303030303032
-0.1790631127648972
-0.1856060606060608
-0.1865240757967679
-0.1931818181818183
-0.1939850388286386
-0.2007575757575759
-0.2014460018605093
-0.2083333333333335
-0.2089069648923801
-0.2159090909090911
-0.2163679279242508
-0.2234848484848487
-0.2238288909561215
-0.2310606060606063
-0.2312898539879922
-0.2386363636363639
-0.2387508170198629
-0.2462121212121214
-0.2462117800517336
-0.2537878787878790
-0.2536727430836043
-0.2613636363636366
-0.2611337061154750
-0.2689393939393941
-0.2685946691473458
-0.2765151515151517
-0.2760556321792165
-0.2840909090909093
-0.2835165952110872
-0.2916666666666670
-0.2909775582429580
-0.2992424242424245
-0.2984385212748287
-0.3068181818181821
-0.3058994843066994
-0.3143939393939397
-0.3133604473385701
-0.3219696969696972
-0.3208214103704408
-0.3295454545454549
-0.3282823734023115
-0.3371212121212124
-0.3357433364341822
-0.3446969696969701
-0.3432042994660530
-0.3522727272727276
-0.3506652624979237
-0.3598484848484852
-0.3581262255297944
-0.3674242424242428
-0.3655871885616651
-0.3750000000000003
-0.3730481515935358
-0.3825757575757579
-0.3805091146254065
-0.3901515151515155
-0.3879700776572772
-0.3977272727272730
-0.3954310406891480
-0.4053030303030307
-0.4028920037210187
-0.4128787878787883
-0.4103529667528894
-0.4204545454545459
-0.4178139297847601
-0.4280303030303034
-0.4252748928166308
-0.4356060606060610
-0.4327358558485015
-0.4431818181818186
-0.4401968188803723
-0.4507575757575761
-0.4476577819122430
-0.4583333333333338
-0.4551187449441138
-0.4659090909090913
-0.4625797079759844
-0.4734848484848490
-0.4700406710078551
-0.4810606060606065
-0.4775016340397258
-0.4886363636363641
-0.4849625970715966
-0.4962121212121217
-0.4924235601034673
-0.1212024050615842
-0.1229045291577778
-0.1285480053683469
-0.1301342073435294
-0.1358936056751096
-0.1373638855292811
-0.1432392059818723
-0.1445935637150327
-0.1505848062886349
-0.1518232419007844
-0.1579304065953976
-0.1590529200865360
-0.1652760069021603
-0.1662825982722876
-0.1726216072089230
-0.1735122764580393
-0.1799672075156857
-0.1807419546437909
-0.1873128078224483
-0.1879716328295425
-0.1946584081292110
-0.1952013110152941
-0.2020040084359737
-0.2024309892010458
-0.2093496087427364
-0.2096606673867975
-0.2166952090494991
-0.2168903455725491
-0.2240408093562617
-0.2241200237583007
-0.2313864096630244
-0.2313497019440524
-0.2387320099697871
-0.2385793801298040
-0.2460776102765498
-0.2458090583155556
-0.2534232105833125
-0.2530387365013073
-0.2607688108900751
-0.2602684146870589
-0.2681144111968378
-0.2674980928728105
-0.2754600115036005
-0.2747277710585621
-0.2828056118103632
-0.2819574492443138
-0.2901512121171259
-0.2891871274300654
-0.2974968124238885
-0.2964168056158171
-0.3048424127306512
-0.3036464838015687
-0.3121880130374139
-0.3108761619873204
-0.3195336133441766
-0.3181058401730720
-0.3268792136509393
-0.3253355183588236
-0.3342248139577020
-0.3325651965445753
-0.3415704142644647
-0.3397948747303269
-0.3489160145712273
-0.3470245529160785
-0.3562616148779900
-0.3542542311018301
-0.3636072151847527
-0.3614839092875818
-0.3709528154915153
-0.3687135874733334
-0.3782984157982780
-0.3759432656590850
-0.3856440161050407
-0.3831729438448367
-0.3929896164118034
-0.3904026220305883
-0.4003352167185661
-0.3976323002163400
-0.4076808170253288
-0.4048619784020916
-0.4150264173320914
-0.4120916565878432
-0.4223720176388541
-0.4193213347735949
-0.4297176179456168
-0.4265510129593465
-0.4370632182523795
-0.4337806911450982
-0.4444088185591422
-0.4410103693308498
-0.4517544188659048
-0.4482400475166015
-0.4591000191726675
-0.4554697257023531
-0.4664456194794302
-0.4626994038881047
-0.4737912197861929
-0.4699290820738563
-0.4811368200929556
-0.4771587602596080
-0.1173678906964727
-0.1189352488635693
-0.1244810961932286
-0.1259314399731910
-0.1315943016899845
-0.1329276310828127
-0.1387075071867405
-0.1399238221924344
-0.1458207126834964
-0.1469200133020561
-0.1529339181802523
-0.1539162044116779
-0.1600471236770082
-0.1609123955212996
-0.1671603291737642
-0.1679085866309213
-0.1742735346705201
-0.1749047777405431
-0.1813867401672760
-0.1819009688501648
-0.1884999456640319
-0.1888971599597865
-0.1956131511607878
-0.1958933510694082
-0.2027263566575438
-0.2028895421790299
-0.2098395621542997
-0.2098857332886517
-0.2169527676510556
-0.2168819243982734
-0.2240659731478115
-0.2238781155078951
-0.2311791786445674
-0.2308743066175168
-0.2382923841413234
-0.2378704977271385
-0.2454055896380793
-0.2448666888367602
-0.2525187951348352
-0.2518628799463820
-0.2596320006315911
-0.2588590710560037
-0.2667452061283470
-0.2658552621656254
-0.2738584116251030
-0.2728514532752472
-0.2809716171218589
-0.2798476443848689
-0.2880848226186148
-0.2868438354944906
-0.2951980281153707
-0.2938400266041123
-0.3023112336121266
-0.3008362177137341
-0.3094244391088826
-0.3078324088233558
-0.3165376446056385
-0.3148285999329775
-0.3236508501023945
-0.3218247910425992
-0.3307640555991503
-0.3288209821522209
-0.3378772610959063
-0.3358171732618426
-0.3449904665926622
-0.3428133643714644
-0.3521036720894181
-0.3498095554810861
-0.3592168775861740
-0.3568057465907078
-0.3663300830829299
-0.3638019377003295
-0.3734432885796858
-0.3707981288099513
-0.3805564940764418
-0.3777943199195730
-0.3876696995731977
-0.3847905110291947
-0.3947829050699537
-0.3917867021388164
-0.4018961105667095
-0.3987828932484381
-0.4090093160634655
-0.4057790843580599
-0.4161225215602214
-0.4127752754676816
-0.4232357270569773
-0.4197714665773033
-0.4303489325537333
-0.4267676576869250
-0.4374621380504892
-0.4337638487965468
-0.4445753435472451
-0.4407600399061685
-0.4516885490440010
-0.4477562310157902
-0.4588017545407569
-0.4547524221254119
-0.4659149600375129
-0.4617486132350336
-0.1134976249348867
-0.1149297397404053
-0.1203762688703344
-0.1216903126663115
-0.1272549128057821
-0.1284508855922177
-0.1341335567412298
-0.1352114585181239
-0.1410122006766775
-0.1419720314440300
-0.1478908446121251
-0.1487326043699363
-0.1547694885475728
-0.1554931772958424
-0.1616481324830205
-0.1622537502217486
-0.1685267764184682
-0.1690143231476548
-0.1754054203539159
-0.1757748960735610
-0.1822840642893636
-0.1825354689994672
-0.1891627082248112
-0.1892960419253734
-0.1960413521602589
-0.1960566148512796
-0.2029199960957066
-0.2028171877771858
-0.2097986400311543
-0.2095777607030920
-0.2166772839666020
-0.2163383336289982
-0.2235559279020496
-0.2230989065549044
-0.2304345718374973
-0.2298594794808105
-0.2373132157729450
-0.2366200524067167
-0.2441918597083927
-0.2433806253326229
-0.2510705036438404
-0.2501411982585291
-0.2579491475792881
-0.2569017711844353
-0.2648277915147357
-0.2636623441103415
-0.2717064354501834
-0.2704229170362477
-0.2785850793856311
-0.2771834899621539
-0.2854637233210788
-0.2839440628880601
-0.2923423672565265
-0.2907046358139663
-0.2992210111919742
-0.2974652087398725
-0.3060996551274219
-0.3042257816657787
-0.3129782990628695
-0.3109863545916849
-0.3198569429983172
-0.3177469275175911
-0.3267355869337649
-0.3245075004434972
-0.3336142308692125
-0.3312680733694034
-0.3404928748046602
-0.3380286462953097
-0.3473715187401079
-0.3447892192212158
-0.3542501626755556
-0.3515497921471220
-0.3611288066110033
-0.3583103650730282
-0.3680074505464510
-0.3650709379989344
-0.3748860944818986
-0.3718315109248406
-0.3817647384173463
-0.3785920838507468
-0.3886433823527940
-0.3853526567766530
-0.3955220262882417
-0.3921132297025592
-0.4024006702236894
-0.3988738026284653
-0.4092793141591370
-0.4056343755543715
-0.4161579580945848
-0.4123949484802778
-0.4230366020300324
-0.4191555214061840
-0.4299152459654801
-0.4259160943320902
-0.4367938899009278
-0.4326766672579964
-0.4436725338363754
-0.4394372401839025
-0.4505511777718231
-0.4461978131098087
-0.1095927866972694
-0.1108892219051669
-0.1162347737698312
-0.1174121173113532
-0.1228767608423930
-0.1239350127175395
-0.1295187479149548
-0.1304579081237258
-0.1361607349875166
-0.1369808035299121
-0.1428027220600784
-0.1435036989360984
-0.1494447091326402
-0.1500265943422847
-0.1560866962052019
-0.1565494897484710
-0.1627286832777637
-0.1630723851546573
-0.1693706703503255
-0.1695952805608436
-0.1760126574228873
-0.1761181759670298
-0.1826546444954491
-0.1826410713732161
-0.1892966315680109
-0.1891639667794024
-0.1959386186405727
-0.1956868621855887
-0.2025806057131344
-0.2022097575917750
-0.2092225927856962
-0.2087326529979613
-0.2158645798582580
-0.2152555484041476
-0.2225065669308198
-0.2217784438103339
-0.2291485540033816
-0.2283013392165202
-0.2357905410759434
-0.2348242346227065
-0.2424325281485051
-0.2413471300288927
-0.2490745152210669
-0.2478700254350790
-0.2557165022936287
-0.2543929208412654
-0.2623584893661905
-0.2609158162474516
-0.2690004764387523
-0.2674387116536379
-0.2756424635113141
-0.2739616070598242
-0.2822844505838759
-0.2804845024660105
-0.2889264376564377
-0.2870073978721968
-0.2955684247289995
-0.2935302932783831
-0.3022104118015612
-0.3000531886845694
-0.3088523988741230
-0.3065760840907557
-0.3154943859466848
-0.3130989794969420
-0.3221363730192466
-0.3196218749031283
-0.3287783600918083
-0.3261447703093145
-0.3354203471643701
-0.3326676657155008
-0.3420623342369319
-0.3391905611216871
-0.3487043213094937
-0.3457134565278734
-0.3553463083820555
-0.3522363519340597
-0.3619882954546173
-0.3587592473402460
-0.3686302825271791
-0.3652821427464323
-0.3752722695997409
-0.3718050381526186
-0.3819142566723026
-0.3783279335588048
-0.3885562437448644
-0.3848508289649911
-0.3951982308174262
-0.3913737243711775
-0.4018402178899880
-0.3978966197773638
-0.4084822049625498
-0.4044195151835501
-0.4151241920351116
-0.4109424105897364
-0.4217661791076733
-0.4174653059959226
-0.4284081661802351
-0.4239882014021089
-0.4350501532527969
-0.4305110968082952
-0.1056545654351748
-0.1068149261387281
-0.1120578724312460
-0.1130981570880650
-0.1184611794273172
-0.1193813880374020
-0.1248644864233884
-0.1256646189867389
-0.1312677934194596
-0.1319478499360759
-0.1376711004155308
-0.1382310808854128
-0.1440744074116020
-0.1445143118347498
-0.1504777144076732
-0.1507975427840867
-0.1568810214037444
-0.1570807737334237
-0.1632843283998156
-0.1633640046827606
-0.1696876353958868
-0.1696472356320975
-0.1760909423919580
-0.1759304665814345
-0.1824942493880292
-0.1822136975307714
-0.1888975563841004
-0.1884969284801084
-0.1953008633801716
-0.1947801594294453
-0.2017041703762428
-0.2010633903787823
-0.2081074773723140
-0.2073466213281192
-0.2145107843683852
-0.2136298522774562
-0.2209140913644564
-0.2199130832267931
-0.2273173983605276
-0.2261963141761301
-0.2337207053565988
-0.2324795451254670
-0.2401240123526700
-0.2387627760748040
-0.2465273193487412
-0.2450460070241409
-0.2529306263448124
-0.2513292379734779
-0.2593339333408836
-0.2576124689228148
-0.2657372403369548
-0.2638956998721517
-0.2721405473330260
-0.2701789308214887
-0.2785438543290972
-0.2764621617708257
-0.2849471613251685
-0.2827453927201626
-0.2913504683212396
-0.2890286236694996
-0.2977537753173108
-0.2953118546188365
-0.3041570823133820
-0.3015950855681734
-0.3105603893094532
-0.3078783165175104
-0.3169636963055244
-0.3141615474668473
-0.3233670033015956
-0.3204447784161842
-0.3297703102976668
-0.3267280093655212
-0.3361736172937380
-0.3330112403148582
-0.3425769242898092
-0.3392944712641952
-0.3489802312858805
-0.3455777022135321
-0.3553835382819516
-0.3518609331628690
-0.3617868452780229
-0.3581441641122060
-0.3681901522740940
-0.3644273950615429
-0.3745934592701652
-0.3707106260108798
-0.3809967662662364
-0.3769938569602168
-0.3874000732623076
-0.3832770879095538
-0.3938033802583789
-0.3895603188588907
-0.4002066872544500
-0.3958435498082277
-0.4066099942505212
-0.4021267807575646
-0.4130133012465924
-0.4084100117069016
-0.4194166082426636
-0.4146932426562385
-0.1016841607689500
-0.1027080935110482
-0.1078468371791894
-0.1087497460705216
-0.1140095135894288
-0.1147913986299950
-0.1201721899996682
-0.1208330511894684
-0.1263348664099076
-0.1268747037489419
-0.1324975428201470
-0.1329163563084153
-0.1386602192303864
-0.1389580088678887
-0.1448228956406258
-0.1449996614273621
-0.1509855720508652
-0.1510413139868355
-0.1571482484611046
-0.1570829665463090
-0.1633109248713440
-0.1631246191057824
-0.1694736012815834
-0.1691662716652558
-0.1756362776918228
-0.1752079242247292
-0.1817989541020622
-0.1812495767842026
-0.1879616305123016
-0.1872912293436761
-0.1941243069225410
-0.1933328819031495
-0.2002869833327804
-0.1993745344626229
-0.2064496597430198
-0.2054161870220963
-0.2126123361532592
-0.2114578395815697
-0.2187750125634985
-0.2174994921410432
-0.2249376889737379
-0.2235411447005166
-0.2311003653839773
-0.2295827972599900
-0.2372630417942168
-0.2356244498194635
-0.2434257182044562
-0.2416661023789368
-0.2495883946146956
-0.2477077549384103
-0.2557510710249349
-0.2537494074978837
-0.2619137474351743
-0.2597910600573571
-0.2680764238454137
-0.2658327126168306
-0.2742391002556532
-0.2718743651763040
-0.2804017766658926
-0.2779160177357774
-0.2865644530761319
-0.2839576702952508
-0.2927271294863713
-0.2899993228547242
-0.2988898058966107
-0.2960409754141977
-0.3050524823068501
-0.3020826279736711
-0.3112151587170895
-0.3081242805331445
-0.3173778351273289
-0.3141659330926179
-0.3235405115375683
-0.3202075856520913
-0.3297031879478077
-0.3262492382115648
-0.3358658643580471
-0.3322908907710382
-0.3420285407682865
-0.3383325433305116
-0.3481912171785259
-0.3443741958899850
-0.3543538935887653
-0.3504158484494584
-0.3605165699990047
-0.3564575010089319
-0.3666792464092440
-0.3624991535684053
-0.3728419228194835
-0.3685408061278787
-0.3790045992297229
-0.3745824586873521
-0.3851672756399623
-0.3806241112468255
-0.3913299520502017
-0.3866657638062990
-0.3974926284604411
-0.3927074163657724
-0.4036553048706805
-0.3987490689252458
-0.0976827821223185
-0.0985699750031291
-0.1036029507357923
-0.1043682088268426
-0.1095231193492662
-0.1101664426505561
-0.1154432879627400
-0.1159646764742696
-0.1213634565762139
-0.1217629102979830
-0.1272836251896877
-0.1275611441216965
-0.1332037938031616
-0.1333593779454100
-0.1391239624166354
-0.1391576117691235
-0.1450441310301092
-0.1449558455928369
-0.1509642996435831
-0.1507540794165504
-0.1568844682570569
-0.1565523132402639
-0.1628046368705308
-0.1623505470639774
-0.1687248054840046
-0.1681487808876909
-0.1746449740974785
-0.1739470147114044
-0.1805651427109523
-0.1797452485351178
-0.1864853113244262
-0.1855434823588313
-0.1924054799379000
-0.1913417161825448
-0.1983256485513739
-0.1971399500062583
-0.2042458171648477
-0.2029381838299717
-0.2101659857783215
-0.2087364176536852
-0.2160861543917954
-0.2145346514773987
-0.2220063230052692
-0.2203328853011121
-0.2279264916187431
-0.2261311191248257
-0.2338466602322170
-0.2319293529485391
-0.2397668288456908
-0.2377275867722526
-0.2456869974591646
-0.2435258205959661
-0.2516071660726385
-0.2493240544196796
-0.2575273346861124
-0.2551222882433931
-0.2634475032995862
-0.2609205220671065
-0.2693676719130600
-0.2667187558908200
-0.2752878405265339
-0.2725169897145335
-0.2812080091400077
-0.2783152235382469
-0.2871281777534816
-0.2841134573619604
-0.2930483463669554
-0.2899116911856739
-0.2989685149804293
-0.2957099250093874
-0.3048886835939031
-0.3015081588331008
-0.3108088522073769
-0.3073063926568144
-0.3167290208208508
-0.3131046264805278
-0.3226491894343246
-0.3189028603042413
-0.3285693580477985
-0.3247010941279548
-0.3344895266612724
-0.3304993279516683
-0.3404096952747462
-0.3362975617753817
-0.3463298638882200
-0.3420957955990952
-0.3522500325016938
-0.3478940294228087
-0.3581702011151677
-0.3536922632465222
-0.3640903697286416
-0.3594904970702357
-0.3700105383421154
-0.3652887308939491
-0.3759307069555893
-0.3710869647176626
-0.3818508755690631
-0.3768851985413761
-0.3877710441825369
-0.3826834323650896
-0.0936516483539781
-0.0944018311259553
-0.0993275058299768
-0.0999548800157174
-0.1050033633059754
-0.1055079289054795
-0.1106792207819741
-0.1110609777952416
-0.1163550782579728
-0.1166140266850037
-0.1220309357339714
-0.1221670755747658
-0.1277067932099701
-0.1277201244645278
-0.1333826506859688
-0.1332731733542899
-0.1390585081619675
-0.1388262222440520
-0.1447343656379661
-0.1443792711338141
-0.1504102231139648
-0.1499323200235761
-0.1560860805899635
-0.1554853689133382
-0.1617619380659621
-0.1610384178031003
-0.1674377955419608
-0.1665914666928624
-0.1731136530179595
-0.1721445155826245
-0.1787895104939582
-0.1776975644723865
-0.1844653679699568
-0.1832506133621486
-0.1901412254459555
-0.1888036622519107
-0.1958170829219542
-0.1943567111416728
-0.2014929403979528
-0.1999097600314348
-0.2071687978739515
-0.2054628089211969
-0.2128446553499502
-0.2110158578109590
-0.2185205128259489
-0.2165689067007211
-0.2241963703019476
-0.2221219555904832
-0.2298722277779462
-0.2276750044802452
-0.2355480852539449
-0.2332280533700073
-0.2412239427299435
-0.2387811022597695
-0.2468998002059423
-0.2443341511495315
-0.2525756576819409
-0.2498872000392936
-0.2582515151579396
-0.2554402489290556
-0.2639273726339383
-0.2609932978188177
-0.2696032301099369
-0.2665463467085798
-0.2752790875859356
-0.2720993955983419
-0.2809549450619342
-0.2776524444881040
-0.2866308025379329
-0.2832054933778660
-0.2923066600139316
-0.2887585422676281
-0.2979825174899303
-0.2943115911573903
-0.3036583749659290
-0.2998646400471523
-0.3093342324419276
-0.3054176889369144
-0.3150100899179263
-0.3109707378266764
-0.3206859473939250
-0.3165237867164385
-0.3263618048699236
-0.3220768356062006
-0.3320376623459223
-0.3276298844959627
-0.3377135198219210
-0.3331829333857247
-0.3433893772979197
-0.3387359822754868
-0.3490652347739183
-0.3442890311652489
-0.3547410922499170
-0.3498420800550110
-0.3604169497259157
-0.3553951289447731
-0.3660928072019143
-0.3609481778345351
-0.3717686646779130
-0.3665012267242972
-0.0895919873863252
-0.0902049315365295
-0.0950218048036782
-0.0955111039798548
-0.1004516222210313
-0.1008172764231801
-0.1058814396383843
-0.1061234488665053
-0.1113112570557374
-0.1114296213098306
-0.1167410744730904
-0.1167357937531559
-0.1221708918904435
-0.1220419661964812
-0.1276007093077965
-0.1273481386398064
-0.1330305267251495
-0.1326543110831317
-0.1384603441425026
-0.1379604835264570
-0.1438901615598556
-0.1432666559697822
-0.1493199789772087
-0.1485728284131075
-0.1547497963945617
-0.1538790008564327
-0.1601796138119147
-0.1591851732997580
-0.1656094312292678
-0.1644913457430833
-0.1710392486466208
-0.1697975181864086
-0.1764690660639739
-0.1751036906297338
-0.1818988834813269
-0.1804098630730591
-0.1873287008986800
-0.1857160355163844
-0.1927585183160330
-0.1910222079597096
-0.1981883357333860
-0.1963283804030349
-0.2036181531507391
-0.2016345528463601
-0.2090479705680921
-0.2069407252896854
-0.2144777879854452
-0.2122468977330107
-0.2199076054027982
-0.2175530701763360
-0.2253374228201512
-0.2228592426196612
-0.2307672402375043
-0.2281654150629865
-0.2361970576548574
-0.2334715875063118
-0.2416268750722104
-0.2387777599496371
-0.2470566924895634
-0.2440839323929623
-0.2524865099069165
-0.2493901048362876
-0.2579163273242695
-0.2546962772796129
-0.2633461447416225
-0.2600024497229381
-0.2687759621589756
-0.2653086221662634
-0.2742057795763286
-0.2706147946095886
-0.2796355969936816
-0.2759209670529139
-0.2850654144110347
-0.2812271394962392
-0.2904952318283878
-0.2865333119395644
-0.2959250492457408
-0.2918394843828897
-0.3013548666630939
-0.2971456568262150
-0.3067846840804469
-0.3024518292695402
-0.3122145014977999
-0.3077580017128655
-0.3176443189151529
-0.3130641741561908
-0.3230741363325060
-0.3183703465995160
-0.3285039537498591
-0.3236765190428413
-0.3339337711672121
-0.3289826914861666
-0.3393635885845651
-0.3342888639294919
-0.3447934060019182
-0.3395950363728171
-0.3502232234192712
-0.3449012088161424
-0.3556530408366242
-0.3502073812594677
-0.0855050358314172
-0.0859805546511227
-0.0906871592151394
-0.0910382343364829
-0.0958692825988616
-0.0960959140218430
-0.1010514059825839
-0.1011535937072032
-0.1062335293663062
-0.1062112733925633
-0.1114156527500284
-0.1112689530779235
-0.1165977761337507
-0.1163266327632837
-0.1217798995174729
-0.1213843124486438
-0.1269620229011952
-0.1264419921340039
-0.1321441462849174
-0.1314996718193641
-0.1373262696686396
-0.1365573515047243
-0.1425083930523619
-0.1416150311900845
-0.1476905164360842
-0.1466727108754446
-0.1528726398198064
-0.1517303905608048
-0.1580547632035287
-0.1567880702461649
-0.1632368865872509
-0.1618457499315251
-0.1684190099709732
-0.1669034296168852
-0.1736011333546954
-0.1719611093022454
-0.1787832567384177
-0.1770187889876055
-0.1839653801221399
-0.1820764686729657
-0.1891475035058622
-0.1871341483583258
-0.1943296268895844
-0.1921918280436860
-0.1995117502733067
-0.1972495077290462
-0.2046938736570290
-0.2023071874144063
-0.2098759970407512
-0.2073648670997665
-0.2150581204244734
-0.2124225467851266
-0.2202402438081957
-0.2174802264704868
-0.2254223671919180
-0.2225379061558470
-0.2306044905756402
-0.2275955858412071
-0.2357866139593625
-0.2326532655265673
-0.2409687373430847
-0.2377109452119275
-0.2461508607268069
-0.2427686248972876
-0.2513329841105292
-0.2478263045826478
-0.2565151074942514
-0.2528839842680079
-0.2616972308779737
-0.2579416639533681
-0.2668793542616960
-0.2629993436387282
-0.2720614776454182
-0.2680570233240884
-0.2772436010291405
-0.2731147030094486
-0.2824257244128627
-0.2781723826948087
-0.2876078477965850
-0.2832300623801689
-0.2927899711803072
-0.2882877420655290
-0.2979720945640295
-0.2933454217508892
-0.3031542179477517
-0.2984031014362493
-0.3083363413314740
-0.3034607811216095
-0.3135184647151962
-0.3085184608069697
-0.3187005880989185
-0.3135761404923298
-0.3238827114826408
-0.3186338201776900
-0.3290648348663630
-0.3236914998630501
-0.3342469582500852
-0.3287491795484103
-0.3394290816338075
-0.3338068592337705
-0.0813920386142892
-0.0817299872558570
-0.0863248894393976
-0.0865376335650250
-0.0912577402645060
-0.0913452798741931
-0.0961905910896145
-0.0961529261833612
-0.1011234419147229
-0.1009605724925292
-0.1060562927398313
-0.1057682188016973
-0.1109891435649398
-0.1105758651108654
-0.1159219943900482
-0.1153835114200334
-0.1208548452151567
-0.1201911577292015
-0.1257876960402651
-0.1249988040383695
-0.1307205468653735
-0.1298064503475376
-0.1356533976904820
-0.1346140966567057
-0.1405862485155904
-0.1394217429658737
-0.1455190993406988
-0.1442293892750418
-0.1504519501658073
-0.1490370355842098
-0.1553848009909157
-0.1538446818933779
-0.1603176518160241
-0.1586523282025459
-0.1652505026411326
-0.1634599745117140
-0.1701833534662410
-0.1682676208208820
-0.1751162042913494
-0.1730752671300501
-0.1800490551164579
-0.1778829134392181
-0.1849819059415663
-0.1826905597483862
-0.1899147567666747
-0.1874982060575543
-0.1948476075917832
-0.1923058523667223
-0.1997804584168916
-0.1971134986758904
-0.2047133092420000
-0.2019211449850584
-0.2096461600671085
-0.2067287912942266
-0.2145790108922170
-0.2115364376033946
-0.2195118617173254
-0.2163440839125627
-0.2244447125424338
-0.2211517302217307
-0.2293775633675422
-0.2259593765308988
-0.2343104141926507
-0.2307670228400668
-0.2392432650177591
-0.2355746691492349
-0.2441761158428675
-0.2403823154584029
-0.2491089666679760
-0.2451899617675710
-0.2540418174930844
-0.2499976080767390
-0.2589746683181928
-0.2548052543859071
-0.2639075191433013
-0.2596129006950752
-0.2688403699684097
-0.2644205470042432
-0.2737732207935181
-0.2692281933134113
-0.2787060716186266
-0.2740358396225793
-0.2836389224437350
-0.2788434859317474
-0.2885717732688434
-0.2836511322409154
-0.2935046240939518
-0.2884587785500835
-0.2984374749190603
-0.2932664248592516
-0.3033703257441688
-0.2980740711684197
-0.3083031765692772
-0.3028817174775877
-0.3132360273943856
-0.3076893637867558
-0.3181688782194941
-0.3124970100959238
-0.3231017290446025
-0.3173046564050919
-0.0772542485937369
-0.0774545241147370
-0.0819363242660846
-0.0820106725920745
-0.0866183999384323
-0.0865668210694119
-0.0913004756107800
-0.0911229695467494
-0.0959825512831277
-0.0956791180240869
-0.1006646269554754
-0.1002352665014243
-0.1053467026278231
-0.1047914149787618
-0.1100287783001707
-0.1093475634560993
-0.1147108539725184
-0.1139037119334367
-0.1193929296448661
-0.1184598604107742
-0.1240750053172138
-0.1230160088881117
-0.1287570809895615
-0.1275721573654492
-0.1334391566619092
-0.1321283058427866
-0.1381212323342569
-0.1366844543201241
-0.1428033080066046
-0.1412406027974616
-0.1474853836789523
-0.1457967512747990
-0.1521674593513000
-0.1503528997521365
-0.1568495350236477
-0.1549090482294740
-0.1615316106959953
-0.1594651967068114
-0.1662136863683430
-0.1640213451841489
-0.1708957620406907
-0.1685774936614864
-0.1755778377130384
-0.1731336421388238
-0.1802599133853861
-0.1776897906161613
-0.1849419890577338
-0.1822459390934988
-0.1896240647300815
-0.1868020875708363
-0.1943061404024292
-0.1913582360481737
-0.1989882160747769
-0.1959143845255112
-0.2036702917471246
-0.2004705330028487
-0.2083523674194723
-0.2050266814801862
-0.2130344430918200
-0.2095828299575236
-0.2177165187641676
-0.2141389784348611
-0.2223985944365153
-0.2186951269121986
-0.2270806701088630
-0.2232512753895360
-0.2317627457812107
-0.2278074238668735
-0.2364448214535584
-0.2323635723442110
-0.2411268971259061
-0.2369197208215484
-0.2458089727982538
-0.2414758692988859
-0.2504910484706015
-0.2460320177762234
-0.2551731241429492
-0.2505881662535608
-0.2598551998152969
-0.2551443147308983
-0.2645372754876446
-0.2597004632082358
-0.2692193511599922
-0.2642566116855732
-0.2739014268323399
-0.2688127601629107
-0.2785835025046876
-0.2733689086402482
-0.2832655781770353
-0.2779250571175857
-0.2879476538493830
-0.2824812055949231
-0.2926297295217307
-0.2870373540722606
-0.2973118051940784
-0.2915935025495981
-0.3019938808664261
-0.2961496510269355
-0.3066759565387738
-0.3007057995042730
-0.0730929261806843
-0.0731554675752528
-0.0775228004946651
-0.0774587303737971
-0.0819526748086460
-0.0817619931723414
-0.0863825491226269
-0.0860652559708857
-0.0908124234366078
-0.0903685187694299
-0.0952422977505886
-0.0946717815679742
-0.0996721720645695
-0.0989750443665185
-0.1041020463785504
-0.1032783071650628
-0.1085319206925312
-0.1075815699636071
-0.1129617950065121
-0.1118848327621514
-0.1173916693204929
-0.1161880955606956
-0.1218215436344738
-0.1204913583592399
-0.1262514179484547
-0.1247946211577842
-0.1306812922624355
-0.1290978839563285
-0.1351111665764164
-0.1334011467548728
-0.1395410408903973
-0.1377044095534171
-0.1439709152043782
-0.1420076723519614
-0.1484007895183590
-0.1463109351505056
-0.1528306638323399
-0.1506141979490499
-0.1572605381463207
-0.1549174607475942
-0.1616904124603016
-0.1592207235461385
-0.1661202867742824
-0.1635239863446827
-0.1705501610882633
-0.1678272491432271
-0.1749800354022442
-0.1721305119417713
-0.1794099097162251
-0.1764337747403156
-0.1838397840302059
-0.1807370375388599
-0.1882696583441868
-0.1850403003374042
-0.1926995326581677
-0.1893435631359485
-0.1971294069721486
-0.1936468259344928
-0.2015592812861294
-0.1979500887330370
-0.2059891556001103
-0.2022533515315813
-0.2104190299140911
-0.2065566143301256
-0.2148489042280720
-0.2108598771286699
-0.2192787785420529
-0.2151631399272142
-0.2237086528560337
-0.2194664027257585
-0.2281385271700146
-0.2237696655243027
-0.2325684014839955
-0.2280729283228470
-0.2369982757979764
-0.2323761911213913
-0.2414281501119572
-0.2366794539199356
-0.2458580244259381
-0.2409827167184799
-0.2502878987399189
-0.2452859795170242
-0.2547177730538998
-0.2495892423155684
-0.2591476473678807
-0.2538925051141127
-0.2635775216818615
-0.2581957679126570
-0.2680073959958424
-0.2624990307112013
-0.2724372703098233
-0.2668022935097456
-0.2768671446238041
-0.2711055563082899
-0.2812970189377850
-0.2754088191068341
-0.2857268932517659
-0.2797120819053784
-0.2901567675657467
-0.2840153447039227
-0.0689093389542497
-0.0688341271716721
-0.0730856625272346
-0.0728831934758881
-0.0772619861002194
-0.0769322597801041
-0.0814383096732042
-0.0809813260843201
-0.0856146332461891
-0.0850303923885361
-0.0897909568191739
-0.0890794586927521
-0.0939672803921587
-0.0931285249969681
-0.0981436039651436
-0.0971775913011841
-0.1023199275381284
-0.1012266576054001
-0.1064962511111132
-0.1052757239096161
-0.1106725746840981
-0.1093247902138321
-0.1148488982570829
-0.1133738565180481
-0.1190252218300677
-0.1174229228222641
-0.1232015454030526
-0.1214719891264801
-0.1273778689760374
-0.1255210554306961
-0.1315541925490222
-0.1295701217349121
-0.1357305161220071
-0.1336191880391281
-0.1399068396949919
-0.1376682543433441
-0.1440831632679767
-0.1417173206475602
-0.1482594868409615
-0.1457663869517762
-0.1524358104139464
-0.1498154532559922
-0.1566121339869312
-0.1538645195602082
-0.1607884575599161
-0.1579135858644242
-0.1649647811329009
-0.1619626521686402
-0.1691411047058857
-0.1660117184728562
-0.1733174282788705
-0.1700607847770722
-0.1774937518518554
-0.1741098510812882
-0.1816700754248402
-0.1781589173855042
-0.1858463989978251
-0.1822079836897202
-0.1900227225708099
-0.1862570499939362
-0.1941990461437947
-0.1903061162981522
-0.1983753697167795
-0.1943551826023682
-0.2025516932897644
-0.1984042489065842
-0.2067280168627492
-0.2024533152108002
-0.2109043404357340
-0.2065023815150162
-0.2150806640087189
-0.2105514478192322
-0.2192569875817037
-0.2146005141234482
-0.2234333111546886
-0.2186495804276642
-0.2276096347276734
-0.2226986467318803
-0.2317859583006582
-0.2267477130360963
-0.2359622818736430
-0.2307967793403123
-0.2401386054466279
-0.2348458456445283
-0.2443149290196127
-0.2388949119487443
-0.2484912525925975
-0.2429439782529603
-0.2526675761655824
-0.2469930445571763
-0.2568438997385672
-0.2510421108613923
-0.2610202233115521
-0.2550911771656083
-0.2651965468845369
-0.2591402434698243
-0.2693728704575217
-0.2631893097740403
-0.2735491940305065
-0.2672383760782563
-0.0647047612756302
-0.0644918192261439
-0.0686262619590017
-0.0682854556512112
-0.0725477626423732
-0.0720790920762785
-0.0764692633257447
-0.0758727285013458
-0.0803907640091163
-0.0796663649264130
-0.0843122646924878
-0.0834600013514803
-0.0882337653758593
-0.0872536377765476
-0.0921552660592309
-0.0910472742016149
-0.0960767667426024
-0.0948409106266822
-0.0999982674259739
-0.0986345470517495
-0.1039197681093454
-0.1024281834768168
-0.1078412687927170
-0.1062218199018841
-0.1117627694760885
-0.1100154563269514
-0.1156842701594600
-0.1138090927520186
-0.1196057708428315
-0.1176027291770859
-0.1235272715262031
-0.1213963656021532
-0.1274487722095746
-0.1251900020272205
-0.1313702728929461
-0.1289836384522878
-0.1352917735763176
-0.1327772748773551
-0.1392132742596892
-0.1365709113024224
-0.1431347749430607
-0.1403645477274896
-0.1470562756264322
-0.1441581841525569
-0.1509777763098037
-0.1479518205776242
-0.1548992769931753
-0.1517454570026915
-0.1588207776765468
-0.1555390934277588
-0.1627422783599183
-0.1593327298528261
-0.1666637790432898
-0.1631263662778934
-0.1705852797266614
-0.1669200027029607
-0.1745067804100329
-0.1707136391280280
-0.1784282810934044
-0.1745072755530953
-0.1823497817767759
-0.1783009119781625
-0.1862712824601475
-0.1820945484032298
-0.1901927831435190
-0.1858881848282971
-0.1941142838268905
-0.1896818212533644
-0.1980357845102620
-0.1934754576784317
-0.2019572851936336
-0.1972690941034990
-0.2058787858770051
-0.2010627305285663
-0.2098002865603766
-0.2048563669536335
-0.2137217872437482
-0.2086500033787008
-0.2176432879271197
-0.2124436398037681
-0.2215647886104912
-0.2162372762288354
-0.2254862892938627
-0.2200309126539027
-0.2294077899772342
-0.2238245490789700
-0.2333292906606058
-0.2276181855040373
-0.2372507913439773
-0.2314118219291046
-0.2411722920273488
-0.2352054583541719
-0.2450937927107203
-0.2389990947792391
-0.2490152933940919
-0.2427927312043064
-0.2529367940774634
-0.2465863676293737
-0.2568582947608349
-0.2503800040544410
-0.0604804738999170
-0.0601298664477332
-0.0641459571665786
-0.0636669174152469
-0.0678114404332402
-0.0672039683827606
-0.0714769236999019
-0.0707410193502743
-0.0751424069665635
-0.0742780703177880
-0.0788078902332251
-0.0778151212853017
-0.0824733734998868
-0.0813521722528154
-0.0861388567665484
-0.0848892232203292
-0.0898043400332100
-0.0884262741878429
-0.0934698232998717
-0.0919633251553566
-0.0971353065665333
-0.0955003761228703
-0.1008007898331949
-0.0990374270903840
-0.1044662730998566
-0.1025744780578977
-0.1081317563665182
-0.1061115290254115
-0.1117972396331799
-0.1096485799929252
-0.1154627228998415
-0.1131856309604389
-0.1191282061665031
-0.1167226819279526
-0.1227936894331648
-0.1202597328954663
-0.1264591726998264
-0.1237967838629800
-0.1301246559664880
-0.1273338348304937
-0.1337901392331496
-0.1308708857980075
-0.1374556224998113
-0.1344079367655212
-0.1411211057664729
-0.1379449877330349
-0.1447865890331346
-0.1414820387005486
-0.1484520722997962
-0.1450190896680623
-0.1521175555664578
-0.1485561406355760
-0.1557830388331194
-0.1520931916030898
-0.1594485220997811
-0.1556302425706035
-0.1631140053664427
-0.1591672935381172
-0.1667794886331044
-0.1627043445056309
-0.1704449718997660
-0.1662413954731446
-0.1741104551664276
-0.1697784464406583
-0.1777759384330893
-0.1733154974081720
-0.1814414216997509
-0.1768525483756858
-0.1851069049664125
-0.1803895993431995
-0.1887723882330742
-0.1839266503107132
-0.1924378714997358
-0.1874637012782269
-0.1961033547663975
-0.1910007522457406
-0.1997688380330591
-0.1945378032132543
-0.2034343212997207
-0.1980748541807681
-0.2070998045663824
-0.2016119051482818
-0.2107652878330440
-0.2051489561157955
-0.2144307710997056
-0.2086860070833092
-0.2180962543663672
-0.2122230580508229
-0.2217617376330289
-0.2157601090183366
-0.2254272208996905
-0.2192971599858503
-0.2290927041663522
-0.2228342109533641
-0.2327581874330138
-0.2263712619208778
-0.2364236706996754
-0.2299083128883915
-0.2400891539663371
-0.2334453638559052
-0.0562377635859663
-0.0557495975295113
-0.0596461128942067
-0.0590289856194826
-0.0630544622024471
-0.0623083737094539
-0.0664628115106875
-0.0655877617994251
-0.0698711608189279
-0.0688671498893964
-0.0732795101271683
-0.0721465379793676
-0.0766878594354087
-0.0754259260693389
-0.0800962087436490
-0.0787053141593101
-0.0835045580518894
-0.0819847022492814
-0.0869129073601298
-0.0852640903392526
-0.0903212566683702
-0.0885434784292239
-0.0937296059766106
-0.0918228665191952
-0.0971379552848509
-0.0951022546091664
-0.1005463045930913
-0.0983816426991377
-0.1039546539013317
-0.1016610307891089
-0.1073630032095721
-0.1049404188790802
-0.1107713525178125
-0.1082198069690514
-0.1141797018260529
-0.1114991950590227
-0.1175880511342932
-0.1147785831489939
-0.1209964004425336
-0.1180579712389652
-0.1244047497507740
-0.1213373593289365
-0.1278130990590144
-0.1246167474189077
-0.1312214483672548
-0.1278961355088790
-0.1346297976754952
-0.1311755235988502
-0.1380381469837355
-0.1344549116888215
-0.1414464962919759
-0.1377342997787927
-0.1448548456002163
-0.1410136878687640
-0.1482631949084567
-0.1442930759587353
-0.1516715442166971
-0.1475724640487065
-0.1550798935249375
-0.1508518521386778
-0.1584882428331779
-0.1541312402286490
-0.1618965921414182
-0.1574106283186203
-0.1653049414496586
-0.1606900164085915
-0.1687132907578990
-0.1639694044985628
-0.1721216400661394
-0.1672487925885340
-0.1755299893743798
-0.1705281806785053
-0.1789383386826202
-0.1738075687684766
-0.1823466879908605
-0.1770869568584478
-0.1857550372991009
-0.1803663449484191
-0.1891633866073413
-0.1836457330383903
-0.1925717359155817
-0.1869251211283616
-0.1959800852238221
-0.1902045092183328
-0.1993884345320625
-0.1934838973083041
-0.2027967838403028
-0.1967632853982753
-0.2062051331485432
-0.2000426734882466
-0.2096134824567836
-0.2033220615782179
-0.2130218317650240
-0.2066014496681891
-0.2164301810732644
-0.2098808377581604
-0.2198385303815048
-0.2131602258481316
-0.2232468796897452
-0.2164396139381029
-0.0519779227044400
-0.0513523467438236
-0.0551280998380424
-0.0543730730228720
-0.0582782769716448
-0.0573937993019205
-0.0614284541052472
-0.0604145255809689
-0.0645786312388497
-0.0634352518600173
-0.0677288083724521
-0.0664559781390658
-0.0708789855060545
-0.0694767044181142
-0.0740291626396569
-0.0724974306971627
-0.0771793397732593
-0.0755181569762111
-0.0803295169068618
-0.0785388832552596
-0.0834796940404642
-0.0815596095343080
-0.0866298711740666
-0.0845803358133565
-0.0897800483076690
-0.0876010620924049
-0.0929302254412715
-0.0906217883714533
-0.0960804025748739
-0.0936425146505018
-0.0992305797084763
-0.0966632409295502
-0.1023807568420787
-0.0996839672085987
-0.1055309339756811
-0.1027046934876471
-0.1086811111092836
-0.1057254197666956
-0.1118312882428860
-0.1087461460457440
-0.1149814653764884
-0.1117668723247924
-0.1181316425100908
-0.1147875986038409
-0.1212818196436933
-0.1178083248828894
-0.1244319967772957
-0.1208290511619378
-0.1275821739108981
-0.1238497774409862
-0.1307323510445005
-0.1268705037200347
-0.1338825281781029
-0.1298912299990831
-0.1370327053117054
-0.1329119562781316
-0.1401828824453078
-0.1359326825571800
-0.1433330595789102
-0.1389534088362285
-0.1464832367125126
-0.1419741351152769
-0.1496334138461151
-0.1449948613943254
-0.1527835909797175
-0.1480155876733738
-0.1559337681133199
-0.1510363139524222
-0.1590839452469223
-0.1540570402314707
-0.1622341223805247
-0.1570777665105191
-0.1653842995141272
-0.1600984927895676
-0.1685344766477296
-0.1631192190686160
-0.1716846537813320
-0.1661399453476645
-0.1748348309149344
-0.1691606716267129
-0.1779850080485369
-0.1721813979057614
-0.1811351851821393
-0.1752021241848098
-0.1842853623157417
-0.1782228504638582
-0.1874355394493441
-0.1812435767429067
-0.1905857165829466
-0.1842643030219552
-0.1937358937165490
-0.1872850293010036
-0.1968860708501514
-0.1903057555800520
-0.2000362479837538
-0.1933264818591005
-0.2031864251173562
-0.1963472081381489
-0.2063366022509587
-0.1993679344171974
-0.0477022488441362
-0.0469394535358560
-0.0505932942286293
-0.0497005978614946
-0.0534843396131224
-0.0524617421871332
-0.0563753849976155
-0.0552228865127718
-0.0592664303821086
-0.0579840308384104
-0.0621574757666017
-0.0607451751640490
-0.0650485211510948
-0.0635063194896876
-0.0679395665355879
-0.0662674638153262
-0.0708306119200810
-0.0690286081409648
-0.0737216573045741
-0.0717897524666034
-0.0766127026890672
-0.0745508967922419
-0.0795037480735603
-0.0773120411178805
-0.0823947934580534
-0.0800731854435191
-0.0852858388425465
-0.0828343297691577
-0.0881768842270396
-0.0855954740947963
-0.0910679296115327
-0.0883566184204349
-0.0939589749960258
-0.0911177627460735
-0.0968500203805189
-0.0938789070717121
-0.0997410657650120
-0.0966400513973507
-0.1026321111495051
-0.0994011957229892
-0.1055231565339982
-0.1021623400486278
-0.1084142019184913
-0.1049234843742664
-0.1113052473029844
-0.1076846286999050
-0.1141962926874775
-0.1104457730255436
-0.1170873380719706
-0.1132069173511822
-0.1199783834564637
-0.1159680616768208
-0.1228694288409568
-0.1187292060024594
-0.1257604742254499
-0.1214903503280980
-0.1286515196099430
-0.1242514946537366
-0.1315425649944361
-0.1270126389793752
-0.1344336103789292
-0.1297737833050138
-0.1373246557634223
-0.1325349276306523
-0.1402157011479154
-0.1352960719562909
-0.1431067465324085
-0.1380572162819295
-0.1459977919169016
-0.1408183606075681
-0.1488888373013947
-0.1435795049332067
-0.1517798826858878
-0.1463406492588453
-0.1546709280703809
-0.1491017935844839
-0.1575619734548740
-0.1518629379101225
-0.1604530188393671
-0.1546240822357611
-0.1633440642238602
-0.1573852265613997
-0.1662351096083533
-0.1601463708870383
-0.1691261549928464
-0.1629075152126768
-0.1720172003773395
-0.1656686595383154
-0.1749082457618326
-0.1684298038639540
-0.1777992911463257
-0.1711909481895926
-0.1806903365308188
-0.1739520925152312
-0.1835813819153119
-0.1767132368408698
-0.1864724272998050
-0.1794743811665084
-0.1893634726842981
-0.1822355254921470
-0.0434120444167326
-0.0425122621156290
-0.0460430774116861
-0.0450129834165484
-0.0486741104066396
-0.0475137047174677
-0.0513051434015931
-0.0500144260183871
-0.0539361763965466
-0.0525151473193064
-0.0565672093915000
-0.0550158686202258
-0.0591982423864535
-0.0575165899211451
-0.0618292753814070
-0.0600173112220645
-0.0644603083763605
-0.0625180325229838
-0.0670913413713140
-0.0650187538239032
-0.0697223743662675
-0.0675194751248226
-0.0723534073612210
-0.0700201964257419
-0.0749844403561745
-0.0725209177266613
-0.0776154733511280
-0.0750216390275806
-0.0802465063460815
-0.0775223603285000
-0.0828775393410350
-0.0800230816294193
-0.0855085723359885
-0.0825238029303387
-0.0881396053309419
-0.0850245242312580
-0.0907706383258954
-0.0875252455321774
-0.0934016713208489
-0.0900259668330967
-0.0960327043158024
-0.0925266881340161
-0.0986637373107559
-0.0950274094349354
-0.1012947703057094
-0.0975281307358548
-0.1039258033006629
-0.1000288520367742
-0.1065568362956164
-0.1025295733376935
-0.1091878692905699
-0.1050302946386129
-0.1118189022855234
-0.1075310159395322
-0.1144499352804769
-0.1100317372404516
-0.1170809682754304
-0.1125324585413709
-0.1197120012703838
-0.1150331798422903
-0.1223430342653373
-0.1175339011432096
-0.1249740672602908
-0.1200346224441290
-0.1276051002552443
-0.1225353437450483
-0.1302361332501978
-0.1250360650459677
-0.1328671662451513
-0.1275367863468870
-0.1354981992401048
-0.1300375076478064
-0.1381292322350582
-0.1325382289487258
-0.1407602652300118
-0.1350389502496451
-0.1433912982249652
-0.1375396715505645
-0.1460223312199187
-0.1400403928514838
-0.1486533642148722
-0.1425411141524032
-0.1512843972098257
-0.1450418354533225
-0.1539154302047792
-0.1475425567542419
-0.1565464631997327
-0.1500432780551612
-0.1591774961946862
-0.1525439993560806
-0.1618085291896397
-0.1550447206570000
-0.1644395621845932
-0.1575454419579193
-0.1670705951795467
-0.1600461632588386
-0.1697016281745002
-0.1625468845597580
-0.1723326611694536
-0.1650476058606773
-0.0391086162600578
-0.0380721210485360
-0.0414788354273340
-0.0403116575808029
-0.0438490545946102
-0.0425511941130697
-0.0462192737618865
-0.0447907306453365
-0.0485894929291627
-0.0470302671776033
-0.0509597120964389
-0.0492698037098702
-0.0533299312637152
-0.0515093402421370
-0.0557001504309914
-0.0537488767744038
-0.0580703695982676
-0.0559884133066706
-0.0604405887655438
-0.0582279498389375
-0.0628108079328201
-0.0604674863712043
-0.0651810271000963
-0.0627070229034711
-0.0675512462673725
-0.0649465594357380
-0.0699214654346487
-0.0671860959680048
-0.0722916846019250
-0.0694256325002716
-0.0746619037692012
-0.0716651690325384
-0.0770321229364774
-0.0739047055648053
-0.0794023421037537
-0.0761442420970721
-0.0817725612710299
-0.0783837786293389
-0.0841427804383061
-0.0806233151616057
-0.0865129996055824
-0.0828628516938726
-0.0888832187728586
-0.0851023882261394
-0.0912534379401348
-0.0873419247584062
-0.0936236571074111
-0.0895814612906730
-0.0959938762746873
-0.0918209978229399
-0.0983640954419635
-0.0940605343552067
-0.1007343146092397
-0.0963000708874735
-0.1031045337765160
-0.0985396074197404
-0.1054747529437922
-0.1007791439520072
-0.1078449721110684
-0.1030186804842740
-0.1102151912783447
-0.1052582170165408
-0.1125854104456209
-0.1074977535488077
-0.1149556296128971
-0.1097372900810745
-0.1173258487801733
-0.1119768266133413
-0.1196960679474496
-0.1142163631456081
-0.1220662871147258
-0.1164558996778750
-0.1244365062820020
-0.1186954362101418
-0.1268067254492783
-0.1209349727424086
-0.1291769446165545
-0.1231745092746754
-0.1315471637838307
-0.1254140458069423
-0.1339173829511069
-0.1276535823392091
-0.1362876021183832
-0.1298931188714759
-0.1386578212856594
-0.1321326554037427
-0.1410280404529356
-0.1343721919360095
-0.1433982596202119
-0.1366117284682764
-0.1457684787874881
-0.1388512650005432
-0.1481386979547643
-0.1410908015328100
-0.1505089171220406
-0.1433303380650769
-0.1528791362893168
-0.1455698745973437
-0.1552493554565930
-0.1478094111296105
-0.0347932752400165
-0.0336203828445588
-0.0369019585878963
-0.0355980524236505
-0.0390106419357760
-0.0375757220027422
-0.0411193252836558
-0.0395533915818338
-0.0432280086315356
-0.0415310611609255
-0.0453366919794154
-0.0435087307400172
-0.0474453753272952
-0.0454864003191089
-0.0495540586751750
-0.0474640698982006
-0.0516627420230548
-0.0494417394772923
-0.0537714253709345
-0.0514194090563840
-0.0558801087188143
-0.0533970786354757
-0.0579887920666941
-0.0553747482145674
-0.0600974754145739
-0.0573524177936591
-0.0622061587624537
-0.0593300873727508
-0.0643148421103335
-0.0613077569518425
-0.0664235254582133
-0.0632854265309341
-0.0685322088060931
-0.0652630961100258
-0.0706408921539728
-0.0672407656891175
-0.0727495755018526
-0.0692184352682092
-0.0748582588497324
-0.0711961048473009
-0.0769669421976122
-0.0731737744263926
-0.0790756255454920
-0.0751514440054843
-0.0811843088933718
-0.0771291135845760
-0.0832929922412516
-0.0791067831636677
-0.0854016755891313
-0.0810844527427594
-0.0875103589370111
-0.0830621223218511
-0.0896190422848909
-0.0850397919009428
-0.0917277256327707
-0.0870174614800345
-0.0938364089806505
-0.0889951310591262
-0.0959450923285303
-0.0909728006382178
-0.0980537756764101
-0.0929504702173095
-0.1001624590242898
-0.0949281397964012
-0.1022711423721696
-0.0969058093754929
-0.1043798257200494
-0.0988834789545846
-0.1064885090679292
-0.1008611485336763
-0.1085971924158090
-0.1028388181127680
-0.1107058757636888
-0.1048164876918597
-0.1128145591115686
-0.1067941572709514
-0.1149232424594483
-0.1087718268500431
-0.1170319258073281
-0.1107494964291348
-0.1191406091552079
-0.1127271660082265
-0.1212492925030877
-0.1147048355873181
-0.1233579758509675
-0.1166825051664098
-0.1254666591988473
-0.1186601747455015
-0.1275753425467271
-0.1206378443245932
-0.1296840258946068
-0.1226155139036849
-0.1317927092424866
-0.1245931834827766
-0.1339013925903664
-0.1265708530618683
-0.1360100759382462
-0.1285485226409600
-0.1381187592861260
-0.1305261922200517
-0.0304673358512868
-0.0291584035462788
-0.0323138410543951
-0.0308736037548835
-0.0341603462575034
-0.0325888039634881
-0.0360068514606117
-0.0343040041720928
-0.0378533566637200
-0.0360192043806974
-0.0396998618668283
-0.0377344045893020
-0.0415463670699366
-0.0394496047979067
-0.0433928722730448
-0.0411648050065113
-0.0452393774761531
-0.0428800052151160
-0.0470858826792614
-0.0445952054237206
-0.0489323878823697
-0.0463104056323252
-0.0507788930854780
-0.0480256058409299
-0.0526253982885863
-0.0497408060495345
-0.0544719034916946
-0.0514560062581392
-0.0563184086948029
-0.0531712064667438
-0.0581649138979112
-0.0548864066753484
-0.0600114191010195
-0.0566016068839531
-0.0618579243041278
-0.0583168070925577
-0.0637044295072361
-0.0600320073011623
-0.0655509347103443
-0.0617472075097670
-0.0673974399134526
-0.0634624077183716
-0.0692439451165609
-0.0651776079269762
-0.0710904503196692
-0.0668928081355809
-0.0729369555227775
-0.0686080083441855
-0.0747834607258858
-0.0703232085527902
-0.0766299659289941
-0.0720384087613948
-0.0784764711321024
-0.0737536089699995
-0.0803229763352107
-0.0754688091786041
-0.0821694815383190
-0.0771840093872087
-0.0840159867414273
-0.0788992095958134
-0.0858624919445355
-0.0806144098044180
-0.0877089971476438
-0.0823296100130226
-0.0895555023507521
-0.0840448102216273
-0.0914020075538604
-0.0857600104302319
-0.0932485127569687
-0.0874752106388366
-0.0950950179600770
-0.0891904108474412
-0.0969415231631853
-0.0909056110560458
-0.0987880283662936
-0.0926208112646505
-0.1006345335694019
-0.0943360114732551
-0.1024810387725102
-0.0960512116818597
-0.1043275439756185
-0.0977664118904644
-0.1061740491787267
-0.0994816120990690
-0.1080205543818350
-0.1011968123076737
-0.1098670595849433
-0.1029120125162783
-0.1117135647880516
-0.1046272127248829
-0.1135600699911599
-0.1063424129334876
-0.1154065751942682
-0.1080576131420922
-0.1172530803973765
-0.1097728133506969
-0.1190995856004848
-0.1114880135593015
-0.1209460908035931
-0.1132032137679061
-0.0261321158169134
-0.0246875423158152
-0.0277158804118778
-0.0261397506873337
-0.0292996450068422
-0.0275919590588522
-0.0308834096018067
-0.0290441674303708
-0.0324671741967711
-0.0304963758018893
-0.0340509387917356
-0.0319485841734079
-0.0356347033867000
-0.0334007925449264
-0.0372184679816645
-0.0348530009164449
-0.0388022325766289
-0.0363052092879635
-0.0403859971715934
-0.0377574176594820
-0.0419697617665578
-0.0392096260310006
-0.0435535263615223
-0.0406618344025191
-0.0451372909564867
-0.0421140427740376
-0.0467210555514511
-0.0435662511455562
-0.0483048201464156
-0.0450184595170747
-0.0498885847413800
-0.0464706678885933
-0.0514723493363445
-0.0479228762601118
-0.0530561139313089
-0.0493750846316303
-0.0546398785262734
-0.0508272930031489
-0.0562236431212378
-0.0522795013746674
-0.0578074077162023
-0.0537317097461859
-0.0593911723111667
-0.0551839181177045
-0.0609749369061312
-0.0566361264892230
-0.0625587015010956
-0.0580883348607416
-0.0641424660960601
-0.0595405432322601
-0.0657262306910245
-0.0609927516037786
-0.0673099952859889
-0.0624449599752972
-0.0688937598809534
-0.0638971683468157
-0.0704775244759178
-0.0653493767183343
-0.0720612890708823
-0.0668015850898528
-0.0736450536658467
-0.0682537934613714
-0.0752288182608112
-0.0697060018328899
-0.0768125828557756
-0.0711582102044084
-0.0783963474507401
-0.0726104185759270
-0.0799801120457045
-0.0740626269474455
-0.0815638766406690
-0.0755148353189640
-0.0831476412356334
-0.0769670436904826
-0.0847314058305979
-0.0784192520620011
-0.0863151704255623
-0.0798714604335197
-0.0878989350205267
-0.0813236688050382
-0.0894826996154912
-0.0827758771765567
-0.0910664642104556
-0.0842280855480753
-0.0926502288054201
-0.0856802939195938
-0.0942339934003845
-0.0871325022911124
-0.0958177579953490
-0.0885847106626309
-0.0974015225903134
-0.0900369190341494
-0.0989852871852779
-0.0914891274056680
-0.1005690517802423
-0.0929413357771865
-0.1021528163752067
-0.0943935441487051
-0.1037365809701712
-0.0958457525202236
-0.0217889356869146
-0.0202091610208085
-0.0231094772436973
-0.0213979351985031
-0.0244300188004800
-0.0225867093761977
-0.0257505603572627
-0.0237754835538923
-0.0270711019140454
-0.0249642577315870
-0.0283916434708281
-0.0261530319092816
-0.0297121850276108
-0.0273418060869762
-0.0310327265843935
-0.0285305802646708
-0.0323532681411762
-0.0297193544423654
-0.0336738096979589
-0.0309081286200601
-0.0349943512547416
-0.0320969027977547
-0.0363148928115243
-0.0332856769754493
-0.0376354343683070
-0.0344744511531439
-0.0389559759250897
-0.0356632253308385
-0.0402765174818724
-0.0368519995085331
-0.0415970590386551
-0.0380407736862278
-0.0429176005954378
-0.0392295478639224
-0.0442381421522205
-0.0404183220416170
-0.0455586837090032
-0.0416070962193116
-0.0468792252657859
-0.0427958703970062
-0.0481997668225686
-0.0439846445747008
-0.0495203083793513
-0.0451734187523955
-0.0508408499361340
-0.0463621929300901
-0.0521613914929167
-0.0475509671077847
-0.0534819330496994
-0.0487397412854793
-0.0548024746064821
-0.0499285154631739
-0.0561230161632648
-0.0511172896408686
-0.0574435577200475
-0.0523060638185632
-0.0587640992768302
-0.0534948379962578
-0.0600846408336129
-0.0546836121739524
-0.0614051823903956
-0.0558723863516470
-0.0627257239471783
-0.0570611605293416
-0.0640462655039610
-0.0582499347070363
-0.0653668070607437
-0.0594387088847309
-0.0666873486175264
-0.0606274830624255
-0.0680078901743091
-0.0618162572401201
-0.0693284317310918
-0.0630050314178147
-0.0706489732878745
-0.0641938055955093
-0.0719695148446572
-0.0653825797732040
-0.0732900564014400
-0.0665713539508986
-0.0746105979582227
-0.0677601281285932
-0.0759311395150054
-0.0689489023062878
-0.0772516810717881
-0.0701376764839824
-0.0785722226285707
-0.0713264506616770
-0.0798927641853535
-0.0725152248393717
-0.0812133057421362
-0.0737039990170663
-0.0825338472989189
-0.0748927731947609
-0.0838543888557016
-0.0760815473724555
-0.0851749304124843
-0.0772703215501501
-0.0864954719692670
-0.0784590957278447
-0.0174391184360314
-0.0157246238195843
-0.0184960347048818
-0.0166496016913246
-0.0195529509737322
-0.0175745795630649
-0.0206098672425826
-0.0184995574348051
-0.0216667835114330
-0.0194245353065454
-0.0227236997802834
-0.0203495131782856
-0.0237806160491337
-0.0212744910500259
-0.0248375323179841
-0.0221994689217661
-0.0258944485868345
-0.0231244467935064
-0.0269513648556849
-0.0240494246652466
-0.0280082811245353
-0.0249744025369869
-0.0290651973933857
-0.0258993804087272
-0.0301221136622361
-0.0268243582804674
-0.0311790299310865
-0.0277493361522077
-0.0322359461999368
-0.0286743140239479
-0.0332928624687872
-0.0295992918956882
-0.0343497787376376
-0.0305242697674284
-0.0354066950064880
-0.0314492476391687
-0.0364636112753384
-0.0323742255109089
-0.0375205275441888
-0.0332992033826492
-0.0385774438130392
-0.0342241812543895
-0.0396343600818896
-0.0351491591261297
-0.0406912763507400
-0.0360741369978700
-0.0417481926195903
-0.0369991148696102
-0.0428051088884407
-0.0379240927413505
-0.0438620251572911
-0.0388490706130907
-0.0449189414261415
-0.0397740484848310
-0.0459758576949919
-0.0406990263565713
-0.0470327739638423
-0.0416240042283115
-0.0480896902326927
-0.0425489821000518
-0.0491466065015431
-0.0434739599717920
-0.0502035227703935
-0.0443989378435323
-0.0512604390392438
-0.0453239157152725
-0.0523173553080942
-0.0462488935870128
-0.0533742715769446
-0.0471738714587530
-0.0544311878457950
-0.0480988493304933
-0.0554881041146454
-0.0490238272022335
-0.0565450203834958
-0.0499488050739738
-0.0576019366523462
-0.0508737829457141
-0.0586588529211966
-0.0517987608174543
-0.0597157691900469
-0.0527237386891946
-0.0607726854588973
-0.0536487165609348
-0.0618296017277477
-0.0545736944326751
-0.0628865179965981
-0.0554986723044153
-0.0639434342654485
-0.0564236501761556
-0.0650003505342989
-0.0573486280478958
-0.0660572668031493
-0.0582736059196361
-0.0671141830719997
-0.0591985837913764
-0.0681710993408501
-0.0601235616631166
-0.0692280156097004
-0.0610485395348569
-0.0130839890607361
-0.0112352967456169
-0.0138769580947201
-0.0118961965541826
-0.0146699271287041
-0.0125570963627483
-0.0154628961626881
-0.0132179961713140
-0.0162558651966721
-0.0138788959798797
-0.0170488342306561
-0.0145397957884454
-0.0178418032646401
-0.0152006955970111
-0.0186347722986241
-0.0158615954055768
-0.0194277413326081
-0.0165224952141425
-0.0202207103665921
-0.0171833950227082
-0.0210136794005761
-0.0178442948312739
-0.0218066484345602
-0.0185051946398396
-0.0225996174685442
-0.0191660944484053
-0.0233925865025282
-0.0198269942569710
-0.0241855555365122
-0.0204878940655367
-0.0249785245704962
-0.0211487938741024
-0.0257714936044802
-0.0218096936826681
-0.0265644626384642
-0.0224705934912338
-0.0273574316724482
-0.0231314932997995
-0.0281504007064322
-0.0237923931083652
-0.0289433697404162
-0.0244532929169309
-0.0297363387744002
-0.0251141927254966
-0.0305293078083842
-0.0257750925340623
-0.0313222768423682
-0.0264359923426280
-0.0321152458763522
-0.0270968921511937
-0.0329082149103362
-0.0277577919597594
-0.0337011839443202
-0.0284186917683251
-0.0344941529783043
-0.0290795915768908
-0.0352871220122883
-0.0297404913854565
-0.0360800910462723
-0.0304013911940222
-0.0368730600802563
-0.0310622910025879
-0.0376660291142403
-0.0317231908111536
-0.0384589981482243
-0.0323840906197193
-0.0392519671822083
-0.0330449904282850
-0.0400449362161923
-0.0337058902368507
-0.0408379052501763
-0.0343667900454164
-0.0416308742841603
-0.0350276898539821
-0.0424238433181443
-0.0356885896625478
-0.0432168123521283
-0.0363494894711135
-0.0440097813861123
-0.0370103892796792
-0.0448027504200963
-0.0376712890882449
-0.0455957194540803
-0.0383321888968106
-0.0463886884880643
-0.0389930887053763
-0.0471816575220483
-0.0396539885139420
-0.0479746265560323
-0.0403148883225077
-0.0487675955900163
-0.0409757881310734
-0.0495605646240004
-0.0416366879396391
-0.0503535336579844
-0.0422975877482048
-0.0511465026919684
-0.0429584875567705
-0.0519394717259524
-0.0436193873653362
-0.0087248741756252
-0.0067425472914217
-0.0092536544286934
-0.0071391677203289
-0.0097824346817616
-0.0075357881492361
-0.0103112149348298
-0.0079324085781432
-0.0108399951878980
-0.0083290290070504
-0.0113687754409662
-0.0087256494359576
-0.0118975556940344
-0.0091222698648647
-0.0124263359471026
-0.0095188902937719
-0.0129551162001708
-0.0099155107226790
-0.0134838964532390
-0.0103121311515862
-0.0140126767063071
-0.0107087515804934
-0.0145414569593753
-0.0111053720094005
-0.0150702372124435
-0.0115019924383077
-0.0155990174655117
-0.0118986128672148
-0.0161277977185799
-0.0122952332961220
-0.0166565779716481
-0.0126918537250292
-0.0171853582247163
-0.0130884741539363
-0.0177141384777845
-0.0134850945828435
-0.0182429187308527
-0.0138817150117507
-0.0187716989839209
-0.0142783354406578
-0.0193004792369891
-0.0146749558695650
-0.0198292594900573
-0.0150715762984721
-0.0203580397431255
-0.0154681967273793
-0.0208868199961937
-0.0158648171562865
-0.0214156002492619
-0.0162614375851936
-0.0219443805023301
-0.0166580580141008
-0.0224731607553983
-0.0170546784430079
-0.0230019410084665
-0.0174512988719151
-0.0235307212615346
-0.0178479193008223
-0.0240595015146028
-0.0182445397297294
-0.0245882817676710
-0.0186411601586366
-0.0251170620207392
-0.0190377805875438
-0.0256458422738074
-0.0194344010164509
-0.0261746225268756
-0.0198310214453581
-0.0267034027799438
-0.0202276418742652
-0.0272321830330120
-0.0206242623031724
-0.0277609632860802
-0.0210208827320796
-0.0282897435391484
-0.0214175031609867
-0.0288185237922166
-0.0218141235898939
-0.0293473040452848
-0.0222107440188010
-0.0298760842983530
-0.0226073644477082
-0.0304048645514212
-0.0230039848766154
-0.0309336448044894
-0.0234006053055225
-0.0314624250575576
-0.0237972257344297
-0.0319912053106258
-0.0241938461633369
-0.0325199855636940
-0.0245904665922440
-0.0330487658167621
-0.0249870870211512
-0.0335775460698303
-0.0253837074500583
-0.0341063263228985
-0.0257803278789655
-0.0346351065759667
-0.0261769483078727
-0.0043631016093209
-0.0022477439920053
-0.0046275320098858
-0.0023799642268292
-0.0048919624104507
-0.0025121844616530
-0.0051563928110156
-0.0026444046964769
-0.0054208232115805
-0.0027766249313007
-0.0056852536121454
-0.0029088451661245
-0.0059496840127103
-0.0030410654009484
-0.0062141144132752
-0.0031732856357722
-0.0064785448138401
-0.0033055058705961
-0.0067429752144050
-0.0034377261054199
-0.0070074056149699
-0.0035699463402438
-0.0072718360155348
-0.0037021665750676
-0.0075362664160997
-0.0038343868098914
-0.0078006968166646
-0.0039666070447153
-0.0080651272172295
-0.0040988272795391
-0.0083295576177944
-0.0042310475143630
-0.0085939880183593
-0.0043632677491868
-0.0088584184189242
-0.0044954879840107
-0.0091228488194891
-0.0046277082188345
-0.0093872792200540
-0.0047599284536583
-0.0096517096206189
-0.0048921486884822
-0.0099161400211838
-0.0050243689233060
-0.0101805704217487
-0.0051565891581299
-0.0104450008223136
-0.0052888093929537
-0.0107094312228785
-0.0054210296277776
-0.0109738616234435
-0.0055532498626014
-0.0112382920240084
-0.0056854700974252
-0.0115027224245733
-0.0058176903322491
-0.0117671528251382
-0.0059499105670729
-0.0120315832257031
-0.0060821308018968
-0.0122960136262680
-0.0062143510367206
-0.0125604440268329
-0.0063465712715445
-0.0128248744273978
-0.0064787915063683
-0.0130893048279627
-0.0066110117411921
-0.0133537352285276
-0.0067432319760160
-0.0136181656290925
-0.0068754522108398
-0.0138825960296574
-0.0070076724456637
-0.0141470264302223
-0.0071398926804875
-0.0144114568307872
-0.0072721129153114
-0.0146758872313521
-0.0074043331501352
-0.0149403176319170
-0.0075365533849590
-0.0152047480324819
-0.0076687736197829
-0.0154691784330468
-0.0078009938546067
-0.0157336088336117
-0.0079332140894306
-0.0159980392341766
-0.0080654343242544
-0.0162624696347415
-0.0081976545590783
-0.0165269000353064
-0.0083298747939021
-0.0167913304358713
-0.0084620950287259
-0.0170557608364362
-0.0085943152635498
-0.0173201912370011
-0.0087265354983736
